seg000:0000 ;
seg000:0000 ; +-------------------------------------------------------------------------+
seg000:0000 ; |      This file was generated by Ada Script (IDA-style)      |
seg000:0000 ; +-------------------------------------------------------------------------+
seg000:0000 ;
seg000:0000 ; Input MD5    : 30B4CE26B67D542530E447069DB3B6F0
seg000:0000 ; Input CRC32  : 1A7FAEAA
seg000:0000
seg000:0000
seg000:0000                 .286
seg000:0000                 .model large
seg000:0000
seg000:0000                 include ASOUND.inc
seg000:0000
seg000:0000 ; ===========================================================================
seg000:0000
seg000:0000 ; Segment type: Pure data
seg000:0000 seg000          segment byte public 'DATA' use16
seg000:0000 start           db 20h                  ; DATA XREF: routine_12+A↓w
seg000:0000                                         ; routine_12+16↓w ...
seg000:0001 byte_10001      db 53h                  ; DATA XREF: routine_12+C↓w
seg000:0001                                         ; routine_12+18↓w ...
seg000:0002 word_10002      db 54h                  ; DATA XREF: routine_12+F↓w
seg000:0002                                         ; routine_12+1B↓w ...
seg000:0003 byte_10003      db 45h                  ; DATA XREF: routine_46+29↓r
seg000:0003                                         ; rttosnpopde+1FD↓w ...
seg000:0004 word_10004      db 41h                  ; DATA XREF: routine_31+71↓r
seg000:0004                                         ; routine_31+D7↓r ...
seg000:0005 byte_10005      db 4Ch                  ; DATA XREF: routine_47+57↓r
seg000:0005                                         ; rttosnpopde+162↓w ...
seg000:0006 word_10006      db 54h                  ; DATA XREF: routine_25+28↓w
seg000:0006                                         ; routine_31+88↓r ...
seg000:0007 byte_10007      db 48h                  ; DATA XREF: routine_43+26↓r
seg000:0007                                         ; rttosnpopde+14↓r ...
seg000:0008 byte_10008      db 2Eh                  ; DATA XREF: routine_48+14↓r
seg000:0008                                         ; rttosnpopde+1A6↓w ...
seg000:0009 byte_10009      db 45h                  ; DATA XREF: routine_25+E↓w
seg000:0009                                         ; routine_47+6D↓r ...
seg000:000A word_1000A      db 58h                  ; DATA XREF: routine_25+16↓w
seg000:000A                                         ; routine_44+14↓r ...
seg000:000B byte_1000B      db 45h                  ; DATA XREF: routine_47+14↓r
seg000:000C word_1000C      db 31h                  ; DATA XREF: routine_25+19↓w
seg000:000C                                         ; routine_47+2B↓r ...
seg000:000D byte_1000D      db 31h                  ; DATA XREF: routine_44+23↓r
seg000:000E word_1000E      db 2Dh                  ; DATA XREF: routine_25+1E↓w
seg000:000E                                         ; routine_34+55↓r ...
seg000:000F             db 31h
seg000:0010 word_10010      db 36h                  ; DATA XREF: routine_25+23↓w
seg000:0010                                         ; routine_34+74↓r ...
seg000:0011             db 2Dh
seg000:0012 word_10012      db 39h                  ; DATA XREF: routine_25+2C↓w
seg000:0012                                         ; routine_34+95↓r ...
seg000:0013             db 30h
seg000:0014 word_10014      db 0                    ; DATA XREF: routine_34+B6↓r
seg000:0015             db 0
seg000:0016             db 0
seg000:0017             db 0
seg000:0018             dw seg seg001
seg000:001A             dw seg seg000
seg000:001C             dw 64h
seg000:001E             dw 2558h
seg000:0020             dw offset start
seg000:0022             dw 9
seg000:0024             dw 589h
seg000:0026             dw 598h
seg000:0028             dw 5A3h
seg000:002A             dw 5BCh
seg000:002C             dw 624h
seg000:002E             dw 631h
seg000:0030             dw 609h
seg000:0032             dw 5D6h
seg000:0034             dw 5FCh
seg000:0036             db  53h ; S
seg000:0037             db  53h ; S
seg000:0038             db  53h ; S
seg000:0039             db  53h ; S
seg000:003A             db  53h ; S
seg000:003B             db  53h ; S
seg000:003C             db  53h ; S
seg000:003D             db  53h ; S
seg000:003E             db  53h ; S
seg000:003F             db  53h ; S
seg000:0040             db  53h ; S
seg000:0041             db  53h ; S
seg000:0042             db  53h ; S
seg000:0043             db  53h ; S
seg000:0044             db  53h ; S
seg000:0045             db  53h ; S
seg000:0046             db  53h ; S
seg000:0047             db  53h ; S
seg000:0048             db  53h ; S
seg000:0049             db  53h ; S
seg000:004A             db  53h ; S
seg000:004B             db  53h ; S
seg000:004C             db  53h ; S
seg000:004D             db  53h ; S
seg000:004E             db  53h ; S
seg000:004F             db  53h ; S
seg000:0050             db  53h ; S
seg000:0051             db  53h ; S
seg000:0052             db  53h ; S
seg000:0053             db  53h ; S
seg000:0054             db  53h ; S
seg000:0055             db  53h ; S
seg000:0056             db  53h ; S
seg000:0057             db  53h ; S
seg000:0058             db  53h ; S
seg000:0059             db  53h ; S
seg000:005A             db  53h ; S
seg000:005B             db  53h ; S
seg000:005C             db  53h ; S
seg000:005D             db  53h ; S
seg000:005E             db  53h ; S
seg000:005F             db  53h ; S
seg000:0060             db  53h ; S
seg000:0061             db  53h ; S
seg000:0062             db  53h ; S
seg000:0063             db  53h ; S
seg000:0064             db  53h ; S
seg000:0065             db  53h ; S
seg000:0066             db  53h ; S
seg000:0067             db  53h ; S
seg000:0068             db  53h ; S
seg000:0069             db  53h ; S
seg000:006A             db  53h ; S
seg000:006B             db  53h ; S
seg000:006C             db  53h ; S
seg000:006D             db  53h ; S
seg000:006E             db  53h ; S
seg000:006F             db  53h ; S
seg000:0070             db  53h ; S
seg000:0071             db  53h ; S
seg000:0072             db  53h ; S
seg000:0073             db  53h ; S
seg000:0074             db  53h ; S
seg000:0075             db  53h ; S
seg000:0076             db  53h ; S
seg000:0077             db  53h ; S
seg000:0078             db  53h ; S
seg000:0079             db  53h ; S
seg000:007A             db  53h ; S
seg000:007B             db  53h ; S
seg000:007C             db  53h ; S
seg000:007D             db  53h ; S
seg000:007E             db  53h ; S
seg000:007F             db  53h ; S
seg000:0080             db  53h ; S
seg000:0081             db  53h ; S
seg000:0082             db  53h ; S
seg000:0083             db  53h ; S
seg000:0084             db  53h ; S
seg000:0085             db  53h ; S
seg000:0086             db  53h ; S
seg000:0087             db  53h ; S
seg000:0088             db  53h ; S
seg000:0089             db  53h ; S
seg000:008A             db  53h ; S
seg000:008B             db  53h ; S
seg000:008C             db  53h ; S
seg000:008D             db  53h ; S
seg000:008E             db  53h ; S
seg000:008F             db  53h ; S
seg000:0090             db  53h ; S
seg000:0091             db  53h ; S
seg000:0092             db  53h ; S
seg000:0093             db  53h ; S
seg000:0094             db  53h ; S
seg000:0095             db  53h ; S
seg000:0096             db  53h ; S
seg000:0097             db  53h ; S
seg000:0098             db  53h ; S
seg000:0099             db  53h ; S
seg000:009A             db  53h ; S
seg000:009B             db  53h ; S
seg000:009C             db  53h ; S
seg000:009D             db  53h ; S
seg000:009E             db  53h ; S
seg000:009F             db  53h ; S
seg000:00A0             db  53h ; S
seg000:00A1             db  53h ; S
seg000:00A2             db  53h ; S
seg000:00A3             db  53h ; S
seg000:00A4             db  53h ; S
seg000:00A5             db  53h ; S
seg000:00A6             db  53h ; S
seg000:00A7             db  53h ; S
seg000:00A8             db  53h ; S
seg000:00A9             db  53h ; S
seg000:00AA             db  53h ; S
seg000:00AB             db  53h ; S
seg000:00AC             db  53h ; S
seg000:00AD             db  53h ; S
seg000:00AE             db  53h ; S
seg000:00AF             db  53h ; S
seg000:00B0             db  53h ; S
seg000:00B1             db  53h ; S
seg000:00B2             db  53h ; S
seg000:00B3             db  53h ; S
seg000:00B4             db  53h ; S
seg000:00B5             db  53h ; S
seg000:00B6             db  53h ; S
seg000:00B7             db  53h ; S
seg000:00B8             db  53h ; S
seg000:00B9             db  53h ; S
seg000:00BA             db  53h ; S
seg000:00BB             db  53h ; S
seg000:00BC             db  53h ; S
seg000:00BD             db  53h ; S
seg000:00BE             db  53h ; S
seg000:00BF             db  53h ; S
seg000:00C0             db  53h ; S
seg000:00C1             db  53h ; S
seg000:00C2             db  53h ; S
seg000:00C3             db  53h ; S
seg000:00C4             db  53h ; S
seg000:00C5             db  53h ; S
seg000:00C6             db  53h ; S
seg000:00C7             db  53h ; S
seg000:00C8             db  53h ; S
seg000:00C9             db  53h ; S
seg000:00CA             db  53h ; S
seg000:00CB             db  53h ; S
seg000:00CC             db  53h ; S
seg000:00CD             db  53h ; S
seg000:00CE             db  53h ; S
seg000:00CF             db  53h ; S
seg000:00D0             db  53h ; S
seg000:00D1             db  53h ; S
seg000:00D2             db  53h ; S
seg000:00D3             db  53h ; S
seg000:00D4             db  53h ; S
seg000:00D5             db  53h ; S
seg000:00D6             db  53h ; S
seg000:00D7             db  53h ; S
seg000:00D8             db  53h ; S
seg000:00D9             db  53h ; S
seg000:00DA             db  53h ; S
seg000:00DB             db  53h ; S
seg000:00DC             db  53h ; S
seg000:00DD             db  53h ; S
seg000:00DE             db  53h ; S
seg000:00DF             db  53h ; S
seg000:00E0             db  53h ; S
seg000:00E1             db  53h ; S
seg000:00E2             db  53h ; S
seg000:00E3             db  53h ; S
seg000:00E4             db  53h ; S
seg000:00E5             db  53h ; S
seg000:00E6             db  53h ; S
seg000:00E7             db  53h ; S
seg000:00E8             db  53h ; S
seg000:00E9             db  53h ; S
seg000:00EA             db  53h ; S
seg000:00EB             db  53h ; S
seg000:00EC             db  53h ; S
seg000:00ED             db  53h ; S
seg000:00EE             db  53h ; S
seg000:00EF             db  53h ; S
seg000:00F0             db  53h ; S
seg000:00F1             db  53h ; S
seg000:00F2             db  53h ; S
seg000:00F3             db  53h ; S
seg000:00F4             db  53h ; S
seg000:00F5             db  53h ; S
seg000:00F6             db  53h ; S
seg000:00F7             db  53h ; S
seg000:00F8             db  53h ; S
seg000:00F9             db  53h ; S
seg000:00FA             db  53h ; S
seg000:00FB             db  53h ; S
seg000:00FC             db  53h ; S
seg000:00FD             db  53h ; S
seg000:00FE             db  53h ; S
seg000:00FF             db  53h ; S
seg000:0100             db  53h ; S
seg000:0101             db  53h ; S
seg000:0102             db  53h ; S
seg000:0103             db  53h ; S
seg000:0104             db  53h ; S
seg000:0105             db  53h ; S
seg000:0106             db  53h ; S
seg000:0107             db  53h ; S
seg000:0108             db  53h ; S
seg000:0109             db  53h ; S
seg000:010A             db  53h ; S
seg000:010B             db  53h ; S
seg000:010C             db  53h ; S
seg000:010D             db  53h ; S
seg000:010E             db  53h ; S
seg000:010F             db  53h ; S
seg000:0110             db  53h ; S
seg000:0111             db  53h ; S
seg000:0112             db  53h ; S
seg000:0113             db  53h ; S
seg000:0114             db  53h ; S
seg000:0115             db  53h ; S
seg000:0116             db  53h ; S
seg000:0117             db  53h ; S
seg000:0118             db  53h ; S
seg000:0119             db  53h ; S
seg000:011A             db  53h ; S
seg000:011B             db  53h ; S
seg000:011C             db  53h ; S
seg000:011D             db  53h ; S
seg000:011E             db  53h ; S
seg000:011F             db  53h ; S
seg000:0120             db  53h ; S
seg000:0121             db  53h ; S
seg000:0122             db  53h ; S
seg000:0123             db  53h ; S
seg000:0124             db  53h ; S
seg000:0125             db  53h ; S
seg000:0126             db  53h ; S
seg000:0127             db  53h ; S
seg000:0128             db  53h ; S
seg000:0129             db  53h ; S
seg000:012A             db  53h ; S
seg000:012B             db  53h ; S
seg000:012C             db  53h ; S
seg000:012D             db  53h ; S
seg000:012E             db  53h ; S
seg000:012F             db  53h ; S
seg000:0130             db  53h ; S
seg000:0131             db  53h ; S
seg000:0132             db  53h ; S
seg000:0133             db  53h ; S
seg000:0134             db  53h ; S
seg000:0135             db  53h ; S
seg000:0136             db  53h ; S
seg000:0137             db  53h ; S
seg000:0138             db  53h ; S
seg000:0139             db  53h ; S
seg000:013A             db  53h ; S
seg000:013B             db  53h ; S
seg000:013C             db  53h ; S
seg000:013D             db  53h ; S
seg000:013E             db  53h ; S
seg000:013F             db  53h ; S
seg000:0140             db  53h ; S
seg000:0141             db  53h ; S
seg000:0142             db  53h ; S
seg000:0143             db  53h ; S
seg000:0144             db  53h ; S
seg000:0145             db  53h ; S
seg000:0146             db  53h ; S
seg000:0147             db  53h ; S
seg000:0148             db  53h ; S
seg000:0149             db  53h ; S
seg000:014A             db  53h ; S
seg000:014B             db  53h ; S
seg000:014C             db  53h ; S
seg000:014D             db  53h ; S
seg000:014E             db  53h ; S
seg000:014F             db  53h ; S
seg000:0150             db  53h ; S
seg000:0151             db  53h ; S
seg000:0152             db  53h ; S
seg000:0153             db  53h ; S
seg000:0154             db  53h ; S
seg000:0155             db  53h ; S
seg000:0156             db  53h ; S
seg000:0157             db  53h ; S
seg000:0158             db  53h ; S
seg000:0159             db  53h ; S
seg000:015A             db  53h ; S
seg000:015B             db  53h ; S
seg000:015C             db  53h ; S
seg000:015D             db  53h ; S
seg000:015E             db  53h ; S
seg000:015F             db  53h ; S
seg000:0160             db  53h ; S
seg000:0161             db  53h ; S
seg000:0162             db  53h ; S
seg000:0163             db  53h ; S
seg000:0164             db  53h ; S
seg000:0165             db  53h ; S
seg000:0166             db  53h ; S
seg000:0167             db  53h ; S
seg000:0168             db  53h ; S
seg000:0169             db  53h ; S
seg000:016A             db  53h ; S
seg000:016B             db  53h ; S
seg000:016C             db  53h ; S
seg000:016D             db  53h ; S
seg000:016E             db  53h ; S
seg000:016F             db  53h ; S
seg000:0170             db  53h ; S
seg000:0171             db  53h ; S
seg000:0172             db  53h ; S
seg000:0173             db  53h ; S
seg000:0174             db  53h ; S
seg000:0175             db  53h ; S
seg000:0176             db  53h ; S
seg000:0177             db  53h ; S
seg000:0178             db  53h ; S
seg000:0179             db  53h ; S
seg000:017A             db  53h ; S
seg000:017B             db  53h ; S
seg000:017C             db  53h ; S
seg000:017D             db  53h ; S
seg000:017E             db  53h ; S
seg000:017F             db  53h ; S
seg000:0180             db  53h ; S
seg000:0181             db  53h ; S
seg000:0182             db  53h ; S
seg000:0183             db  53h ; S
seg000:0184             db  53h ; S
seg000:0185             db  53h ; S
seg000:0186             db  53h ; S
seg000:0187             db  53h ; S
seg000:0188             db  53h ; S
seg000:0189             db  53h ; S
seg000:018A             db  53h ; S
seg000:018B             db  53h ; S
seg000:018C             db  53h ; S
seg000:018D             db  53h ; S
seg000:018E             db  53h ; S
seg000:018F             db  53h ; S
seg000:0190             db  53h ; S
seg000:0191             db  53h ; S
seg000:0192             db  53h ; S
seg000:0193             db  53h ; S
seg000:0194             db  53h ; S
seg000:0195             db  53h ; S
seg000:0196             db  53h ; S
seg000:0197             db  53h ; S
seg000:0198             db  53h ; S
seg000:0199             db  53h ; S
seg000:019A             db  53h ; S
seg000:019B             db  53h ; S
seg000:019C             db  53h ; S
seg000:019D             db  53h ; S
seg000:019E             db  53h ; S
seg000:019F             db  53h ; S
seg000:01A0             db  53h ; S
seg000:01A1             db  53h ; S
seg000:01A2             db  53h ; S
seg000:01A3             db  53h ; S
seg000:01A4             db  53h ; S
seg000:01A5             db  53h ; S
seg000:01A6             db  53h ; S
seg000:01A7             db  53h ; S
seg000:01A8             db  53h ; S
seg000:01A9             db  53h ; S
seg000:01AA             db  53h ; S
seg000:01AB             db  53h ; S
seg000:01AC             db  53h ; S
seg000:01AD             db  53h ; S
seg000:01AE             db  53h ; S
seg000:01AF             db  53h ; S
seg000:01B0             db  53h ; S
seg000:01B1             db  53h ; S
seg000:01B2             db  53h ; S
seg000:01B3             db  53h ; S
seg000:01B4             db  53h ; S
seg000:01B5             db  53h ; S
seg000:01B6             db  53h ; S
seg000:01B7             db  53h ; S
seg000:01B8             db  53h ; S
seg000:01B9             db  53h ; S
seg000:01BA             db  53h ; S
seg000:01BB             db  53h ; S
seg000:01BC             db  53h ; S
seg000:01BD             db  53h ; S
seg000:01BE             db  53h ; S
seg000:01BF             db  53h ; S
seg000:01C0             db  53h ; S
seg000:01C1             db  53h ; S
seg000:01C2             db  53h ; S
seg000:01C3             db  53h ; S
seg000:01C4             db  53h ; S
seg000:01C5             db  53h ; S
seg000:01C6             db  53h ; S
seg000:01C7             db  53h ; S
seg000:01C8             db  53h ; S
seg000:01C9             db  53h ; S
seg000:01CA             db  53h ; S
seg000:01CB             db  53h ; S
seg000:01CC             db  53h ; S
seg000:01CD             db  53h ; S
seg000:01CE             db  53h ; S
seg000:01CF             db  53h ; S
seg000:01D0             db  53h ; S
seg000:01D1             db  53h ; S
seg000:01D2             db  53h ; S
seg000:01D3             db  53h ; S
seg000:01D4             db  53h ; S
seg000:01D5             db  53h ; S
seg000:01D6             db  53h ; S
seg000:01D7             db  53h ; S
seg000:01D8             db  53h ; S
seg000:01D9             db  53h ; S
seg000:01DA             db  53h ; S
seg000:01DB             db  53h ; S
seg000:01DC             db  53h ; S
seg000:01DD             db  53h ; S
seg000:01DE             db  53h ; S
seg000:01DF             db  53h ; S
seg000:01E0             db  53h ; S
seg000:01E1             db  53h ; S
seg000:01E2             db  53h ; S
seg000:01E3             db  53h ; S
seg000:01E4             db  53h ; S
seg000:01E5             db  53h ; S
seg000:01E6             db  53h ; S
seg000:01E7             db  53h ; S
seg000:01E8             db  53h ; S
seg000:01E9             db  53h ; S
seg000:01EA             db  53h ; S
seg000:01EB             db  53h ; S
seg000:01EC             db  53h ; S
seg000:01ED             db  53h ; S
seg000:01EE             db  53h ; S
seg000:01EF             db  53h ; S
seg000:01F0             db  53h ; S
seg000:01F1             db  53h ; S
seg000:01F2             db  53h ; S
seg000:01F3             db  53h ; S
seg000:01F4             db  53h ; S
seg000:01F5             db  53h ; S
seg000:01F6             db  53h ; S
seg000:01F7             db  53h ; S
seg000:01F8             db  53h ; S
seg000:01F9             db  53h ; S
seg000:01FA             db  53h ; S
seg000:01FB             db  53h ; S
seg000:01FC             db  53h ; S
seg000:01FD             db  53h ; S
seg000:01FE             db  53h ; S
seg000:01FF             db  53h ; S
seg000:0200             db  53h ; S
seg000:0201             db  53h ; S
seg000:0202             db  53h ; S
seg000:0203             db  53h ; S
seg000:0204             db  53h ; S
seg000:0205             db  53h ; S
seg000:0206             db  53h ; S
seg000:0207             db  53h ; S
seg000:0208             db  53h ; S
seg000:0209             db  53h ; S
seg000:020A             db  53h ; S
seg000:020B             db  53h ; S
seg000:020C             db  53h ; S
seg000:020D             db  53h ; S
seg000:020E             db  53h ; S
seg000:020F             db  53h ; S
seg000:0210             db  53h ; S
seg000:0211             db  53h ; S
seg000:0212             db  53h ; S
seg000:0213             db  53h ; S
seg000:0214             db  53h ; S
seg000:0215             db  53h ; S
seg000:0216             db  53h ; S
seg000:0217             db  53h ; S
seg000:0218             db  53h ; S
seg000:0219             db  53h ; S
seg000:021A             db  53h ; S
seg000:021B             db  53h ; S
seg000:021C             db  53h ; S
seg000:021D             db  53h ; S
seg000:021E             db  53h ; S
seg000:021F             db  53h ; S
seg000:0220             db  53h ; S
seg000:0221             db  53h ; S
seg000:0222             db  53h ; S
seg000:0223             db  53h ; S
seg000:0224             db  53h ; S
seg000:0225             db  53h ; S
seg000:0226             db  53h ; S
seg000:0227             db  53h ; S
seg000:0228             db  53h ; S
seg000:0229             db  53h ; S
seg000:022A             db  53h ; S
seg000:022B             db  53h ; S
seg000:022C             db  53h ; S
seg000:022D             db  53h ; S
seg000:022E             db  53h ; S
seg000:022F             db  53h ; S
seg000:0230             db  53h ; S
seg000:0231             db  53h ; S
seg000:0232             db  53h ; S
seg000:0233             db  53h ; S
seg000:0234             db  53h ; S
seg000:0235             db  53h ; S
seg000:0236             db    0
seg000:0237             db    0
seg000:0238             db  4Eh ; N
seg000:0239             db  6Fh ; o
seg000:023A             db  20h ;  
seg000:023B             db  41h ; A
seg000:023C             db  64h ; d
seg000:023D             db  6Ch ; l
seg000:023E             db  69h ; i
seg000:023F             db  62h ; b
seg000:0240             db  20h ;  
seg000:0241             db  62h ; b
seg000:0242             db  6Fh ; o
seg000:0243             db  61h ; a
seg000:0244             db  72h ; r
seg000:0245             db  64h ; d
seg000:0246             db  20h ;  
seg000:0247             db  70h ; p
seg000:0248             db  72h ; r
seg000:0249             db  65h ; e
seg000:024A             db  73h ; s
seg000:024B             db  65h ; e
seg000:024C             db  6Eh ; n
seg000:024D             db  74h ; t
seg000:024E             db  20h ;  
seg000:024F             db  69h ; i
seg000:0250             db  6Eh ; n
seg000:0251             db  20h ;  
seg000:0252             db  73h ; s
seg000:0253             db  79h ; y
seg000:0254             db  73h ; s
seg000:0255             db  74h ; t
seg000:0256             db  65h ; e
seg000:0257             db  6Dh ; m
seg000:0258             db  24h ; $
seg000:0259 word_10259      db    0                 ; DATA XREF: $i8_exprange+79↓w
seg000:0259                                         ; routine_39+D↓w ...
seg000:025A             db    0
seg000:025B word_1025B      db    0                 ; DATA XREF: $i8_exprange:loc_114DC↓r
seg000:025B                                         ; $i8_exprange+73↓w ...
seg000:025C             db    0
seg000:025D word_1025D      db    0                 ; DATA XREF: routine_13+3↓w
seg000:025E             db    0
seg000:025F word_1025F      db    0                 ; DATA XREF: routine_17+0↓w
seg000:025F                                         ; routine_17+C↓w ...
seg000:0260             db    0
seg000:0261 word_10261      db  3Eh ; >             ; DATA XREF: routine_17+32↓w
seg000:0261                                         ; routine_18+C↓r
seg000:0262             db    0
seg000:0263 word_10263      db    9                 ; DATA XREF: routine_17+3E↓w
seg000:0263                                         ; routine_18+18↓r
seg000:0264             db    0
seg000:0265 byte_10265      db    0                 ; DATA XREF: routine_19:loc_112CC↓w
seg000:0265                                         ; sound_driver_timer_tick+11↓r
seg000:0266 byte_10266      db    7                 ; DATA XREF: sound_driver_timer_tick+6↓w
seg000:0266                                         ; sound_driver_timer_tick+C↓w
seg000:0267             db    0
seg000:0268 word_10268      db    0                 ; DATA XREF: sound_driver_set_drone_pitch:loc_118AE↓w
seg000:0268                                         ; routine_27+B0↓r ...
seg000:0269             db    0
seg000:026A word_1026A      db    0                 ; DATA XREF: routine_27:loc_124B5↓r
seg000:026A                                         ; routine_27+F6↓w
seg000:026B             db    0
seg000:026C             db    0
seg000:026D             db    0
seg000:026E word_1026E      db 0BCh                 ; DATA XREF: sound_driver_set_drone_pitch+C↓r
seg000:026E                                         ; sound_driver_set_drone_pitch+12↓r
seg000:026F             db    2
seg000:0270 byte_10270      db    0                 ; DATA XREF: sound_driver_enable_drone+6↓w
seg000:0270                                         ; sound_driver_disable_drone+6↓w ...
seg000:0271 byte_10271      db    0                 ; DATA XREF: routine_27+12↓r
seg000:0271                                         ; routine_27+9B↓w
seg000:0272 word_10272      db 0D2h                 ; DATA XREF: routine_15+3↓r
seg000:0272                                         ; routine_15+D↓w ...
seg000:0273             db    4
seg000:0274             db  48h ; H
seg000:0275             db  92h
seg000:0276 byte_10276      db  10h                 ; DATA XREF: routine_30+58↓r
seg000:0276                                         ; routine_31+188↓r
seg000:0277             db    8
seg000:0278             db    4
seg000:0279             db    2
seg000:027A             db    1
seg000:027B             db    0
seg000:027C word_1027C      db    0                 ; DATA XREF: routine_38+3A↓r
seg000:027D             db    2
seg000:027E             db  1Eh
seg000:027F             db    2
seg000:0280             db  3Fh ; ?
seg000:0281             db    2
seg000:0282             db  61h ; a
seg000:0283             db    2
seg000:0284             db  85h
seg000:0285             db    2
seg000:0286             db 0ABh
seg000:0287             db    2
seg000:0288             db 0D4h
seg000:0289             db    2
seg000:028A             db 0FFh
seg000:028B             db    2
seg000:028C             db  2Dh ; -
seg000:028D             db    3
seg000:028E             db  5Dh ; ]
seg000:028F             db    3
seg000:0290             db  90h
seg000:0291             db    3
seg000:0292             db 0C7h
seg000:0293             db    3
seg000:0294 byte_10294      db    1                 ; DATA XREF: routine_41+10↓r
seg000:0295 byte_10295      db    1                 ; DATA XREF: routine_41+23↓r
seg000:0296 byte_10296      db    1                 ; DATA XREF: routine_42+0↓r
seg000:0297             db    0
seg000:0298 byte_10298      db    0                 ; DATA XREF: routine_33+2F↓r
seg000:0298                                         ; routine_35+C↓r ...
seg000:0299             db    3
seg000:029A             db    1
seg000:029B             db    4
seg000:029C             db    2
seg000:029D             db    5
seg000:029E             db    6
seg000:029F             db    9
seg000:02A0             db    7
seg000:02A1             db  0Ah
seg000:02A2             db    8
seg000:02A3             db  0Bh
seg000:02A4             db  0Ch
seg000:02A5             db  0Fh
seg000:02A6             db  10h
seg000:02A7             db  63h ; c
seg000:02A8             db  0Eh
seg000:02A9             db  63h ; c
seg000:02AA             db  11h
seg000:02AB             db  63h ; c
seg000:02AC             db  0Dh
seg000:02AD             db  63h ; c
seg000:02AE byte_102AE      db    0                 ; DATA XREF: routine_33+1D↓r
seg000:02AE                                         ; routine_33+36↓r ...
seg000:02AF             db    1
seg000:02B0             db    2
seg000:02B1             db    3
seg000:02B2             db    4
seg000:02B3             db    5
seg000:02B4             db    8
seg000:02B5             db    9
seg000:02B6             db  0Ah
seg000:02B7             db  0Bh
seg000:02B8             db  0Ch
seg000:02B9             db  0Dh
seg000:02BA             db  10h
seg000:02BB             db  11h
seg000:02BC             db  12h
seg000:02BD             db  13h
seg000:02BE             db  14h
seg000:02BF             db  15h
seg000:02C0             db    7
seg000:02C1             db    4
seg000:02C2             db    5
seg000:02C3             db    8
seg000:02C4             db    1
seg000:02C5             db    0
seg000:02C6             db  2Bh ; +
seg000:02C7             db    0
seg000:02C8             db    0
seg000:02C9             db    1
seg000:02CA             db    7
seg000:02CB             db    0
seg000:02CC             db    0
seg000:02CD             db    1
seg000:02CE             db    0
seg000:02CF             db    0
seg000:02D0             db    0
seg000:02D1             db    0
seg000:02D2             db    0
seg000:02D3             db    0
seg000:02D4             db    0
seg000:02D5             db    0
seg000:02D6             db  0Bh
seg000:02D7             db    3
seg000:02D8             db    0
seg000:02D9             db    9
seg000:02DA             db    1
seg000:02DB             db    0
seg000:02DC             db  3Fh ; ?
seg000:02DD             db    0
seg000:02DE             db    2
seg000:02DF             db    2
seg000:02E0             db    7
seg000:02E1             db    0
seg000:02E2             db    0
seg000:02E3             db    1
seg000:02E4             db    0
seg000:02E5             db    0
seg000:02E6             db    0
seg000:02E7             db    0
seg000:02E8             db    0
seg000:02E9             db    0
seg000:02EA             db    0
seg000:02EB             db    0
seg000:02EC             db  0Ah
seg000:02ED             db  0Bh
seg000:02EE             db  0Fh
seg000:02EF             db  0Fh
seg000:02F0             db    1
seg000:02F1             db    0
seg000:02F2             db  3Bh ; ;
seg000:02F3             db    0
seg000:02F4             db    0
seg000:02F5             db    4
seg000:02F6             db    7
seg000:02F7             db    0
seg000:02F8             db    0
seg000:02F9             db    1
seg000:02FA             db    0
seg000:02FB             db    0
seg000:02FC             db    0
seg000:02FD             db    0
seg000:02FE             db    0
seg000:02FF             db    0
seg000:0300             db    0
seg000:0301             db    0
seg000:0302             db  0Ah
seg000:0303             db  0Bh
seg000:0304             db    8
seg000:0305             db  0Ah
seg000:0306             db    0
seg000:0307             db    0
seg000:0308             db  3Fh ; ?
seg000:0309             db    0
seg000:030A             db    0
seg000:030B             db    1
seg000:030C             db    1
seg000:030D             db    0
seg000:030E             db    0
seg000:030F             db    1
seg000:0310             db    0
seg000:0311             db    0
seg000:0312             db    0
seg000:0313             db    0
seg000:0314             db    0
seg000:0315             db    0
seg000:0316             db    0
seg000:0317             db    0
seg000:0318             db  0Fh
seg000:0319             db    0
seg000:031A             db    0
seg000:031B             db  0Ch
seg000:031C             db    1
seg000:031D             db    0
seg000:031E             db  3Fh ; ?
seg000:031F             db    0
seg000:0320             db    0
seg000:0321             db  0Eh
seg000:0322             db    7
seg000:0323             db    0
seg000:0324             db    0
seg000:0325             db    1
seg000:0326             db    0
seg000:0327             db    0
seg000:0328             db    0
seg000:0329             db    0
seg000:032A             db    0
seg000:032B             db    0
seg000:032C             db    0
seg000:032D             db    0
seg000:032E             db  0Ah
seg000:032F             db    0
seg000:0330             db    0
seg000:0331             db  0Ch
seg000:0332             db    1
seg000:0333             db    0
seg000:0334             db  3Fh ; ?
seg000:0335             db    0
seg000:0336             db    0
seg000:0337             db  0Fh
seg000:0338             db    7
seg000:0339             db    0
seg000:033A             db    0
seg000:033B             db    1
seg000:033C             db    0
seg000:033D             db    0
seg000:033E             db    0
seg000:033F             db    0
seg000:0340             db    0
seg000:0341             db    0
seg000:0342             db    0
seg000:0343             db    0
seg000:0344             db  0Dh
seg000:0345             db    9
seg000:0346             db  0Fh
seg000:0347             db  0Fh
seg000:0348             db    0
seg000:0349             db    0
seg000:034A word_1034A      db  3Fh ; ?             ; DATA XREF: routine_20+0↓r
seg000:034B             db    0
seg000:034C             db    0
seg000:034D             db    0
seg000:034E             db    5
seg000:034F             db    0
seg000:0350             db    0
seg000:0351             db    1
seg000:0352             db  50h ; P
seg000:0353             db    0
seg000:0354             db 0FFh
seg000:0355             db    3
seg000:0356             db  80h
seg000:0357             db    2
seg000:0358             db    0
seg000:0359             db    0
seg000:035A             db  0Dh
seg000:035B             db    4
seg000:035C             db  0Fh
seg000:035D             db  0Fh
seg000:035E             db    0
seg000:035F             db    0
seg000:0360             db  3Fh ; ?
seg000:0361             db    0
seg000:0362             db    0
seg000:0363             db    6
seg000:0364             db    5
seg000:0365             db    0
seg000:0366             db    0
seg000:0367             db    1
seg000:0368             db    0
seg000:0369             db    0
seg000:036A             db    0
seg000:036B             db    0
seg000:036C             db    0
seg000:036D             db    0
seg000:036E             db    0
seg000:036F             db    0
seg000:0370             db  0Dh
seg000:0371             db    9
seg000:0372             db  0Fh
seg000:0373             db  0Fh
seg000:0374             db    0
seg000:0375             db    0
seg000:0376             db  3Fh ; ?
seg000:0377             db    0
seg000:0378             db    0
seg000:0379             db    0
seg000:037A             db    5
seg000:037B             db    0
seg000:037C             db    0
seg000:037D             db    1
seg000:037E             db  60h ; `
seg000:037F             db    0
seg000:0380             db 0FFh
seg000:0381             db    3
seg000:0382             db    0
seg000:0383             db    4
seg000:0384             db 0F8h
seg000:0385             db 0FFh
seg000:0386             db  0Dh
seg000:0387             db    3
seg000:0388             db  0Fh
seg000:0389             db  0Fh
seg000:038A             db    0
seg000:038B             db    0
seg000:038C             db  3Fh ; ?
seg000:038D             db    0
seg000:038E             db    0
seg000:038F             db    6
seg000:0390             db    5
seg000:0391             db    0
seg000:0392             db    0
seg000:0393             db    1
seg000:0394             db    0
seg000:0395             db    0
seg000:0396             db    0
seg000:0397             db    0
seg000:0398             db    0
seg000:0399             db    0
seg000:039A             db    0
seg000:039B             db    0
seg000:039C             db  0Ah
seg000:039D             db    9
seg000:039E             db  0Fh
seg000:039F             db  0Fh
seg000:03A0             db    0
seg000:03A1             db    0
seg000:03A2             db  3Ah ; :
seg000:03A3             db    0
seg000:03A4             db    0
seg000:03A5             db    3
seg000:03A6             db    7
seg000:03A7             db    0
seg000:03A8             db    0
seg000:03A9             db    1
seg000:03AA             db    4
seg000:03AB             db    0
seg000:03AC             db 0FFh
seg000:03AD             db    7
seg000:03AE             db    0
seg000:03AF             db    0
seg000:03B0             db    0
seg000:03B1             db    0
seg000:03B2             db  0Fh
seg000:03B3             db    6
seg000:03B4             db  0Fh
seg000:03B5             db  0Fh
seg000:03B6             db    0
seg000:03B7             db    0
seg000:03B8             db  3Fh ; ?
seg000:03B9             db    0
seg000:03BA             db    2
seg000:03BB             db    0
seg000:03BC             db    7
seg000:03BD             db    0
seg000:03BE             db    0
seg000:03BF             db    1
seg000:03C0             db    0
seg000:03C1             db    0
seg000:03C2             db    0
seg000:03C3             db    0
seg000:03C4             db    0
seg000:03C5             db    0
seg000:03C6             db    0
seg000:03C7             db    0
seg000:03C8             db  0Ch
seg000:03C9             db    9
seg000:03CA             db    0
seg000:03CB             db    0
seg000:03CC             db    1
seg000:03CD             db    0
seg000:03CE             db  3Ch ; <
seg000:03CF             db    0
seg000:03D0             db    0
seg000:03D1             db    0
seg000:03D2             db    7
seg000:03D3             db    0
seg000:03D4             db    0
seg000:03D5             db    1
seg000:03D6             db  26h ; &
seg000:03D7             db    0
seg000:03D8             db    0
seg000:03D9             db    0
seg000:03DA             db  55h ; U
seg000:03DB             db  55h ; U
seg000:03DC             db  70h ; p
seg000:03DD             db 0FFh
seg000:03DE             db    5
seg000:03DF             db    5
seg000:03E0             db  0Fh
seg000:03E1             db  0Fh
seg000:03E2             db    0
seg000:03E3             db    0
seg000:03E4             db  3Fh ; ?
seg000:03E5             db    0
seg000:03E6             db    0
seg000:03E7             db    0
seg000:03E8             db    7
seg000:03E9             db    0
seg000:03EA             db    0
seg000:03EB             db    1
seg000:03EC             db    0
seg000:03ED             db    0
seg000:03EE             db    0
seg000:03EF             db    0
seg000:03F0             db    0
seg000:03F1             db    0
seg000:03F2             db    0
seg000:03F3             db    0
seg000:03F4             db  0Dh
seg000:03F5             db    0
seg000:03F6             db    0
seg000:03F7             db  0Fh
seg000:03F8             db    1
seg000:03F9             db    0
seg000:03FA             db  26h ; &
seg000:03FB             db    0
seg000:03FC             db    3
seg000:03FD             db  0Eh
seg000:03FE             db    4
seg000:03FF             db    0
seg000:0400             db    0
seg000:0401             db    0
seg000:0402             db    0
seg000:0403             db    0
seg000:0404             db    0
seg000:0405             db    0
seg000:0406             db    0
seg000:0407             db    0
seg000:0408             db    0
seg000:0409             db    0
seg000:040A             db  0Ch
seg000:040B             db    0
seg000:040C             db    0
seg000:040D             db  0Fh
seg000:040E             db    1
seg000:040F             db    0
seg000:0410             db  3Fh ; ?
seg000:0411             db    0
seg000:0412             db    2
seg000:0413             db  0Fh
seg000:0414             db    4
seg000:0415             db    0
seg000:0416             db    0
seg000:0417             db    0
seg000:0418             db    0
seg000:0419             db    0
seg000:041A             db    0
seg000:041B             db    0
seg000:041C             db    0
seg000:041D             db    0
seg000:041E             db    0
seg000:041F             db    0
seg000:0420             db    5
seg000:0421             db  0Fh
seg000:0422             db  0Fh
seg000:0423             db  0Fh
seg000:0424             db    0
seg000:0425             db    0
seg000:0426             db  3Fh ; ?
seg000:0427             db    0
seg000:0428             db    0
seg000:0429             db    1
seg000:042A word_1042A      db    7                 ; DATA XREF: routine_21+0↓r
seg000:042B             db    0
seg000:042C             db    0
seg000:042D             db    1
seg000:042E             db    0
seg000:042F             db    0
seg000:0430             db    0
seg000:0431             db    0
seg000:0432             db    0
seg000:0433             db    0
seg000:0434             db    0
seg000:0435             db    0
seg000:0436             db    5
seg000:0437             db  0Fh
seg000:0438             db  0Fh
seg000:0439             db  0Fh
seg000:043A             db    0
seg000:043B             db    0
seg000:043C             db  3Fh ; ?
seg000:043D             db    0
seg000:043E             db    0
seg000:043F             db    1
seg000:0440             db    1
seg000:0441             db    0
seg000:0442             db    0
seg000:0443             db    1
seg000:0444             db    0
seg000:0445             db    0
seg000:0446             db    0
seg000:0447             db    0
seg000:0448             db    0
seg000:0449             db    0
seg000:044A             db    0
seg000:044B             db    0
seg000:044C             db    0
seg000:044D             db  0Fh
seg000:044E             db    0
seg000:044F             db    0
seg000:0450             db    0
seg000:0451             db    0
seg000:0452             db  3Fh ; ?
seg000:0453             db    0
seg000:0454             db    2
seg000:0455             db    0
seg000:0456             db    0
seg000:0457             db    0
seg000:0458             db    0
seg000:0459             db    1
seg000:045A             db    0
seg000:045B             db    0
seg000:045C             db    0
seg000:045D             db    0
seg000:045E             db    0
seg000:045F             db    0
seg000:0460             db    0
seg000:0461             db    0
seg000:0462             db  0Ah
seg000:0463             db    0
seg000:0464             db  0Fh
seg000:0465             db  0Fh
seg000:0466             db    0
seg000:0467             db    0
seg000:0468             db  2Eh ; .
seg000:0469             db    0
seg000:046A             db    0
seg000:046B             db    0
seg000:046C             db    0
seg000:046D             db    0
seg000:046E             db    0
seg000:046F             db    1
seg000:0470             db    0
seg000:0471             db    0
seg000:0472             db    0
seg000:0473             db    0
seg000:0474             db    0
seg000:0475             db    0
seg000:0476             db    0
seg000:0477             db    0
seg000:0478             db  0Dh
seg000:0479             db    0
seg000:047A             db    0
seg000:047B             db  0Fh
seg000:047C             db    1
seg000:047D             db    0
seg000:047E             db  36h ; 6
seg000:047F             db    0
seg000:0480             db    2
seg000:0481             db  0Eh
seg000:0482             db    6
seg000:0483             db    0
seg000:0484             db    0
seg000:0485             db    0
seg000:0486             db    0
seg000:0487             db    0
seg000:0488             db    0
seg000:0489             db    0
seg000:048A             db    0
seg000:048B             db    0
seg000:048C             db    0
seg000:048D             db    0
seg000:048E             db  0Dh
seg000:048F             db    0
seg000:0490             db    0
seg000:0491             db  0Fh
seg000:0492             db    1
seg000:0493             db    0
seg000:0494             db  36h ; 6
seg000:0495             db    0
seg000:0496             db    2
seg000:0497             db  0Eh
seg000:0498             db    6
seg000:0499             db    0
seg000:049A             db    0
seg000:049B             db    0
seg000:049C             db    0
seg000:049D             db    0
seg000:049E             db    0
seg000:049F             db    0
seg000:04A0             db    0
seg000:04A1             db    0
seg000:04A2             db    0
seg000:04A3             db    0
seg000:04A4             db  0Dh
seg000:04A5             db    9
seg000:04A6             db  0Fh
seg000:04A7             db  0Fh
seg000:04A8             db    0
seg000:04A9             db    0
seg000:04AA             db  3Fh ; ?
seg000:04AB             db    0
seg000:04AC             db    0
seg000:04AD             db    0
seg000:04AE             db    5
seg000:04AF             db    0
seg000:04B0             db    0
seg000:04B1             db    1
seg000:04B2             db  80h
seg000:04B3             db    0
seg000:04B4             db  55h ; U
seg000:04B5             db    5
seg000:04B6             db    0
seg000:04B7             db    1
seg000:04B8             db 0F0h
seg000:04B9             db  3Fh ; ?
seg000:04BA             db    5
seg000:04BB             db    4
seg000:04BC             db  0Fh
seg000:04BD             db  0Fh
seg000:04BE             db    0
seg000:04BF             db    0
seg000:04C0             db  3Fh ; ?
seg000:04C1             db    0
seg000:04C2             db    0
seg000:04C3             db    5
seg000:04C4             db    5
seg000:04C5             db    0
seg000:04C6             db    0
seg000:04C7             db    1
seg000:04C8             db    0
seg000:04C9             db    0
seg000:04CA             db    0
seg000:04CB             db    0
seg000:04CC             db    0
seg000:04CD             db    0
seg000:04CE             db    0
seg000:04CF             db    0
seg000:04D0             db  0Dh
seg000:04D1             db    9
seg000:04D2             db  0Fh
seg000:04D3             db  0Fh
seg000:04D4             db    0
seg000:04D5             db    0
seg000:04D6             db  38h ; 8
seg000:04D7             db    0
seg000:04D8             db    0
seg000:04D9             db    0
seg000:04DA             db    5
seg000:04DB             db    0
seg000:04DC             db    0
seg000:04DD             db    1
seg000:04DE             db  90h
seg000:04DF             db    0
seg000:04E0             db  34h ; 4
seg000:04E1             db  12h
seg000:04E2             db  33h ; 3
seg000:04E3             db  33h ; 3
seg000:04E4             db 0FEh
seg000:04E5             db  3Fh ; ?
seg000:04E6             db    5
seg000:04E7             db    4
seg000:04E8             db  0Fh
seg000:04E9             db  0Fh
seg000:04EA             db    0
seg000:04EB             db    0
seg000:04EC             db  38h ; 8
seg000:04ED             db    0
seg000:04EE             db    0
seg000:04EF             db    5
seg000:04F0             db    5
seg000:04F1             db    0
seg000:04F2             db    0
seg000:04F3             db    1
seg000:04F4             db    0
seg000:04F5             db    0
seg000:04F6             db    0
seg000:04F7             db    0
seg000:04F8             db    0
seg000:04F9             db    0
seg000:04FA             db    0
seg000:04FB             db    0
seg000:04FC             db  0Bh
seg000:04FD             db    9
seg000:04FE             db  0Fh
seg000:04FF             db  0Fh
seg000:0500             db    0
seg000:0501             db    0
seg000:0502             db  3Fh ; ?
seg000:0503             db    0
seg000:0504             db    0
seg000:0505             db    0
seg000:0506             db    5
seg000:0507             db    0
seg000:0508             db    0
seg000:0509             db    1
seg000:050A             db  70h ; p
seg000:050B             db    0
seg000:050C             db 0FFh
seg000:050D             db    7
seg000:050E             db    0
seg000:050F             db    1
seg000:0510             db  0Bh
seg000:0511             db  80h
seg000:0512             db    4
seg000:0513             db    4
seg000:0514             db  0Fh
seg000:0515             db  0Fh
seg000:0516             db    0
seg000:0517             db    0
seg000:0518             db  3Fh ; ?
seg000:0519             db    0
seg000:051A             db    0
seg000:051B             db    5
seg000:051C             db    0
seg000:051D             db    0
seg000:051E             db    0
seg000:051F             db    1
seg000:0520             db    0
seg000:0521             db    0
seg000:0522             db    0
seg000:0523             db    0
seg000:0524             db    0
seg000:0525             db    0
seg000:0526             db    0
seg000:0527             db    0
seg000:0528             db    7
seg000:0529             db    1
seg000:052A             db    5
seg000:052B             db  0Bh
seg000:052C             db    1
seg000:052D             db    0
seg000:052E             db  2Fh ; /
seg000:052F             db    0
seg000:0530             db    0
seg000:0531             db    1
seg000:0532             db    6
seg000:0533             db    0
seg000:0534             db    0
seg000:0535             db    1
seg000:0536             db    0
seg000:0537             db    0
seg000:0538             db    0
seg000:0539             db    0
seg000:053A             db    0
seg000:053B             db    0
seg000:053C             db    0
seg000:053D             db    0
seg000:053E             db    9
seg000:053F             db    1
seg000:0540             db    6
seg000:0541             db  0Ah
seg000:0542             db    1
seg000:0543             db    0
seg000:0544             db  3Fh ; ?
seg000:0545             db    0
seg000:0546             db    0
seg000:0547             db    1
seg000:0548             db    6
seg000:0549             db    0
seg000:054A             db    0
seg000:054B             db    1
seg000:054C             db    0
seg000:054D             db    0
seg000:054E             db    0
seg000:054F             db    0
seg000:0550             db    0
seg000:0551             db    0
seg000:0552             db    0
seg000:0553             db    0
seg000:0554             db  0Ch
seg000:0555             db    9
seg000:0556             db    7
seg000:0557             db    6
seg000:0558             db    0
seg000:0559             db    0
seg000:055A             db  3Bh ; ;
seg000:055B             db    0
seg000:055C             db    0
seg000:055D             db    3
seg000:055E             db    6
seg000:055F             db    0
seg000:0560             db    0
seg000:0561             db    1
seg000:0562             db    0
seg000:0563             db    0
seg000:0564             db    0
seg000:0565             db    0
seg000:0566             db    0
seg000:0567             db    0
seg000:0568             db    0
seg000:0569             db    0
seg000:056A             db  0Dh
seg000:056B             db    3
seg000:056C             db  0Fh
seg000:056D             db  0Ah
seg000:056E             db    0
seg000:056F             db    0
seg000:0570             db  3Fh ; ?
seg000:0571             db    0
seg000:0572             db    0
seg000:0573             db    1
seg000:0574             db    6
seg000:0575             db    0
seg000:0576             db    0
seg000:0577             db    1
seg000:0578             db    0
seg000:0579             db    0
seg000:057A             db    0
seg000:057B             db    0
seg000:057C             db    0
seg000:057D             db    0
seg000:057E             db    0
seg000:057F             db    0
seg000:0580             db    8
seg000:0581             db    3
seg000:0582             db    4
seg000:0583             db    3
seg000:0584             db    1
seg000:0585             db    0
seg000:0586             db  2Eh ; .
seg000:0587             db    0
seg000:0588             db    0
seg000:0589             db    1
seg000:058A             db    4
seg000:058B             db    0
seg000:058C             db    0
seg000:058D             db    1
seg000:058E             db    0
seg000:058F             db    0
seg000:0590             db    0
seg000:0591             db    0
seg000:0592             db    0
seg000:0593             db    0
seg000:0594             db    0
seg000:0595             db    0
seg000:0596             db    9
seg000:0597             db    1
seg000:0598             db    3
seg000:0599             db    5
seg000:059A             db    1
seg000:059B             db    0
seg000:059C             db  3Fh ; ?
seg000:059D             db    0
seg000:059E             db    0
seg000:059F             db    4
seg000:05A0             db    4
seg000:05A1             db    0
seg000:05A2             db    0
seg000:05A3             db    1
seg000:05A4             db    0
seg000:05A5             db    0
seg000:05A6             db    0
seg000:05A7             db    0
seg000:05A8             db    0
seg000:05A9             db    0
seg000:05AA             db    0
seg000:05AB             db    0
seg000:05AC             db    8
seg000:05AD             db    3
seg000:05AE             db    4
seg000:05AF             db    3
seg000:05B0             db    1
seg000:05B1             db    0
seg000:05B2             db  2Eh ; .
seg000:05B3             db    0
seg000:05B4             db    0
seg000:05B5             db    1
seg000:05B6             db    4
seg000:05B7             db    0
seg000:05B8             db    1
seg000:05B9             db    1
seg000:05BA             db    0
seg000:05BB             db    0
seg000:05BC             db    0
seg000:05BD             db    0
seg000:05BE             db    0
seg000:05BF             db    0
seg000:05C0             db    0
seg000:05C1             db    0
seg000:05C2             db    9
seg000:05C3             db    1
seg000:05C4             db    3
seg000:05C5             db    5
seg000:05C6             db    1
seg000:05C7             db    0
seg000:05C8             db  3Fh ; ?
seg000:05C9             db    0
seg000:05CA             db    0
seg000:05CB             db    4
seg000:05CC             db    4
seg000:05CD             db    0
seg000:05CE             db    0
seg000:05CF             db    1
seg000:05D0             db    0
seg000:05D1             db    0
seg000:05D2             db    0
seg000:05D3             db    0
seg000:05D4             db    0
seg000:05D5             db    0
seg000:05D6             db    0
seg000:05D7             db    0
seg000:05D8             db  0Fh
seg000:05D9             db    2
seg000:05DA             db    9
seg000:05DB             db  0Ah
seg000:05DC             db    0
seg000:05DD             db    0
seg000:05DE             db  3Ah ; :
seg000:05DF             db    0
seg000:05E0             db    1
seg000:05E1             db  0Fh
seg000:05E2             db    6
seg000:05E3             db    0
seg000:05E4             db    0
seg000:05E5             db    1
seg000:05E6             db    0
seg000:05E7             db    0
seg000:05E8             db    0
seg000:05E9             db    0
seg000:05EA             db    0
seg000:05EB             db    0
seg000:05EC             db    0
seg000:05ED             db    0
seg000:05EE             db  0Fh
seg000:05EF             db    3
seg000:05F0             db  0Fh
seg000:05F1             db    9
seg000:05F2             db    0
seg000:05F3             db    0
seg000:05F4             db  3Fh ; ?
seg000:05F5             db    0
seg000:05F6             db    3
seg000:05F7             db  0Fh
seg000:05F8             db    6
seg000:05F9             db    0
seg000:05FA             db    0
seg000:05FB             db    1
seg000:05FC             db    0
seg000:05FD             db    0
seg000:05FE             db    0
seg000:05FF             db    0
seg000:0600             db    0
seg000:0601             db    0
seg000:0602             db    0
seg000:0603             db    0
seg000:0604             db    7
seg000:0605             db    5
seg000:0606             db    0
seg000:0607             db  0Fh
seg000:0608             db    1
seg000:0609             db    0
seg000:060A             db  3Fh ; ?
seg000:060B             db    0
seg000:060C             db    0
seg000:060D             db    1
seg000:060E             db    7
seg000:060F             db    0
seg000:0610             db    0
seg000:0611             db    1
seg000:0612             db    0
seg000:0613             db    0
seg000:0614             db    0
seg000:0615             db    0
seg000:0616             db    0
seg000:0617             db    0
seg000:0618             db    0
seg000:0619             db    0
seg000:061A             db  0Bh
seg000:061B             db    2
seg000:061C             db    0
seg000:061D             db  0Fh
seg000:061E             db    1
seg000:061F             db    0
seg000:0620             db  3Fh ; ?
seg000:0621             db    0
seg000:0622             db    2
seg000:0623             db    2
seg000:0624             db    7
seg000:0625             db    0
seg000:0626             db    0
seg000:0627             db    1
seg000:0628             db    0
seg000:0629             db    0
seg000:062A             db    0
seg000:062B             db    0
seg000:062C             db    0
seg000:062D             db    0
seg000:062E             db    0
seg000:062F             db    0
seg000:0630             db  0Dh
seg000:0631             db    9
seg000:0632             db  0Fh
seg000:0633             db  0Fh
seg000:0634             db    0
seg000:0635             db    0
seg000:0636             db  3Fh ; ?
seg000:0637             db    0
seg000:0638             db    0
seg000:0639             db    0
seg000:063A             db    5
seg000:063B             db    0
seg000:063C             db    0
seg000:063D             db    1
seg000:063E             db  50h ; P
seg000:063F             db    0
seg000:0640             db 0FFh
seg000:0641             db    5
seg000:0642             db  80h
seg000:0643             db    2
seg000:0644             db    0
seg000:0645             db    0
seg000:0646             db  0Dh
seg000:0647             db    4
seg000:0648             db  0Fh
seg000:0649             db  0Fh
seg000:064A             db    0
seg000:064B             db    0
seg000:064C             db  3Fh ; ?
seg000:064D             db    0
seg000:064E             db    0
seg000:064F             db    5
seg000:0650             db    5
seg000:0651             db    0
seg000:0652             db    0
seg000:0653             db    1
seg000:0654             db    0
seg000:0655             db    0
seg000:0656             db    0
seg000:0657             db    0
seg000:0658             db    0
seg000:0659             db    0
seg000:065A             db    0
seg000:065B             db    0
seg000:065C             db  0Dh
seg000:065D             db    9
seg000:065E             db  0Fh
seg000:065F             db  0Fh
seg000:0660             db    0
seg000:0661             db    0
seg000:0662             db  3Fh ; ?
seg000:0663             db    0
seg000:0664             db    0
seg000:0665             db    1
seg000:0666             db    5
seg000:0667             db    0
seg000:0668             db    0
seg000:0669             db    1
seg000:066A             db  60h ; `
seg000:066B             db    0
seg000:066C             db 0FFh
seg000:066D             db    7
seg000:066E             db    0
seg000:066F             db    2
seg000:0670             db    1
seg000:0671             db    0
seg000:0672             db  0Dh
seg000:0673             db    3
seg000:0674             db  0Fh
seg000:0675             db  0Fh
seg000:0676             db    0
seg000:0677             db    0
seg000:0678             db  3Fh ; ?
seg000:0679             db    0
seg000:067A             db    0
seg000:067B             db    8
seg000:067C             db    5
seg000:067D             db    0
seg000:067E             db    0
seg000:067F             db    1
seg000:0680             db    0
seg000:0681             db    0
seg000:0682             db    0
seg000:0683             db    0
seg000:0684             db    0
seg000:0685             db    0
seg000:0686             db    0
seg000:0687             db    0
seg000:0688             db  0Dh
seg000:0689             db    9
seg000:068A             db  0Fh
seg000:068B             db  0Fh
seg000:068C             db    0
seg000:068D             db    0
seg000:068E             db  3Fh ; ?
seg000:068F             db    0
seg000:0690             db    0
seg000:0691             db    2
seg000:0692             db    5
seg000:0693             db    0
seg000:0694             db    0
seg000:0695             db    1
seg000:0696             db  50h ; P
seg000:0697             db    0
seg000:0698             db 0F0h
seg000:0699             db    3
seg000:069A             db    0
seg000:069B             db    3
seg000:069C             db    1
seg000:069D             db    0
seg000:069E             db  0Dh
seg000:069F             db    4
seg000:06A0             db  0Fh
seg000:06A1             db  0Fh
seg000:06A2             db    0
seg000:06A3             db    0
seg000:06A4             db  3Fh ; ?
seg000:06A5             db    0
seg000:06A6             db    0
seg000:06A7             db    5
seg000:06A8             db    5
seg000:06A9             db    0
seg000:06AA             db    0
seg000:06AB             db    1
seg000:06AC             db    0
seg000:06AD             db    0
seg000:06AE             db    0
seg000:06AF             db    0
seg000:06B0             db    0
seg000:06B1             db    0
seg000:06B2             db    0
seg000:06B3             db    0
seg000:06B4             db  0Dh
seg000:06B5             db    9
seg000:06B6             db  0Fh
seg000:06B7             db  0Fh
seg000:06B8             db    0
seg000:06B9             db    0
seg000:06BA             db  3Fh ; ?
seg000:06BB             db    0
seg000:06BC             db    0
seg000:06BD             db    0
seg000:06BE             db    5
seg000:06BF             db    0
seg000:06C0             db    0
seg000:06C1             db    1
seg000:06C2             db  60h ; `
seg000:06C3             db    0
seg000:06C4             db 0F6h
seg000:06C5             db    7
seg000:06C6             db  80h
seg000:06C7             db    3
seg000:06C8             db    0
seg000:06C9             db    0
seg000:06CA             db  0Dh
seg000:06CB             db    4
seg000:06CC             db  0Fh
seg000:06CD             db  0Fh
seg000:06CE             db    0
seg000:06CF             db    0
seg000:06D0             db  3Fh ; ?
seg000:06D1             db    0
seg000:06D2             db    0
seg000:06D3             db    7
seg000:06D4             db    5
seg000:06D5             db    0
seg000:06D6             db    0
seg000:06D7             db    1
seg000:06D8             db    0
seg000:06D9             db    0
seg000:06DA             db    0
seg000:06DB             db    0
seg000:06DC             db    0
seg000:06DD             db    0
seg000:06DE             db    0
seg000:06DF             db    0
seg000:06E0             db  0Dh
seg000:06E1             db    9
seg000:06E2             db  0Fh
seg000:06E3             db  0Fh
seg000:06E4             db    0
seg000:06E5             db    0
seg000:06E6             db  3Fh ; ?
seg000:06E7             db    0
seg000:06E8             db    0
seg000:06E9             db    1
seg000:06EA             db    5
seg000:06EB             db    0
seg000:06EC             db    0
seg000:06ED             db    1
seg000:06EE             db  50h ; P
seg000:06EF             db    0
seg000:06F0             db 0FFh
seg000:06F1             db    3
seg000:06F2             db  80h
seg000:06F3             db    3
seg000:06F4             db 0FFh
seg000:06F5             db 0FFh
seg000:06F6             db  0Dh
seg000:06F7             db    4
seg000:06F8             db  0Fh
seg000:06F9             db  0Fh
seg000:06FA             db    0
seg000:06FB             db    0
seg000:06FC             db  3Fh ; ?
seg000:06FD             db    0
seg000:06FE             db    0
seg000:06FF             db    4
seg000:0700             db    5
seg000:0701             db    0
seg000:0702             db    0
seg000:0703             db    1
seg000:0704             db    0
seg000:0705             db    0
seg000:0706             db    0
seg000:0707             db    0
seg000:0708             db    0
seg000:0709             db    0
seg000:070A             db    0
seg000:070B             db    0
seg000:070C             db  0Dh
seg000:070D             db    9
seg000:070E             db  0Fh
seg000:070F             db  0Fh
seg000:0710             db    0
seg000:0711             db    0
seg000:0712             db  3Fh ; ?
seg000:0713             db    0
seg000:0714             db    0
seg000:0715             db    0
seg000:0716             db    5
seg000:0717             db    0
seg000:0718             db    0
seg000:0719             db    1
seg000:071A             db  60h ; `
seg000:071B             db    0
seg000:071C             db 0C7h
seg000:071D             db    5
seg000:071E             db  80h
seg000:071F             db    4
seg000:0720             db 0F6h
seg000:0721             db 0FFh
seg000:0722             db  0Dh
seg000:0723             db    3
seg000:0724             db  0Fh
seg000:0725             db  0Fh
seg000:0726             db    0
seg000:0727             db    0
seg000:0728             db  3Fh ; ?
seg000:0729             db    0
seg000:072A             db    0
seg000:072B             db    7
seg000:072C             db    5
seg000:072D             db    0
seg000:072E             db    0
seg000:072F             db    1
seg000:0730             db    0
seg000:0731             db    0
seg000:0732             db    0
seg000:0733             db    0
seg000:0734             db    0
seg000:0735             db    0
seg000:0736             db    0
seg000:0737             db    0
seg000:0738             db    0
seg000:0739             db    3
seg000:073A             db 0FCh
seg000:073B             db    3
seg000:073C             db 0F9h
seg000:073D             db  3Eh ; >
seg000:073E             db    9
seg000:073F             db  51h ; Q
seg000:0740             db    0
seg000:0741             db    0
seg000:0742             db 0FCh
seg000:0743             db  14h
seg000:0744             db 0F9h
seg000:0745             db  3Eh ; >
seg000:0746             db    9
seg000:0747             db  51h ; Q
seg000:0748             db    0
seg000:0749             db    0
seg000:074A             db 0FCh
seg000:074B             db  16h
seg000:074C             db 0F9h
seg000:074D             db  3Eh ; >
seg000:074E             db    9
seg000:074F             db  51h ; Q
seg000:0750             db    0
seg000:0751             db    0
seg000:0752             db 0FCh
seg000:0753             db  18h
seg000:0754             db 0F9h
seg000:0755             db  3Eh ; >
seg000:0756             db    9
seg000:0757             db  51h ; Q
seg000:0758             db    0
seg000:0759             db    0
seg000:075A             db 0FCh
seg000:075B             db    4
seg000:075C             db 0F9h
seg000:075D             db  3Fh ; ?
seg000:075E             db    9
seg000:075F             db  78h ; x
seg000:0760             db    0
seg000:0761             db    0
seg000:0762             db 0FCh
seg000:0763             db  15h
seg000:0764             db 0F9h
seg000:0765             db  3Dh ; =
seg000:0766             db    9
seg000:0767             db  78h ; x
seg000:0768             db    0
seg000:0769             db    0
seg000:076A             db 0FCh
seg000:076B             db  17h
seg000:076C             db 0F9h
seg000:076D             db  3Fh ; ?
seg000:076E             db    9
seg000:076F             db  78h ; x
seg000:0770             db    0
seg000:0771             db    0
seg000:0772             db 0FCh
seg000:0773             db  19h
seg000:0774             db 0F9h
seg000:0775             db  3Ch ; <
seg000:0776             db    9
seg000:0777             db  78h ; x
seg000:0778             db    0
seg000:0779             db    0
seg000:077A             db 0FCh
seg000:077B             db    5
seg000:077C             db 0F9h
seg000:077D             db  39h ; 9
seg000:077E             db 0FEh
seg000:077F             db    9
seg000:0780             db    7
seg000:0781             db 0FFh
seg000:0782             db    5
seg000:0783             db    0
seg000:0784             db    0
seg000:0785             db    0
seg000:0786             db 0FCh
seg000:0787             db    6
seg000:0788             db 0F9h
seg000:0789             db  34h ; 4
seg000:078A             db  29h ; )
seg000:078B             db  3Ch ; <
seg000:078C             db    0
seg000:078D             db    0
seg000:078E             db    0
seg000:078F             db    0
seg000:0790             db 0FCh
seg000:0791             db    9
seg000:0792             db 0F9h
seg000:0793             db  2Ch ; ,
seg000:0794             db 0FBh
seg000:0795             db    8
seg000:0796             db 0FAh
seg000:0797             db  11h
seg000:0798             db  44h ; D
seg000:0799             db  14h
seg000:079A             db 0FAh
seg000:079B             db    0
seg000:079C             db    0
seg000:079D             db    0
seg000:079E             db 0FCh
seg000:079F             db    9
seg000:07A0             db 0F9h
seg000:07A1             db  28h ; (
seg000:07A2             db 0FBh
seg000:07A3             db  16h
seg000:07A4             db  3Ah ; :
seg000:07A5             db  1Eh
seg000:07A6             db    0
seg000:07A7             db    0
seg000:07A8             db 0FCh
seg000:07A9             db    9
seg000:07AA             db 0F9h
seg000:07AB             db  28h ; (
seg000:07AC             db 0FBh
seg000:07AD             db  12h
seg000:07AE             db  27h ; '
seg000:07AF             db  1Eh
seg000:07B0             db    0
seg000:07B1             db    0
seg000:07B2             db 0FCh
seg000:07B3             db  0Dh
seg000:07B4             db 0F9h
seg000:07B5             db  35h ; 5
seg000:07B6             db    9
seg000:07B7             db  7Fh
seg000:07B8             db    0
seg000:07B9             db    0
seg000:07BA             db 0FCh
seg000:07BB             db  0Bh
seg000:07BC             db 0F9h
seg000:07BD             db  3Dh ; =
seg000:07BE             db    9
seg000:07BF             db  7Fh
seg000:07C0             db    0
seg000:07C1             db    0
seg000:07C2             db 0FCh
seg000:07C3             db  0Ch
seg000:07C4             db 0F9h
seg000:07C5             db  2Bh ; +
seg000:07C6             db    9
seg000:07C7             db  91h
seg000:07C8             db    0
seg000:07C9             db    0
seg000:07CA             db 0FCh
seg000:07CB             db    1
seg000:07CC             db 0F9h
seg000:07CD             db  36h ; 6
seg000:07CE             db  4Fh ; O
seg000:07CF             db    8
seg000:07D0             db  4Ah ; J
seg000:07D1             db    8
seg000:07D2             db    0
seg000:07D3             db    0
seg000:07D4             db    0
seg000:07D5             db    0
seg000:07D6             db 0FCh
seg000:07D7             db  13h
seg000:07D8             db 0F9h
seg000:07D9             db  35h ; 5
seg000:07DA             db 0FBh
seg000:07DB             db    7
seg000:07DC             db  30h ; 0
seg000:07DD             db  0Eh
seg000:07DE             db    0
seg000:07DF             db    0
seg000:07E0             db 0FCh
seg000:07E1             db    8
seg000:07E2             db 0F9h
seg000:07E3             db  34h ; 4
seg000:07E4             db  48h ; H
seg000:07E5             db    8
seg000:07E6             db  48h ; H
seg000:07E7             db  0Fh
seg000:07E8             db    0
seg000:07E9             db    0
seg000:07EA             db 0FCh
seg000:07EB             db    7
seg000:07EC             db 0F9h
seg000:07ED             db    0
seg000:07EE             db 0F8h
seg000:07EF             db  14h
seg000:07F0             db    1
seg000:07F1             db 0FAh
seg000:07F2             db    3
seg000:07F3             db    1
seg000:07F4             db  96h
seg000:07F5             db 0FAh
seg000:07F6             db    0
seg000:07F7             db 0F8h
seg000:07F8             db    0
seg000:07F9             db    0
seg000:07FA             db    0
seg000:07FB             db    0
seg000:07FC             db 0FCh
seg000:07FD             db    7
seg000:07FE             db 0F9h
seg000:07FF             db  12h
seg000:0800             db 0F8h
seg000:0801             db  14h
seg000:0802             db 0FFh
seg000:0803             db 0FAh
seg000:0804             db 0FDh
seg000:0805             db  0Bh
seg000:0806             db 0C8h
seg000:0807             db 0FAh
seg000:0808             db    0
seg000:0809             db 0F8h
seg000:080A             db    0
seg000:080B             db    0
seg000:080C             db    0
seg000:080D             db    0
seg000:080E word_1080E      db 0FCh                 ; DATA XREF: routine_20+8↓r
seg000:080F             db    0
seg000:0810             db 0F9h
seg000:0811             db  32h ; 2
seg000:0812             db 0FAh
seg000:0813             db 0F9h
seg000:0814             db  4Ch ; L
seg000:0815             db  60h ; `
seg000:0816             db 0FAh
seg000:0817             db    0
seg000:0818             db 0FDh
seg000:0819             db    0
seg000:081A             db    0
seg000:081B             db    0
seg000:081C word_1081C      db 0FCh                 ; DATA XREF: routine_20+16↓r
seg000:081D             db    0
seg000:081E             db 0F9h
seg000:081F             db  32h ; 2
seg000:0820             db 0FAh
seg000:0821             db 0FAh
seg000:0822             db  53h ; S
seg000:0823             db  60h ; `
seg000:0824             db 0FAh
seg000:0825             db    0
seg000:0826             db    0
seg000:0827             db    0
seg000:0828 word_10828      db 0FCh                 ; DATA XREF: routine_20+21↓r
seg000:0829             db    0
seg000:082A             db 0F9h
seg000:082B             db  35h ; 5
seg000:082C             db    0
seg000:082D             db  24h ; $
seg000:082E             db  1Dh
seg000:082F             db  18h
seg000:0830             db  20h ;  
seg000:0831             db  18h
seg000:0832             db  22h ; "
seg000:0833             db  0Ch
seg000:0834             db    0
seg000:0835             db    0
seg000:0836 word_10836      db 0FCh                 ; DATA XREF: routine_20+2C↓r
seg000:0837             db  0Fh
seg000:0838             db 0F9h
seg000:0839             db  28h ; (
seg000:083A             db 0F8h
seg000:083B             db  0Ch
seg000:083C             db    1
seg000:083D             db 0FEh
seg000:083E             db    5
seg000:083F             db  0Ch
seg000:0840             db 0FFh
seg000:0841             db    7
seg000:0842             db 0F8h
seg000:0843             db    0
seg000:0844             db    0
seg000:0845             db    0
seg000:0846             db    0
seg000:0847             db    0
seg000:0848 word_10848      db 0FCh                 ; DATA XREF: routine_20+37↓r
seg000:0849             db    0
seg000:084A             db 0F9h
seg000:084B             db  27h ; '
seg000:084C             db    0
seg000:084D             db  24h ; $
seg000:084E             db  1Dh
seg000:084F             db  18h
seg000:0850             db 0FBh
seg000:0851             db  0Ch
seg000:0852             db  20h ;  
seg000:0853             db  18h
seg000:0854             db 0FBh
seg000:0855             db    6
seg000:0856             db  22h ; "
seg000:0857             db  0Ch
seg000:0858             db    0
seg000:0859             db    0
seg000:085A word_1085A      db 0FCh                 ; DATA XREF: routine_20+42↓r
seg000:085B             db    0
seg000:085C             db 0F9h
seg000:085D             db  23h ; #
seg000:085E             db    0
seg000:085F             db  24h ; $
seg000:0860             db  18h
seg000:0861             db  18h
seg000:0862             db 0FBh
seg000:0863             db  0Ch
seg000:0864             db  1Bh
seg000:0865             db  18h
seg000:0866             db 0FBh
seg000:0867             db    6
seg000:0868             db  29h ; )
seg000:0869             db  0Ch
seg000:086A             db    0
seg000:086B             db    0
seg000:086C             db 0FEh
seg000:086D             db 0FCh
seg000:086E             db    0
seg000:086F             db 0F9h
seg000:0870             db  35h ; 5
seg000:0871             db  20h ;  
seg000:0872             db  30h ; 0
seg000:0873             db 0F9h
seg000:0874             db  33h ; 3
seg000:0875             db  1Fh
seg000:0876             db  30h ; 0
seg000:0877             db 0F9h
seg000:0878             db  34h ; 4
seg000:0879             db  20h ;  
seg000:087A             db  30h ; 0
seg000:087B             db 0F9h
seg000:087C             db  32h ; 2
seg000:087D             db  1Dh
seg000:087E             db  30h ; 0
seg000:087F             db 0F9h
seg000:0880             db  33h ; 3
seg000:0881             db  1Fh
seg000:0882             db  30h ; 0
seg000:0883             db 0F9h
seg000:0884             db  31h ; 1
seg000:0885             db  1Bh
seg000:0886             db  30h ; 0
seg000:0887             db 0F9h
seg000:0888             db  30h ; 0
seg000:0889             db  1Dh
seg000:088A             db  60h ; `
seg000:088B             db 0F9h
seg000:088C             db  32h ; 2
seg000:088D             db 0FBh
seg000:088E             db 0FFh
seg000:088F             db  2Ch ; ,
seg000:0890             db  0Ch
seg000:0891             db 0FAh
seg000:0892             db 0FDh
seg000:0893             db  2Ch ; ,
seg000:0894             db  0Ch
seg000:0895             db 0FAh
seg000:0896             db    0
seg000:0897             db 0FBh
seg000:0898             db    6
seg000:0899             db  2Bh ; +
seg000:089A             db  48h ; H
seg000:089B             db 0FBh
seg000:089C             db 0FFh
seg000:089D             db  2Ch ; ,
seg000:089E             db  0Ch
seg000:089F             db 0FAh
seg000:08A0             db 0F6h
seg000:08A1             db  2Ch ; ,
seg000:08A2             db  0Ch
seg000:08A3             db 0FAh
seg000:08A4             db    0
seg000:08A5             db 0FBh
seg000:08A6             db    6
seg000:08A7             db  29h ; )
seg000:08A8             db  48h ; H
seg000:08A9             db 0FBh
seg000:08AA             db 0FFh
seg000:08AB             db  2Bh ; +
seg000:08AC             db  0Ch
seg000:08AD             db 0FAh
seg000:08AE             db 0F3h
seg000:08AF             db  2Bh ; +
seg000:08B0             db  0Ch
seg000:08B1             db 0FAh
seg000:08B2             db    0
seg000:08B3             db 0FBh
seg000:08B4             db    6
seg000:08B5             db  27h ; '
seg000:08B6             db  48h ; H
seg000:08B7             db 0F9h
seg000:08B8             db  30h ; 0
seg000:08B9             db  29h ; )
seg000:08BA             db  60h ; `
seg000:08BB             db 0F9h
seg000:08BC             db  33h ; 3
seg000:08BD             db 0FBh
seg000:08BE             db    0
seg000:08BF             db  24h ; $
seg000:08C0             db  30h ; 0
seg000:08C1             db  24h ; $
seg000:08C2             db  18h
seg000:08C3             db 0F9h
seg000:08C4             db  35h ; 5
seg000:08C5             db  25h ; %
seg000:08C6             db  18h
seg000:08C7             db 0F9h
seg000:08C8             db  34h ; 4
seg000:08C9             db 0F8h
seg000:08CA             db  18h
seg000:08CB             db 0FFh
seg000:08CC             db  24h ; $
seg000:08CD             db  18h
seg000:08CE             db  22h ; "
seg000:08CF             db  18h
seg000:08D0             db  20h ;  
seg000:08D1             db  18h
seg000:08D2             db  1Fh
seg000:08D3             db  18h
seg000:08D4             db 0F8h
seg000:08D5             db    0
seg000:08D6             db    0
seg000:08D7             db 0F9h
seg000:08D8             db  34h ; 4
seg000:08D9             db  22h ; "
seg000:08DA             db  30h ; 0
seg000:08DB             db  22h ; "
seg000:08DC             db  18h
seg000:08DD             db 0F9h
seg000:08DE             db  33h ; 3
seg000:08DF             db  24h ; $
seg000:08E0             db  18h
seg000:08E1             db  22h ; "
seg000:08E2             db  48h ; H
seg000:08E3             db 0F9h
seg000:08E4             db  35h ; 5
seg000:08E5             db  20h ;  
seg000:08E6             db  18h
seg000:08E7             db  20h ;  
seg000:08E8             db  60h ; `
seg000:08E9             db 0FCh
seg000:08EA             db  12h
seg000:08EB             db 0F9h
seg000:08EC             db  2Dh ; -
seg000:08ED             db    0
seg000:08EE             db  3Ch ; <
seg000:08EF             db  5Dh ; ]
seg000:08F0             db  18h
seg000:08F1             db  5Dh ; ]
seg000:08F2             db  24h ; $
seg000:08F3             db 0FCh
seg000:08F4             db  10h
seg000:08F5             db 0F9h
seg000:08F6             db  2Eh ; .
seg000:08F7             db 0FBh
seg000:08F8             db    6
seg000:08F9             db  29h ; )
seg000:08FA             db  18h
seg000:08FB             db 0FBh
seg000:08FC             db    0
seg000:08FD             db  2Ch ; ,
seg000:08FE             db  18h
seg000:08FF             db  2Eh ; .
seg000:0900             db  0Ch
seg000:0901             db 0FBh
seg000:0902             db    6
seg000:0903             db 0F9h
seg000:0904             db  32h ; 2
seg000:0905             db  30h ; 0
seg000:0906             db  12h
seg000:0907             db 0F9h
seg000:0908             db  2Eh ; .
seg000:0909             db    0
seg000:090A             db  12h
seg000:090B             db  29h ; )
seg000:090C             db  18h
seg000:090D             db 0FBh
seg000:090E             db    0
seg000:090F             db  2Ch ; ,
seg000:0910             db  18h
seg000:0911             db  2Eh ; .
seg000:0912             db  0Ch
seg000:0913             db 0FBh
seg000:0914             db    6
seg000:0915             db 0F9h
seg000:0916             db  31h ; 1
seg000:0917             db  29h ; )
seg000:0918             db  0Ch
seg000:0919             db 0F9h
seg000:091A             db  2Fh ; /
seg000:091B             db    0
seg000:091C             db  18h
seg000:091D             db  29h ; )
seg000:091E             db  18h
seg000:091F             db 0FBh
seg000:0920             db    0
seg000:0921             db  2Ch ; ,
seg000:0922             db  18h
seg000:0923             db 0F9h
seg000:0924             db  31h ; 1
seg000:0925             db  2Eh ; .
seg000:0926             db  0Ch
seg000:0927             db 0FCh
seg000:0928             db  11h
seg000:0929             db 0F9h
seg000:092A             db  32h ; 2
seg000:092B             db  30h ; 0
seg000:092C             db  24h ; $
seg000:092D             db 0FCh
seg000:092E             db  10h
seg000:092F             db  2Eh ; .
seg000:0930             db  0Ch
seg000:0931             db  2Ch ; ,
seg000:0932             db  0Ch
seg000:0933             db  2Eh ; .
seg000:0934             db  0Ch
seg000:0935             db  30h ; 0
seg000:0936             db  24h ; $
seg000:0937             db 0F9h
seg000:0938             db  2Eh ; .
seg000:0939             db 0FBh
seg000:093A             db    6
seg000:093B             db    0
seg000:093C             db  18h
seg000:093D             db  29h ; )
seg000:093E             db  18h
seg000:093F             db 0FBh
seg000:0940             db    0
seg000:0941             db  2Ch ; ,
seg000:0942             db  18h
seg000:0943             db  2Eh ; .
seg000:0944             db  0Ch
seg000:0945             db 0F9h
seg000:0946             db  32h ; 2
seg000:0947             db  30h ; 0
seg000:0948             db  12h
seg000:0949             db 0F9h
seg000:094A             db  2Eh ; .
seg000:094B             db 0FBh
seg000:094C             db    6
seg000:094D             db    0
seg000:094E             db  12h
seg000:094F             db  29h ; )
seg000:0950             db  18h
seg000:0951             db 0FBh
seg000:0952             db    0
seg000:0953             db  2Ch ; ,
seg000:0954             db  18h
seg000:0955             db 0F9h
seg000:0956             db  2Fh ; /
seg000:0957             db  2Eh ; .
seg000:0958             db  0Ch
seg000:0959             db 0F9h
seg000:095A             db  31h ; 1
seg000:095B             db  30h ; 0
seg000:095C             db  18h
seg000:095D             db 0F9h
seg000:095E             db  30h ; 0
seg000:095F             db  33h ; 3
seg000:0960             db  0Ch
seg000:0961             db  33h ; 3
seg000:0962             db  0Ch
seg000:0963             db  30h ; 0
seg000:0964             db  0Ch
seg000:0965             db  35h ; 5
seg000:0966             db  0Ch
seg000:0967             db  33h ; 3
seg000:0968             db  24h ; $
seg000:0969             db 0FCh
seg000:096A             db    0
seg000:096B             db 0F9h
seg000:096C             db  35h ; 5
seg000:096D             db  20h ;  
seg000:096E             db  30h ; 0
seg000:096F             db  21h ; !
seg000:0970             db  30h ; 0
seg000:0971             db  25h ; %
seg000:0972             db  30h ; 0
seg000:0973             db  24h ; $
seg000:0974             db  30h ; 0
seg000:0975             db  25h ; %
seg000:0976             db  30h ; 0
seg000:0977             db  22h ; "
seg000:0978             db  30h ; 0
seg000:0979             db  24h ; $
seg000:097A             db  30h ; 0
seg000:097B             db  20h ;  
seg000:097C             db  30h ; 0
seg000:097D             db  22h ; "
seg000:097E             db  60h ; `
seg000:097F             db 0FBh
seg000:0980             db 0FFh
seg000:0981             db  25h ; %
seg000:0982             db  0Ch
seg000:0983             db 0FAh
seg000:0984             db 0FEh
seg000:0985             db  25h ; %
seg000:0986             db  0Ch
seg000:0987             db 0FAh
seg000:0988             db    0
seg000:0989             db 0FBh
seg000:098A             db    6
seg000:098B             db  24h ; $
seg000:098C             db  48h ; H
seg000:098D             db 0FBh
seg000:098E             db 0FFh
seg000:098F             db  25h ; %
seg000:0990             db  0Ch
seg000:0991             db 0FAh
seg000:0992             db 0F9h
seg000:0993             db  25h ; %
seg000:0994             db  0Ch
seg000:0995             db 0FAh
seg000:0996             db    0
seg000:0997             db 0FBh
seg000:0998             db    6
seg000:0999             db  22h ; "
seg000:099A             db  48h ; H
seg000:099B             db 0FBh
seg000:099C             db 0FFh
seg000:099D             db  24h ; $
seg000:099E             db  0Ch
seg000:099F             db 0FAh
seg000:09A0             db 0F8h
seg000:09A1             db  24h ; $
seg000:09A2             db  0Ch
seg000:09A3             db 0FAh
seg000:09A4             db    0
seg000:09A5             db 0FBh
seg000:09A6             db    6
seg000:09A7             db  20h ;  
seg000:09A8             db  48h ; H
seg000:09A9             db  22h ; "
seg000:09AA             db  60h ; `
seg000:09AB             db 0FBh
seg000:09AC             db    0
seg000:09AD             db  1Dh
seg000:09AE             db  30h ; 0
seg000:09AF             db  1Dh
seg000:09B0             db  18h
seg000:09B1             db  1Eh
seg000:09B2             db  18h
seg000:09B3             db  1Dh
seg000:09B4             db  18h
seg000:09B5             db  1Bh
seg000:09B6             db  18h
seg000:09B7             db  19h
seg000:09B8             db  18h
seg000:09B9             db  18h
seg000:09BA             db  18h
seg000:09BB             db  1Bh
seg000:09BC             db  30h ; 0
seg000:09BD             db  1Bh
seg000:09BE             db  18h
seg000:09BF             db  1Dh
seg000:09C0             db  18h
seg000:09C1             db  1Bh
seg000:09C2             db  48h ; H
seg000:09C3             db  19h
seg000:09C4             db  18h
seg000:09C5             db  19h
seg000:09C6             db  60h ; `
seg000:09C7             db  19h
seg000:09C8             db  30h ; 0
seg000:09C9             db  18h
seg000:09CA             db  18h
seg000:09CB             db  1Ch
seg000:09CC             db  18h
seg000:09CD             db 0FFh
seg000:09CE             db    1
seg000:09CF             db 0FDh
seg000:09D0             db    0
seg000:09D1             db    0
seg000:09D2             db 0FCh
seg000:09D3             db  0Fh
seg000:09D4             db 0F9h
seg000:09D5             db  2Eh ; .
seg000:09D6             db 0FBh
seg000:09D7             db    3
seg000:09D8             db 0FEh
seg000:09D9             db  11h
seg000:09DA             db  0Ch
seg000:09DB             db 0FFh
seg000:09DC             db    7
seg000:09DD             db  0Dh
seg000:09DE             db  0Ch
seg000:09DF             db 0FFh
seg000:09E0             db    7
seg000:09E1             db  0Fh
seg000:09E2             db  0Ch
seg000:09E3             db 0FFh
seg000:09E4             db    7
seg000:09E5             db  11h
seg000:09E6             db  0Ch
seg000:09E7             db 0FFh
seg000:09E8             db  0Fh
seg000:09E9             db  0Dh
seg000:09EA             db  0Ch
seg000:09EB             db 0FFh
seg000:09EC             db    7
seg000:09ED             db  0Fh
seg000:09EE             db  0Ch
seg000:09EF             db 0FFh
seg000:09F0             db    7
seg000:09F1             db  11h
seg000:09F2             db  0Ch
seg000:09F3             db 0FFh
seg000:09F4             db  0Fh
seg000:09F5             db  0Dh
seg000:09F6             db  0Ch
seg000:09F7             db 0FFh
seg000:09F8             db    7
seg000:09F9             db  0Fh
seg000:09FA             db  0Ch
seg000:09FB             db 0FFh
seg000:09FC             db    7
seg000:09FD             db  0Dh
seg000:09FE             db  0Ch
seg000:09FF             db 0FFh
seg000:0A00             db  14h
seg000:0A01             db  0Fh
seg000:0A02             db  0Ch
seg000:0A03             db  0Fh
seg000:0A04             db  0Ch
seg000:0A05             db    8
seg000:0A06             db  0Ch
seg000:0A07             db 0FEh
seg000:0A08             db    8
seg000:0A09             db  0Ch
seg000:0A0A             db 0FFh
seg000:0A0B             db    7
seg000:0A0C             db  0Ah
seg000:0A0D             db  0Ch
seg000:0A0E             db 0FFh
seg000:0A0F             db    7
seg000:0A10             db  0Dh
seg000:0A11             db  0Ch
seg000:0A12             db 0FFh
seg000:0A13             db    7
seg000:0A14             db  0Fh
seg000:0A15             db  0Ch
seg000:0A16             db 0FFh
seg000:0A17             db    7
seg000:0A18             db  0Ah
seg000:0A19             db  0Ch
seg000:0A1A             db 0FFh
seg000:0A1B             db    7
seg000:0A1C             db  0Dh
seg000:0A1D             db  0Ch
seg000:0A1E             db 0FFh
seg000:0A1F             db    7
seg000:0A20             db  0Fh
seg000:0A21             db  0Ch
seg000:0A22             db 0FFh
seg000:0A23             db  0Bh
seg000:0A24             db  11h
seg000:0A25             db  0Ch
seg000:0A26             db 0FFh
seg000:0A27             db    3
seg000:0A28             db  0Ah
seg000:0A29             db  0Ch
seg000:0A2A             db 0FFh
seg000:0A2B             db    7
seg000:0A2C             db    6
seg000:0A2D             db  0Ch
seg000:0A2E             db 0FFh
seg000:0A2F             db    7
seg000:0A30             db    8
seg000:0A31             db  0Ch
seg000:0A32             db 0FFh
seg000:0A33             db    7
seg000:0A34             db  0Ah
seg000:0A35             db  0Ch
seg000:0A36             db 0FFh
seg000:0A37             db  0Fh
seg000:0A38             db    6
seg000:0A39             db  0Ch
seg000:0A3A             db 0FFh
seg000:0A3B             db    7
seg000:0A3C             db    8
seg000:0A3D             db  0Ch
seg000:0A3E             db 0FFh
seg000:0A3F             db    7
seg000:0A40             db  0Ah
seg000:0A41             db  0Ch
seg000:0A42             db 0FFh
seg000:0A43             db  0Fh
seg000:0A44             db    6
seg000:0A45             db  0Ch
seg000:0A46             db 0FFh
seg000:0A47             db    7
seg000:0A48             db    8
seg000:0A49             db  0Ch
seg000:0A4A             db 0FFh
seg000:0A4B             db    7
seg000:0A4C             db    6
seg000:0A4D             db  0Ch
seg000:0A4E             db 0FFh
seg000:0A4F             db    7
seg000:0A50             db  0Ah
seg000:0A51             db  0Ch
seg000:0A52             db 0FFh
seg000:0A53             db    7
seg000:0A54             db  0Bh
seg000:0A55             db  0Ch
seg000:0A56             db 0FFh
seg000:0A57             db    2
seg000:0A58             db  0Ch
seg000:0A59             db  0Ch
seg000:0A5A             db 0FFh
seg000:0A5B             db    4
seg000:0A5C             db 0FDh
seg000:0A5D             db    0
seg000:0A5E             db    0
seg000:0A5F             db    0
seg000:0A60             db 0FCh
seg000:0A61             db    0
seg000:0A62             db 0F9h
seg000:0A63             db  27h ; '
seg000:0A64             db  24h ; $
seg000:0A65             db  60h ; `
seg000:0A66             db  20h ;  
seg000:0A67             db  60h ; `
seg000:0A68             db  22h ; "
seg000:0A69             db  60h ; `
seg000:0A6A             db  1Dh
seg000:0A6B             db  60h ; `
seg000:0A6C             db  24h ; $
seg000:0A6D             db  60h ; `
seg000:0A6E             db  20h ;  
seg000:0A6F             db  60h ; `
seg000:0A70             db  22h ; "
seg000:0A71             db  60h ; `
seg000:0A72             db  1Dh
seg000:0A73             db  60h ; `
seg000:0A74             db  24h ; $
seg000:0A75             db  60h ; `
seg000:0A76             db  20h ;  
seg000:0A77             db  60h ; `
seg000:0A78             db  22h ; "
seg000:0A79             db  60h ; `
seg000:0A7A             db  20h ;  
seg000:0A7B             db  60h ; `
seg000:0A7C             db  20h ;  
seg000:0A7D             db  90h
seg000:0A7E             db    0
seg000:0A7F             db  0Ch
seg000:0A80             db  22h ; "
seg000:0A81             db  18h
seg000:0A82             db  20h ;  
seg000:0A83             db  6Ch ; l
seg000:0A84             db  1Dh
seg000:0A85             db  60h ; `
seg000:0A86             db  20h ;  
seg000:0A87             db  60h ; `
seg000:0A88             db  1Bh
seg000:0A89             db  60h ; `
seg000:0A8A             db  1Dh
seg000:0A8B             db  60h ; `
seg000:0A8C             db  19h
seg000:0A8D             db  60h ; `
seg000:0A8E             db  1Bh
seg000:0A8F             db  60h ; `
seg000:0A90             db 0FCh
seg000:0A91             db  12h
seg000:0A92             db 0F9h
seg000:0A93             db  2Dh ; -
seg000:0A94             db  5Dh ; ]
seg000:0A95             db  30h ; 0
seg000:0A96             db  5Dh ; ]
seg000:0A97             db  30h ; 0
seg000:0A98             db 0FCh
seg000:0A99             db    0
seg000:0A9A             db 0F9h
seg000:0A9B             db  29h ; )
seg000:0A9C             db  1Dh
seg000:0A9D             db  60h ; `
seg000:0A9E             db  1Eh
seg000:0A9F             db  60h ; `
seg000:0AA0             db  20h ;  
seg000:0AA1             db  60h ; `
seg000:0AA2             db 0FCh
seg000:0AA3             db  12h
seg000:0AA4             db 0F9h
seg000:0AA5             db  2Dh ; -
seg000:0AA6             db  5Dh ; ]
seg000:0AA7             db  60h ; `
seg000:0AA8             db 0FCh
seg000:0AA9             db    0
seg000:0AAA             db 0F9h
seg000:0AAB             db  27h ; '
seg000:0AAC             db  1Dh
seg000:0AAD             db  60h ; `
seg000:0AAE             db  1Eh
seg000:0AAF             db  60h ; `
seg000:0AB0             db  20h ;  
seg000:0AB1             db  60h ; `
seg000:0AB2             db  22h ; "
seg000:0AB3             db  60h ; `
seg000:0AB4             db  1Dh
seg000:0AB5             db  60h ; `
seg000:0AB6             db 0F9h
seg000:0AB7             db  28h ; (
seg000:0AB8             db  1Eh
seg000:0AB9             db  60h ; `
seg000:0ABA             db  20h ;  
seg000:0ABB             db  60h ; `
seg000:0ABC             db  1Eh
seg000:0ABD             db  60h ; `
seg000:0ABE             db 0F9h
seg000:0ABF             db  2Ah ; *
seg000:0AC0             db  1Dh
seg000:0AC1             db  60h ; `
seg000:0AC2             db 0F9h
seg000:0AC3             db  2Bh ; +
seg000:0AC4             db  20h ;  
seg000:0AC5             db  60h ; `
seg000:0AC6             db 0FDh
seg000:0AC7             db    0
seg000:0AC8             db    0
seg000:0AC9             db    0
seg000:0ACA             db 0FCh
seg000:0ACB             db    0
seg000:0ACC             db 0F9h
seg000:0ACD             db  30h ; 0
seg000:0ACE             db  29h ; )
seg000:0ACF             db  60h ; `
seg000:0AD0             db  25h ; %
seg000:0AD1             db  60h ; `
seg000:0AD2             db  27h ; '
seg000:0AD3             db  60h ; `
seg000:0AD4             db  24h ; $
seg000:0AD5             db  60h ; `
seg000:0AD6             db  29h ; )
seg000:0AD7             db  60h ; `
seg000:0AD8             db  25h ; %
seg000:0AD9             db  60h ; `
seg000:0ADA             db  27h ; '
seg000:0ADB             db  60h ; `
seg000:0ADC             db  24h ; $
seg000:0ADD             db  60h ; `
seg000:0ADE             db 0FCh
seg000:0ADF             db    0
seg000:0AE0             db 0F9h
seg000:0AE1             db  27h ; '
seg000:0AE2             db  29h ; )
seg000:0AE3             db  60h ; `
seg000:0AE4             db  25h ; %
seg000:0AE5             db  30h ; 0
seg000:0AE6             db  25h ; %
seg000:0AE7             db  18h
seg000:0AE8             db  27h ; '
seg000:0AE9             db  18h
seg000:0AEA             db  25h ; %
seg000:0AEB             db  18h
seg000:0AEC             db  24h ; $
seg000:0AED             db  18h
seg000:0AEE             db  22h ; "
seg000:0AEF             db  18h
seg000:0AF0             db  20h ;  
seg000:0AF1             db  18h
seg000:0AF2             db  25h ; %
seg000:0AF3             db  60h ; `
seg000:0AF4             db  20h ;  
seg000:0AF5             db  90h
seg000:0AF6             db    0
seg000:0AF7             db  0Ch
seg000:0AF8             db  27h ; '
seg000:0AF9             db  18h
seg000:0AFA             db  24h ; $
seg000:0AFB             db  6Ch ; l
seg000:0AFC             db  22h ; "
seg000:0AFD             db  60h ; `
seg000:0AFE             db  25h ; %
seg000:0AFF             db  60h ; `
seg000:0B00             db  22h ; "
seg000:0B01             db  60h ; `
seg000:0B02             db  22h ; "
seg000:0B03             db  60h ; `
seg000:0B04             db  20h ;  
seg000:0B05             db  60h ; `
seg000:0B06             db  22h ; "
seg000:0B07             db  60h ; `
seg000:0B08             db 0F9h
seg000:0B09             db  29h ; )
seg000:0B0A             db  28h ; (
seg000:0B0B             db  30h ; 0
seg000:0B0C             db 0F9h
seg000:0B0D             db  2Bh ; +
seg000:0B0E             db  29h ; )
seg000:0B0F             db  30h ; 0
seg000:0B10             db 0F9h
seg000:0B11             db  2Ah ; *
seg000:0B12             db  22h ; "
seg000:0B13             db  60h ; `
seg000:0B14             db  25h ; %
seg000:0B15             db  60h ; `
seg000:0B16             db  24h ; $
seg000:0B17             db  60h ; `
seg000:0B18             db  29h ; )
seg000:0B19             db  60h ; `
seg000:0B1A             db 0FCh
seg000:0B1B             db  12h
seg000:0B1C             db 0F9h
seg000:0B1D             db  2Dh ; -
seg000:0B1E             db  5Dh ; ]
seg000:0B1F             db  60h ; `
seg000:0B20             db 0FCh
seg000:0B21             db    0
seg000:0B22             db 0F9h
seg000:0B23             db  28h ; (
seg000:0B24             db  25h ; %
seg000:0B25             db  60h ; `
seg000:0B26             db  24h ; $
seg000:0B27             db  60h ; `
seg000:0B28             db  29h ; )
seg000:0B29             db  60h ; `
seg000:0B2A             db  22h ; "
seg000:0B2B             db  60h ; `
seg000:0B2C             db  25h ; %
seg000:0B2D             db  30h ; 0
seg000:0B2E             db  25h ; %
seg000:0B2F             db  18h
seg000:0B30             db  27h ; '
seg000:0B31             db  18h
seg000:0B32             db 0F9h
seg000:0B33             db  27h ; '
seg000:0B34             db  25h ; %
seg000:0B35             db  18h
seg000:0B36             db  24h ; $
seg000:0B37             db  18h
seg000:0B38             db  22h ; "
seg000:0B39             db  18h
seg000:0B3A             db  20h ;  
seg000:0B3B             db  18h
seg000:0B3C             db 0F9h
seg000:0B3D             db  2Ah ; *
seg000:0B3E             db  25h ; %
seg000:0B3F             db  60h ; `
seg000:0B40             db 0FCh
seg000:0B41             db  12h
seg000:0B42             db 0F9h
seg000:0B43             db  2Dh ; -
seg000:0B44             db  5Dh ; ]
seg000:0B45             db  60h ; `
seg000:0B46             db  5Dh ; ]
seg000:0B47             db  30h ; 0
seg000:0B48             db 0FCh
seg000:0B49             db    0
seg000:0B4A             db 0F9h
seg000:0B4B             db  2Ch ; ,
seg000:0B4C             db  24h ; $
seg000:0B4D             db  30h ; 0
seg000:0B4E             db 0FDh
seg000:0B4F             db    0
seg000:0B50             db    0
seg000:0B51             db    0
seg000:0B52             db 0FCh
seg000:0B53             db  0Eh
seg000:0B54             db 0F9h
seg000:0B55             db  23h ; #
seg000:0B56             db 0FBh
seg000:0B57             db    5
seg000:0B58             db 0FCh
seg000:0B59             db  12h
seg000:0B5A             db 0F9h
seg000:0B5B             db  2Dh ; -
seg000:0B5C             db  5Dh ; ]
seg000:0B5D             db  18h
seg000:0B5E             db 0FCh
seg000:0B5F             db  0Eh
seg000:0B60             db 0F9h
seg000:0B61             db  23h ; #
seg000:0B62             db  35h ; 5
seg000:0B63             db  18h
seg000:0B64             db  33h ; 3
seg000:0B65             db  18h
seg000:0B66             db  30h ; 0
seg000:0B67             db  0Ch
seg000:0B68             db  30h ; 0
seg000:0B69             db  0Ch
seg000:0B6A             db 0FCh
seg000:0B6B             db  12h
seg000:0B6C             db 0F9h
seg000:0B6D             db  2Dh ; -
seg000:0B6E             db  5Dh ; ]
seg000:0B6F             db  18h
seg000:0B70             db 0FCh
seg000:0B71             db  0Eh
seg000:0B72             db 0F9h
seg000:0B73             db  23h ; #
seg000:0B74             db  35h ; 5
seg000:0B75             db  18h
seg000:0B76             db  33h ; 3
seg000:0B77             db  0Ch
seg000:0B78             db  33h ; 3
seg000:0B79             db  0Ch
seg000:0B7A             db  30h ; 0
seg000:0B7B             db  0Ch
seg000:0B7C             db  2Eh ; .
seg000:0B7D             db  0Ch
seg000:0B7E             db 0FCh
seg000:0B7F             db  12h
seg000:0B80             db 0F9h
seg000:0B81             db  2Dh ; -
seg000:0B82             db  5Dh ; ]
seg000:0B83             db  18h
seg000:0B84             db 0FCh
seg000:0B85             db  0Eh
seg000:0B86             db 0F9h
seg000:0B87             db  2Dh ; -
seg000:0B88             db  35h ; 5
seg000:0B89             db  18h
seg000:0B8A             db  33h ; 3
seg000:0B8B             db  18h
seg000:0B8C             db  30h ; 0
seg000:0B8D             db  0Ch
seg000:0B8E             db  30h ; 0
seg000:0B8F             db  0Ch
seg000:0B90             db 0FCh
seg000:0B91             db  12h
seg000:0B92             db 0F9h
seg000:0B93             db  2Dh ; -
seg000:0B94             db  5Dh ; ]
seg000:0B95             db  18h
seg000:0B96             db 0FCh
seg000:0B97             db  0Eh
seg000:0B98             db 0F9h
seg000:0B99             db  2Ah ; *
seg000:0B9A             db 0F8h
seg000:0B9B             db  18h
seg000:0B9C             db    1
seg000:0B9D             db  35h ; 5
seg000:0B9E             db  0Ch
seg000:0B9F             db  35h ; 5
seg000:0BA0             db  0Ch
seg000:0BA1             db  33h ; 3
seg000:0BA2             db  0Ch
seg000:0BA3             db  35h ; 5
seg000:0BA4             db  0Ch
seg000:0BA5             db  37h ; 7
seg000:0BA6             db  0Ch
seg000:0BA7             db  38h ; 8
seg000:0BA8             db  0Ch
seg000:0BA9             db 0F8h
seg000:0BAA             db    0
seg000:0BAB             db    0
seg000:0BAC             db 0FCh
seg000:0BAD             db  12h
seg000:0BAE             db 0F9h
seg000:0BAF             db  23h ; #
seg000:0BB0             db  5Dh ; ]
seg000:0BB1             db  18h
seg000:0BB2             db 0FCh
seg000:0BB3             db  0Eh
seg000:0BB4             db 0F9h
seg000:0BB5             db  24h ; $
seg000:0BB6             db 0FBh
seg000:0BB7             db 0FFh
seg000:0BB8             db  35h ; 5
seg000:0BB9             db  0Ch
seg000:0BBA             db 0FAh
seg000:0BBB             db 0FAh
seg000:0BBC             db  35h ; 5
seg000:0BBD             db  0Ch
seg000:0BBE             db 0FAh
seg000:0BBF             db    0
seg000:0BC0             db 0FBh
seg000:0BC1             db    3
seg000:0BC2             db  33h ; 3
seg000:0BC3             db  18h
seg000:0BC4             db  30h ; 0
seg000:0BC5             db  0Ch
seg000:0BC6             db  30h ; 0
seg000:0BC7             db  0Ch
seg000:0BC8             db 0FCh
seg000:0BC9             db  12h
seg000:0BCA             db 0F9h
seg000:0BCB             db  2Dh ; -
seg000:0BCC             db  5Dh ; ]
seg000:0BCD             db  18h
seg000:0BCE             db 0FCh
seg000:0BCF             db  0Eh
seg000:0BD0             db 0F9h
seg000:0BD1             db  24h ; $
seg000:0BD2             db 0FBh
seg000:0BD3             db 0FFh
seg000:0BD4             db  35h ; 5
seg000:0BD5             db  0Ch
seg000:0BD6             db 0FAh
seg000:0BD7             db 0FAh
seg000:0BD8             db  35h ; 5
seg000:0BD9             db  0Ch
seg000:0BDA             db 0FAh
seg000:0BDB             db    0
seg000:0BDC             db 0FBh
seg000:0BDD             db    3
seg000:0BDE             db  33h ; 3
seg000:0BDF             db  0Ch
seg000:0BE0             db  33h ; 3
seg000:0BE1             db  0Ch
seg000:0BE2             db  30h ; 0
seg000:0BE3             db  0Ch
seg000:0BE4             db  2Eh ; .
seg000:0BE5             db  0Ch
seg000:0BE6             db 0FCh
seg000:0BE7             db  12h
seg000:0BE8             db 0F9h
seg000:0BE9             db  2Dh ; -
seg000:0BEA             db  5Dh ; ]
seg000:0BEB             db  18h
seg000:0BEC             db 0FCh
seg000:0BED             db  0Eh
seg000:0BEE             db 0F9h
seg000:0BEF             db  24h ; $
seg000:0BF0             db 0FBh
seg000:0BF1             db 0FFh
seg000:0BF2             db  35h ; 5
seg000:0BF3             db  0Ch
seg000:0BF4             db 0FAh
seg000:0BF5             db 0FAh
seg000:0BF6             db  35h ; 5
seg000:0BF7             db  0Ch
seg000:0BF8             db 0FAh
seg000:0BF9             db    0
seg000:0BFA             db 0FBh
seg000:0BFB             db    3
seg000:0BFC             db  33h ; 3
seg000:0BFD             db  18h
seg000:0BFE             db  30h ; 0
seg000:0BFF             db  0Ch
seg000:0C00             db  30h ; 0
seg000:0C01             db  0Ch
seg000:0C02             db 0FCh
seg000:0C03             db  12h
seg000:0C04             db 0F9h
seg000:0C05             db  2Dh ; -
seg000:0C06             db  5Dh ; ]
seg000:0C07             db  18h
seg000:0C08             db 0FCh
seg000:0C09             db  0Eh
seg000:0C0A             db 0F9h
seg000:0C0B             db  2Bh ; +
seg000:0C0C             db 0F8h
seg000:0C0D             db  18h
seg000:0C0E             db    1
seg000:0C0F             db  35h ; 5
seg000:0C10             db  0Ch
seg000:0C11             db  35h ; 5
seg000:0C12             db  0Ch
seg000:0C13             db  33h ; 3
seg000:0C14             db  0Ch
seg000:0C15             db  35h ; 5
seg000:0C16             db  0Ch
seg000:0C17             db  37h ; 7
seg000:0C18             db  0Ch
seg000:0C19             db  38h ; 8
seg000:0C1A             db  0Ch
seg000:0C1B             db 0F8h
seg000:0C1C             db    0
seg000:0C1D             db    0
seg000:0C1E             db 0F9h
seg000:0C1F             db  23h ; #
seg000:0C20             db    0
seg000:0C21             db  18h
seg000:0C22             db  35h ; 5
seg000:0C23             db  18h
seg000:0C24             db  33h ; 3
seg000:0C25             db  18h
seg000:0C26             db  30h ; 0
seg000:0C27             db  0Ch
seg000:0C28             db  30h ; 0
seg000:0C29             db  0Ch
seg000:0C2A             db    0
seg000:0C2B             db  18h
seg000:0C2C             db  35h ; 5
seg000:0C2D             db  18h
seg000:0C2E             db  33h ; 3
seg000:0C2F             db  0Ch
seg000:0C30             db  33h ; 3
seg000:0C31             db  0Ch
seg000:0C32             db  30h ; 0
seg000:0C33             db  0Ch
seg000:0C34             db  2Eh ; .
seg000:0C35             db  0Ch
seg000:0C36             db    0
seg000:0C37             db  18h
seg000:0C38             db  35h ; 5
seg000:0C39             db  18h
seg000:0C3A             db  33h ; 3
seg000:0C3B             db  18h
seg000:0C3C             db  30h ; 0
seg000:0C3D             db  0Ch
seg000:0C3E             db  2Eh ; .
seg000:0C3F             db  0Ch
seg000:0C40             db    0
seg000:0C41             db  0Ch
seg000:0C42             db  35h ; 5
seg000:0C43             db  0Ch
seg000:0C44             db  35h ; 5
seg000:0C45             db  0Ch
seg000:0C46             db  35h ; 5
seg000:0C47             db  0Ch
seg000:0C48             db  33h ; 3
seg000:0C49             db  0Ch
seg000:0C4A             db  35h ; 5
seg000:0C4B             db  0Ch
seg000:0C4C             db  37h ; 7
seg000:0C4D             db  0Ch
seg000:0C4E             db  38h ; 8
seg000:0C4F             db  0Ch
seg000:0C50             db 0FBh
seg000:0C51             db    0
seg000:0C52             db 0F9h
seg000:0C53             db  26h ; &
seg000:0C54             db 0F8h
seg000:0C55             db  18h
seg000:0C56             db    1
seg000:0C57             db  25h ; %
seg000:0C58             db    6
seg000:0C59             db  24h ; $
seg000:0C5A             db    6
seg000:0C5B             db  25h ; %
seg000:0C5C             db    6
seg000:0C5D             db  27h ; '
seg000:0C5E             db    6
seg000:0C5F             db  29h ; )
seg000:0C60             db    6
seg000:0C61             db  27h ; '
seg000:0C62             db    6
seg000:0C63             db  29h ; )
seg000:0C64             db    6
seg000:0C65             db  2Bh ; +
seg000:0C66             db    6
seg000:0C67             db  2Ch ; ,
seg000:0C68             db    6
seg000:0C69             db  2Bh ; +
seg000:0C6A             db    6
seg000:0C6B             db  2Ch ; ,
seg000:0C6C             db    6
seg000:0C6D             db  2Eh ; .
seg000:0C6E             db    6
seg000:0C6F             db  30h ; 0
seg000:0C70             db    6
seg000:0C71             db  2Eh ; .
seg000:0C72             db    6
seg000:0C73             db  2Ch ; ,
seg000:0C74             db    6
seg000:0C75             db  2Bh ; +
seg000:0C76             db    6
seg000:0C77             db 0F9h
seg000:0C78             db  2Bh ; +
seg000:0C79             db  31h ; 1
seg000:0C7A             db    6
seg000:0C7B             db  30h ; 0
seg000:0C7C             db    6
seg000:0C7D             db  31h ; 1
seg000:0C7E             db    6
seg000:0C7F             db  33h ; 3
seg000:0C80             db    6
seg000:0C81             db  35h ; 5
seg000:0C82             db    6
seg000:0C83             db  33h ; 3
seg000:0C84             db    6
seg000:0C85             db  35h ; 5
seg000:0C86             db    6
seg000:0C87             db  37h ; 7
seg000:0C88             db    6
seg000:0C89             db  38h ; 8
seg000:0C8A             db    6
seg000:0C8B             db  37h ; 7
seg000:0C8C             db    6
seg000:0C8D             db  38h ; 8
seg000:0C8E             db    6
seg000:0C8F             db  3Ch ; <
seg000:0C90             db    6
seg000:0C91             db  3Dh ; =
seg000:0C92             db    6
seg000:0C93             db  3Ch ; <
seg000:0C94             db    6
seg000:0C95             db  3Dh ; =
seg000:0C96             db    6
seg000:0C97             db  3Fh ; ?
seg000:0C98             db    6
seg000:0C99             db 0F8h
seg000:0C9A             db    0
seg000:0C9B             db    0
seg000:0C9C             db 0FBh
seg000:0C9D             db    3
seg000:0C9E             db 0F9h
seg000:0C9F             db  24h ; $
seg000:0CA0             db 0F8h
seg000:0CA1             db  0Ch
seg000:0CA2             db 0FFh
seg000:0CA3             db  3Ch ; <
seg000:0CA4             db  60h ; `
seg000:0CA5             db 0F8h
seg000:0CA6             db    0
seg000:0CA7             db    0
seg000:0CA8             db 0F9h
seg000:0CA9             db  24h ; $
seg000:0CAA             db  2Eh ; .
seg000:0CAB             db  60h ; `
seg000:0CAC             db  29h ; )
seg000:0CAD             db  60h ; `
seg000:0CAE             db  2Bh ; +
seg000:0CAF             db  60h ; `
seg000:0CB0             db  2Eh ; .
seg000:0CB1             db  60h ; `
seg000:0CB2             db  29h ; )
seg000:0CB3             db  60h ; `
seg000:0CB4             db  2Bh ; +
seg000:0CB5             db  60h ; `
seg000:0CB6             db 0F9h
seg000:0CB7             db  2Ah ; *
seg000:0CB8             db 0F8h
seg000:0CB9             db  10h
seg000:0CBA             db    1
seg000:0CBB             db  2Fh ; /
seg000:0CBC             db  0Ch
seg000:0CBD             db  34h ; 4
seg000:0CBE             db  0Ch
seg000:0CBF             db  34h ; 4
seg000:0CC0             db  0Ch
seg000:0CC1             db  2Fh ; /
seg000:0CC2             db  0Ch
seg000:0CC3             db  30h ; 0
seg000:0CC4             db  0Ch
seg000:0CC5             db  35h ; 5
seg000:0CC6             db  24h ; $
seg000:0CC7             db 0F8h
seg000:0CC8             db    0
seg000:0CC9             db    0
seg000:0CCA             db 0FCh
seg000:0CCB             db  12h
seg000:0CCC             db 0F9h
seg000:0CCD             db  2Dh ; -
seg000:0CCE             db  5Dh ; ]
seg000:0CCF             db  18h
seg000:0CD0             db 0FCh
seg000:0CD1             db  0Eh
seg000:0CD2             db 0F9h
seg000:0CD3             db  25h ; %
seg000:0CD4             db  3Ah ; :
seg000:0CD5             db  18h
seg000:0CD6             db  38h ; 8
seg000:0CD7             db  18h
seg000:0CD8             db  35h ; 5
seg000:0CD9             db  0Ch
seg000:0CDA             db  35h ; 5
seg000:0CDB             db  0Ch
seg000:0CDC             db 0FCh
seg000:0CDD             db  12h
seg000:0CDE             db 0F9h
seg000:0CDF             db  2Dh ; -
seg000:0CE0             db  5Dh ; ]
seg000:0CE1             db  18h
seg000:0CE2             db 0FCh
seg000:0CE3             db  0Eh
seg000:0CE4             db 0F9h
seg000:0CE5             db  25h ; %
seg000:0CE6             db  3Ah ; :
seg000:0CE7             db  18h
seg000:0CE8             db  38h ; 8
seg000:0CE9             db  0Ch
seg000:0CEA             db  38h ; 8
seg000:0CEB             db  0Ch
seg000:0CEC             db  35h ; 5
seg000:0CED             db  0Ch
seg000:0CEE             db  33h ; 3
seg000:0CEF             db  0Ch
seg000:0CF0             db 0FCh
seg000:0CF1             db  12h
seg000:0CF2             db 0F9h
seg000:0CF3             db  2Dh ; -
seg000:0CF4             db  5Dh ; ]
seg000:0CF5             db  18h
seg000:0CF6             db 0FCh
seg000:0CF7             db  0Eh
seg000:0CF8             db 0F9h
seg000:0CF9             db  25h ; %
seg000:0CFA             db  3Ah ; :
seg000:0CFB             db  18h
seg000:0CFC             db  38h ; 8
seg000:0CFD             db  18h
seg000:0CFE             db  36h ; 6
seg000:0CFF             db  18h
seg000:0D00             db 0FBh
seg000:0D01             db    0
seg000:0D02             db 0F9h
seg000:0D03             db  28h ; (
seg000:0D04             db 0F8h
seg000:0D05             db  18h
seg000:0D06             db    1
seg000:0D07             db  2Eh ; .
seg000:0D08             db    6
seg000:0D09             db  2Dh ; -
seg000:0D0A             db    6
seg000:0D0B             db  2Eh ; .
seg000:0D0C             db    6
seg000:0D0D             db  30h ; 0
seg000:0D0E             db    6
seg000:0D0F             db  31h ; 1
seg000:0D10             db    6
seg000:0D11             db  30h ; 0
seg000:0D12             db    6
seg000:0D13             db  31h ; 1
seg000:0D14             db    6
seg000:0D15             db  33h ; 3
seg000:0D16             db    6
seg000:0D17             db  35h ; 5
seg000:0D18             db    6
seg000:0D19             db  33h ; 3
seg000:0D1A             db    6
seg000:0D1B             db  35h ; 5
seg000:0D1C             db    6
seg000:0D1D             db  36h ; 6
seg000:0D1E             db    6
seg000:0D1F             db  35h ; 5
seg000:0D20             db    6
seg000:0D21             db  33h ; 3
seg000:0D22             db    6
seg000:0D23             db  31h ; 1
seg000:0D24             db    6
seg000:0D25             db  30h ; 0
seg000:0D26             db    6
seg000:0D27             db 0F8h
seg000:0D28             db    0
seg000:0D29             db    0
seg000:0D2A             db 0FBh
seg000:0D2B             db    3
seg000:0D2C             db 0F9h
seg000:0D2D             db  25h ; %
seg000:0D2E             db  2Eh ; .
seg000:0D2F             db  18h
seg000:0D30             db  3Ah ; :
seg000:0D31             db  18h
seg000:0D32             db  38h ; 8
seg000:0D33             db  18h
seg000:0D34             db  35h ; 5
seg000:0D35             db  0Ch
seg000:0D36             db  35h ; 5
seg000:0D37             db  0Ch
seg000:0D38             db 0FCh
seg000:0D39             db  12h
seg000:0D3A             db 0F9h
seg000:0D3B             db  2Dh ; -
seg000:0D3C             db  5Dh ; ]
seg000:0D3D             db  18h
seg000:0D3E             db 0FCh
seg000:0D3F             db  0Eh
seg000:0D40             db 0F9h
seg000:0D41             db  25h ; %
seg000:0D42             db  3Ah ; :
seg000:0D43             db  18h
seg000:0D44             db  38h ; 8
seg000:0D45             db  0Ch
seg000:0D46             db  38h ; 8
seg000:0D47             db  0Ch
seg000:0D48             db  35h ; 5
seg000:0D49             db  0Ch
seg000:0D4A             db  33h ; 3
seg000:0D4B             db  0Ch
seg000:0D4C             db 0FCh
seg000:0D4D             db  12h
seg000:0D4E             db 0F9h
seg000:0D4F             db  2Dh ; -
seg000:0D50             db  5Dh ; ]
seg000:0D51             db  18h
seg000:0D52             db 0FCh
seg000:0D53             db  0Eh
seg000:0D54             db 0F9h
seg000:0D55             db  25h ; %
seg000:0D56             db  3Ah ; :
seg000:0D57             db  18h
seg000:0D58             db  38h ; 8
seg000:0D59             db  18h
seg000:0D5A             db  35h ; 5
seg000:0D5B             db  0Ch
seg000:0D5C             db  35h ; 5
seg000:0D5D             db  0Ch
seg000:0D5E             db 0FCh
seg000:0D5F             db  12h
seg000:0D60             db 0F9h
seg000:0D61             db  2Dh ; -
seg000:0D62             db  5Dh ; ]
seg000:0D63             db  18h
seg000:0D64             db 0FCh
seg000:0D65             db  0Eh
seg000:0D66             db 0F9h
seg000:0D67             db  28h ; (
seg000:0D68             db 0F8h
seg000:0D69             db  18h
seg000:0D6A             db    1
seg000:0D6B             db  3Ah ; :
seg000:0D6C             db  0Ch
seg000:0D6D             db  3Ah ; :
seg000:0D6E             db  0Ch
seg000:0D6F             db  38h ; 8
seg000:0D70             db  0Ch
seg000:0D71             db  3Ah ; :
seg000:0D72             db  0Ch
seg000:0D73             db  3Ch ; <
seg000:0D74             db  0Ch
seg000:0D75             db  3Dh ; =
seg000:0D76             db  0Ch
seg000:0D77             db 0F8h
seg000:0D78             db    0
seg000:0D79             db    0
seg000:0D7A             db 0F9h
seg000:0D7B             db  24h ; $
seg000:0D7C             db    0
seg000:0D7D             db  18h
seg000:0D7E             db  3Ah ; :
seg000:0D7F             db  18h
seg000:0D80             db  38h ; 8
seg000:0D81             db  18h
seg000:0D82             db  35h ; 5
seg000:0D83             db  0Ch
seg000:0D84             db  35h ; 5
seg000:0D85             db  0Ch
seg000:0D86             db    0
seg000:0D87             db  18h
seg000:0D88             db  3Ah ; :
seg000:0D89             db  18h
seg000:0D8A             db  38h ; 8
seg000:0D8B             db  0Ch
seg000:0D8C             db  38h ; 8
seg000:0D8D             db  0Ch
seg000:0D8E             db  35h ; 5
seg000:0D8F             db  0Ch
seg000:0D90             db  33h ; 3
seg000:0D91             db  0Ch
seg000:0D92             db    0
seg000:0D93             db  18h
seg000:0D94             db  3Ah ; :
seg000:0D95             db  18h
seg000:0D96             db  38h ; 8
seg000:0D97             db  18h
seg000:0D98             db  35h ; 5
seg000:0D99             db  0Ch
seg000:0D9A             db  33h ; 3
seg000:0D9B             db  0Ch
seg000:0D9C             db    0
seg000:0D9D             db  18h
seg000:0D9E             db  3Ah ; :
seg000:0D9F             db  18h
seg000:0DA0             db  38h ; 8
seg000:0DA1             db  18h
seg000:0DA2             db  36h ; 6
seg000:0DA3             db  18h
seg000:0DA4             db 0F9h
seg000:0DA5             db  27h ; '
seg000:0DA6             db  2Eh ; .
seg000:0DA7             db  0Ch
seg000:0DA8             db  2Ch ; ,
seg000:0DA9             db  0Ch
seg000:0DAA             db  29h ; )
seg000:0DAB             db  0Ch
seg000:0DAC             db  2Eh ; .
seg000:0DAD             db  3Ch ; <
seg000:0DAE             db 0F9h
seg000:0DAF             db  29h ; )
seg000:0DB0             db 0F8h
seg000:0DB1             db  18h
seg000:0DB2             db    1
seg000:0DB3             db  2Fh ; /
seg000:0DB4             db  0Ch
seg000:0DB5             db  2Ch ; ,
seg000:0DB6             db  0Ch
seg000:0DB7             db  2Fh ; /
seg000:0DB8             db  0Ch
seg000:0DB9             db  30h ; 0
seg000:0DBA             db  18h
seg000:0DBB             db  30h ; 0
seg000:0DBC             db  0Ch
seg000:0DBD             db  34h ; 4
seg000:0DBE             db  0Ch
seg000:0DBF             db  35h ; 5
seg000:0DC0             db  0Ch
seg000:0DC1             db 0F8h
seg000:0DC2             db    0
seg000:0DC3             db    0
seg000:0DC4             db 0FDh
seg000:0DC5             db    0
seg000:0DC6             db    0
seg000:0DC7             db    0
seg000:0DC8             db 0FCh
seg000:0DC9             db  0Eh
seg000:0DCA             db 0F9h
seg000:0DCB             db  26h ; &
seg000:0DCC             db 0FBh
seg000:0DCD             db    4
seg000:0DCE             db    0
seg000:0DCF             db  18h
seg000:0DD0             db  38h ; 8
seg000:0DD1             db  18h
seg000:0DD2             db  37h ; 7
seg000:0DD3             db  18h
seg000:0DD4             db  33h ; 3
seg000:0DD5             db  0Ch
seg000:0DD6             db  35h ; 5
seg000:0DD7             db  0Ch
seg000:0DD8             db    0
seg000:0DD9             db  18h
seg000:0DDA             db  38h ; 8
seg000:0DDB             db  18h
seg000:0DDC             db  37h ; 7
seg000:0DDD             db  0Ch
seg000:0DDE             db  33h ; 3
seg000:0DDF             db  0Ch
seg000:0DE0             db  33h ; 3
seg000:0DE1             db  0Ch
seg000:0DE2             db  31h ; 1
seg000:0DE3             db  0Ch
seg000:0DE4             db    0
seg000:0DE5             db  18h
seg000:0DE6             db  38h ; 8
seg000:0DE7             db  18h
seg000:0DE8             db  37h ; 7
seg000:0DE9             db  18h
seg000:0DEA             db  33h ; 3
seg000:0DEB             db  0Ch
seg000:0DEC             db  35h ; 5
seg000:0DED             db  0Ch
seg000:0DEE             db 0F9h
seg000:0DEF             db  29h ; )
seg000:0DF0             db 0F8h
seg000:0DF1             db  18h
seg000:0DF2             db    1
seg000:0DF3             db    0
seg000:0DF4             db  0Ch
seg000:0DF5             db  35h ; 5
seg000:0DF6             db  0Ch
seg000:0DF7             db  38h ; 8
seg000:0DF8             db  0Ch
seg000:0DF9             db  35h ; 5
seg000:0DFA             db  0Ch
seg000:0DFB             db  37h ; 7
seg000:0DFC             db  0Ch
seg000:0DFD             db  38h ; 8
seg000:0DFE             db  0Ch
seg000:0DFF             db  3Ah ; :
seg000:0E00             db  0Ch
seg000:0E01             db  3Ch ; <
seg000:0E02             db  0Ch
seg000:0E03             db 0F8h
seg000:0E04             db    0
seg000:0E05             db    0
seg000:0E06             db 0F9h
seg000:0E07             db  24h ; $
seg000:0E08             db    0
seg000:0E09             db  18h
seg000:0E0A             db 0FBh
seg000:0E0B             db 0FFh
seg000:0E0C             db  38h ; 8
seg000:0E0D             db  0Ch
seg000:0E0E             db 0FAh
seg000:0E0F             db 0FDh
seg000:0E10             db  38h ; 8
seg000:0E11             db  0Ch
seg000:0E12             db 0FAh
seg000:0E13             db    0
seg000:0E14             db 0FBh
seg000:0E15             db    3
seg000:0E16             db  37h ; 7
seg000:0E17             db  18h
seg000:0E18             db  33h ; 3
seg000:0E19             db  0Ch
seg000:0E1A             db  35h ; 5
seg000:0E1B             db  0Ch
seg000:0E1C             db    0
seg000:0E1D             db  18h
seg000:0E1E             db 0FBh
seg000:0E1F             db 0FFh
seg000:0E20             db  38h ; 8
seg000:0E21             db  0Ch
seg000:0E22             db 0FAh
seg000:0E23             db 0FDh
seg000:0E24             db  38h ; 8
seg000:0E25             db  0Ch
seg000:0E26             db 0FAh
seg000:0E27             db    0
seg000:0E28             db 0FBh
seg000:0E29             db    3
seg000:0E2A             db  37h ; 7
seg000:0E2B             db  0Ch
seg000:0E2C             db  33h ; 3
seg000:0E2D             db  0Ch
seg000:0E2E             db  33h ; 3
seg000:0E2F             db  0Ch
seg000:0E30             db  31h ; 1
seg000:0E31             db  0Ch
seg000:0E32             db    0
seg000:0E33             db  18h
seg000:0E34             db 0FBh
seg000:0E35             db 0FFh
seg000:0E36             db  38h ; 8
seg000:0E37             db  0Ch
seg000:0E38             db 0FAh
seg000:0E39             db 0FDh
seg000:0E3A             db  38h ; 8
seg000:0E3B             db  0Ch
seg000:0E3C             db 0FAh
seg000:0E3D             db    0
seg000:0E3E             db 0FBh
seg000:0E3F             db    3
seg000:0E40             db  37h ; 7
seg000:0E41             db  18h
seg000:0E42             db  33h ; 3
seg000:0E43             db  0Ch
seg000:0E44             db  35h ; 5
seg000:0E45             db  0Ch
seg000:0E46             db 0F9h
seg000:0E47             db  2Bh ; +
seg000:0E48             db 0F8h
seg000:0E49             db  18h
seg000:0E4A             db    1
seg000:0E4B             db    0
seg000:0E4C             db  0Ch
seg000:0E4D             db  35h ; 5
seg000:0E4E             db  0Ch
seg000:0E4F             db  38h ; 8
seg000:0E50             db  0Ch
seg000:0E51             db  35h ; 5
seg000:0E52             db  0Ch
seg000:0E53             db  37h ; 7
seg000:0E54             db  0Ch
seg000:0E55             db  38h ; 8
seg000:0E56             db  0Ch
seg000:0E57             db  3Ah ; :
seg000:0E58             db  0Ch
seg000:0E59             db  3Ch ; <
seg000:0E5A             db  0Ch
seg000:0E5B             db 0F8h
seg000:0E5C             db    0
seg000:0E5D             db    0
seg000:0E5E             db 0F9h
seg000:0E5F             db  24h ; $
seg000:0E60             db    0
seg000:0E61             db  18h
seg000:0E62             db  38h ; 8
seg000:0E63             db  18h
seg000:0E64             db  37h ; 7
seg000:0E65             db  18h
seg000:0E66             db  33h ; 3
seg000:0E67             db  0Ch
seg000:0E68             db  35h ; 5
seg000:0E69             db  0Ch
seg000:0E6A             db    0
seg000:0E6B             db  18h
seg000:0E6C             db  38h ; 8
seg000:0E6D             db  18h
seg000:0E6E             db  37h ; 7
seg000:0E6F             db  0Ch
seg000:0E70             db  33h ; 3
seg000:0E71             db  0Ch
seg000:0E72             db  33h ; 3
seg000:0E73             db  0Ch
seg000:0E74             db  31h ; 1
seg000:0E75             db  0Ch
seg000:0E76             db    0
seg000:0E77             db  18h
seg000:0E78             db  38h ; 8
seg000:0E79             db  18h
seg000:0E7A             db  37h ; 7
seg000:0E7B             db  18h
seg000:0E7C             db  33h ; 3
seg000:0E7D             db  0Ch
seg000:0E7E             db  31h ; 1
seg000:0E7F             db  0Ch
seg000:0E80             db    0
seg000:0E81             db  0Ch
seg000:0E82             db  35h ; 5
seg000:0E83             db  0Ch
seg000:0E84             db  38h ; 8
seg000:0E85             db  0Ch
seg000:0E86             db  35h ; 5
seg000:0E87             db  0Ch
seg000:0E88             db  37h ; 7
seg000:0E89             db  0Ch
seg000:0E8A             db  38h ; 8
seg000:0E8B             db  0Ch
seg000:0E8C             db  3Ah ; :
seg000:0E8D             db  0Ch
seg000:0E8E             db  3Ch ; <
seg000:0E8F             db  0Ch
seg000:0E90             db 0FBh
seg000:0E91             db    0
seg000:0E92             db 0F9h
seg000:0E93             db  27h ; '
seg000:0E94             db 0F8h
seg000:0E95             db  18h
seg000:0E96             db    1
seg000:0E97             db  31h ; 1
seg000:0E98             db    6
seg000:0E99             db  30h ; 0
seg000:0E9A             db    6
seg000:0E9B             db  31h ; 1
seg000:0E9C             db    6
seg000:0E9D             db  33h ; 3
seg000:0E9E             db    6
seg000:0E9F             db  35h ; 5
seg000:0EA0             db    6
seg000:0EA1             db  33h ; 3
seg000:0EA2             db    6
seg000:0EA3             db  35h ; 5
seg000:0EA4             db    6
seg000:0EA5             db  37h ; 7
seg000:0EA6             db    6
seg000:0EA7             db  38h ; 8
seg000:0EA8             db    6
seg000:0EA9             db  37h ; 7
seg000:0EAA             db    6
seg000:0EAB             db  38h ; 8
seg000:0EAC             db    6
seg000:0EAD             db  3Ah ; :
seg000:0EAE             db    6
seg000:0EAF             db  3Ch ; <
seg000:0EB0             db    6
seg000:0EB1             db  3Ah ; :
seg000:0EB2             db    6
seg000:0EB3             db  38h ; 8
seg000:0EB4             db    6
seg000:0EB5             db  37h ; 7
seg000:0EB6             db    6
seg000:0EB7             db  35h ; 5
seg000:0EB8             db    6
seg000:0EB9             db  33h ; 3
seg000:0EBA             db    6
seg000:0EBB             db  35h ; 5
seg000:0EBC             db    6
seg000:0EBD             db  37h ; 7
seg000:0EBE             db    6
seg000:0EBF             db  38h ; 8
seg000:0EC0             db    6
seg000:0EC1             db  37h ; 7
seg000:0EC2             db    6
seg000:0EC3             db  38h ; 8
seg000:0EC4             db    6
seg000:0EC5             db  3Ah ; :
seg000:0EC6             db    6
seg000:0EC7             db  3Ch ; <
seg000:0EC8             db    6
seg000:0EC9             db  3Ah ; :
seg000:0ECA             db    6
seg000:0ECB             db  3Ch ; <
seg000:0ECC             db    6
seg000:0ECD             db  3Fh ; ?
seg000:0ECE             db    6
seg000:0ECF             db  41h ; A
seg000:0ED0             db    6
seg000:0ED1             db  3Fh ; ?
seg000:0ED2             db    6
seg000:0ED3             db  41h ; A
seg000:0ED4             db    6
seg000:0ED5             db  43h ; C
seg000:0ED6             db    6
seg000:0ED7             db 0F8h
seg000:0ED8             db    0
seg000:0ED9             db    0
seg000:0EDA             db 0FBh
seg000:0EDB             db    3
seg000:0EDC             db 0F9h
seg000:0EDD             db  25h ; %
seg000:0EDE             db 0F8h
seg000:0EDF             db  18h
seg000:0EE0             db 0FFh
seg000:0EE1             db  44h ; D
seg000:0EE2             db  60h ; `
seg000:0EE3             db 0F8h
seg000:0EE4             db    0
seg000:0EE5             db    0
seg000:0EE6             db 0F9h
seg000:0EE7             db  24h ; $
seg000:0EE8             db  31h ; 1
seg000:0EE9             db  60h ; `
seg000:0EEA             db  31h ; 1
seg000:0EEB             db  60h ; `
seg000:0EEC             db  33h ; 3
seg000:0EED             db  60h ; `
seg000:0EEE             db  31h ; 1
seg000:0EEF             db  60h ; `
seg000:0EF0             db  31h ; 1
seg000:0EF1             db  60h ; `
seg000:0EF2             db  33h ; 3
seg000:0EF3             db  60h ; `
seg000:0EF4             db 0F9h
seg000:0EF5             db  2Ch ; ,
seg000:0EF6             db 0F8h
seg000:0EF7             db  0Ch
seg000:0EF8             db    1
seg000:0EF9             db  3Bh ; ;
seg000:0EFA             db  0Ch
seg000:0EFB             db  40h ; @
seg000:0EFC             db  0Ch
seg000:0EFD             db  40h ; @
seg000:0EFE             db  0Ch
seg000:0EFF             db  3Bh ; ;
seg000:0F00             db  0Ch
seg000:0F01             db  3Ch ; <
seg000:0F02             db  0Ch
seg000:0F03             db  41h ; A
seg000:0F04             db  24h ; $
seg000:0F05             db 0F8h
seg000:0F06             db    0
seg000:0F07             db    0
seg000:0F08             db 0F9h
seg000:0F09             db  24h ; $
seg000:0F0A             db    0
seg000:0F0B             db  18h
seg000:0F0C             db  3Dh ; =
seg000:0F0D             db  18h
seg000:0F0E             db  3Ch ; <
seg000:0F0F             db  18h
seg000:0F10             db  38h ; 8
seg000:0F11             db  0Ch
seg000:0F12             db  3Ah ; :
seg000:0F13             db  0Ch
seg000:0F14             db    0
seg000:0F15             db  18h
seg000:0F16             db  3Dh ; =
seg000:0F17             db  18h
seg000:0F18             db  3Ch ; <
seg000:0F19             db  0Ch
seg000:0F1A             db  38h ; 8
seg000:0F1B             db  0Ch
seg000:0F1C             db  38h ; 8
seg000:0F1D             db  0Ch
seg000:0F1E             db  36h ; 6
seg000:0F1F             db  0Ch
seg000:0F20             db    0
seg000:0F21             db  18h
seg000:0F22             db  31h ; 1
seg000:0F23             db  18h
seg000:0F24             db  30h ; 0
seg000:0F25             db  18h
seg000:0F26             db  38h ; 8
seg000:0F27             db  18h
seg000:0F28             db 0FBh
seg000:0F29             db    0
seg000:0F2A             db 0F9h
seg000:0F2B             db  29h ; )
seg000:0F2C             db 0F8h
seg000:0F2D             db  18h
seg000:0F2E             db    1
seg000:0F2F             db  3Ah ; :
seg000:0F30             db    6
seg000:0F31             db  39h ; 9
seg000:0F32             db    6
seg000:0F33             db  3Ah ; :
seg000:0F34             db    6
seg000:0F35             db  3Ch ; <
seg000:0F36             db    6
seg000:0F37             db  3Dh ; =
seg000:0F38             db    6
seg000:0F39             db  3Ch ; <
seg000:0F3A             db    6
seg000:0F3B             db  3Dh ; =
seg000:0F3C             db    6
seg000:0F3D             db  3Fh ; ?
seg000:0F3E             db    6
seg000:0F3F             db  41h ; A
seg000:0F40             db    6
seg000:0F41             db  3Fh ; ?
seg000:0F42             db    6
seg000:0F43             db  41h ; A
seg000:0F44             db    6
seg000:0F45             db  42h ; B
seg000:0F46             db    6
seg000:0F47             db  41h ; A
seg000:0F48             db    6
seg000:0F49             db  3Fh ; ?
seg000:0F4A             db    6
seg000:0F4B             db  3Dh ; =
seg000:0F4C             db    6
seg000:0F4D             db  3Ch ; <
seg000:0F4E             db    6
seg000:0F4F             db 0F8h
seg000:0F50             db    0
seg000:0F51             db    0
seg000:0F52             db 0FBh
seg000:0F53             db    3
seg000:0F54             db 0F9h
seg000:0F55             db  25h ; %
seg000:0F56             db  3Ah ; :
seg000:0F57             db  18h
seg000:0F58             db  3Dh ; =
seg000:0F59             db  18h
seg000:0F5A             db  3Ch ; <
seg000:0F5B             db  18h
seg000:0F5C             db  38h ; 8
seg000:0F5D             db  0Ch
seg000:0F5E             db  3Ah ; :
seg000:0F5F             db  0Ch
seg000:0F60             db    0
seg000:0F61             db  18h
seg000:0F62             db  3Dh ; =
seg000:0F63             db  18h
seg000:0F64             db  3Ch ; <
seg000:0F65             db  0Ch
seg000:0F66             db  38h ; 8
seg000:0F67             db  0Ch
seg000:0F68             db  38h ; 8
seg000:0F69             db  0Ch
seg000:0F6A             db  36h ; 6
seg000:0F6B             db  0Ch
seg000:0F6C             db    0
seg000:0F6D             db  18h
seg000:0F6E             db  3Dh ; =
seg000:0F6F             db  18h
seg000:0F70             db  3Ch ; <
seg000:0F71             db  18h
seg000:0F72             db  38h ; 8
seg000:0F73             db  0Ch
seg000:0F74             db  3Ah ; :
seg000:0F75             db  0Ch
seg000:0F76             db 0F9h
seg000:0F77             db  29h ; )
seg000:0F78             db 0F8h
seg000:0F79             db  18h
seg000:0F7A             db    1
seg000:0F7B             db    0
seg000:0F7C             db  0Ch
seg000:0F7D             db  3Ah ; :
seg000:0F7E             db  0Ch
seg000:0F7F             db  3Dh ; =
seg000:0F80             db  0Ch
seg000:0F81             db  3Ah ; :
seg000:0F82             db  0Ch
seg000:0F83             db  3Ch ; <
seg000:0F84             db  0Ch
seg000:0F85             db  3Dh ; =
seg000:0F86             db  0Ch
seg000:0F87             db  3Fh ; ?
seg000:0F88             db  0Ch
seg000:0F89             db  41h ; A
seg000:0F8A             db  0Ch
seg000:0F8B             db 0F8h
seg000:0F8C             db    0
seg000:0F8D             db    0
seg000:0F8E             db 0F9h
seg000:0F8F             db  24h ; $
seg000:0F90             db  3Ah ; :
seg000:0F91             db  18h
seg000:0F92             db  3Dh ; =
seg000:0F93             db  18h
seg000:0F94             db  3Ch ; <
seg000:0F95             db  18h
seg000:0F96             db  38h ; 8
seg000:0F97             db  0Ch
seg000:0F98             db  3Ah ; :
seg000:0F99             db  0Ch
seg000:0F9A             db    0
seg000:0F9B             db  18h
seg000:0F9C             db  3Dh ; =
seg000:0F9D             db  18h
seg000:0F9E             db  3Ch ; <
seg000:0F9F             db  0Ch
seg000:0FA0             db  38h ; 8
seg000:0FA1             db  0Ch
seg000:0FA2             db  38h ; 8
seg000:0FA3             db  0Ch
seg000:0FA4             db  36h ; 6
seg000:0FA5             db  0Ch
seg000:0FA6             db    0
seg000:0FA7             db  18h
seg000:0FA8             db  3Dh ; =
seg000:0FA9             db  18h
seg000:0FAA             db  3Ch ; <
seg000:0FAB             db  18h
seg000:0FAC             db  38h ; 8
seg000:0FAD             db  0Ch
seg000:0FAE             db  36h ; 6
seg000:0FAF             db  0Ch
seg000:0FB0             db    0
seg000:0FB1             db  18h
seg000:0FB2             db  3Dh ; =
seg000:0FB3             db  18h
seg000:0FB4             db  3Ch ; <
seg000:0FB5             db  18h
seg000:0FB6             db  3Ah ; :
seg000:0FB7             db  18h
seg000:0FB8             db 0F9h
seg000:0FB9             db  26h ; &
seg000:0FBA             db  3Ah ; :
seg000:0FBB             db  0Ch
seg000:0FBC             db  38h ; 8
seg000:0FBD             db  0Ch
seg000:0FBE             db  35h ; 5
seg000:0FBF             db  0Ch
seg000:0FC0             db  3Ah ; :
seg000:0FC1             db  3Ch ; <
seg000:0FC2             db 0F9h
seg000:0FC3             db  28h ; (
seg000:0FC4             db 0F8h
seg000:0FC5             db  18h
seg000:0FC6             db    1
seg000:0FC7             db  3Bh ; ;
seg000:0FC8             db  0Ch
seg000:0FC9             db  38h ; 8
seg000:0FCA             db  0Ch
seg000:0FCB             db  3Bh ; ;
seg000:0FCC             db  0Ch
seg000:0FCD             db  3Ch ; <
seg000:0FCE             db  18h
seg000:0FCF             db  3Ch ; <
seg000:0FD0             db  0Ch
seg000:0FD1             db  40h ; @
seg000:0FD2             db  0Ch
seg000:0FD3             db  41h ; A
seg000:0FD4             db  0Ch
seg000:0FD5             db 0F8h
seg000:0FD6             db    0
seg000:0FD7             db    0
seg000:0FD8             db 0FDh
seg000:0FD9             db    0
seg000:0FDA             db    0
seg000:0FDB             db    0
seg000:0FDC word_10FDC      db 0FCh                 ; DATA XREF: routine_21+8↓r
seg000:0FDD             db    0
seg000:0FDE             db 0F9h
seg000:0FDF             db  32h ; 2
seg000:0FE0             db 0FAh
seg000:0FE1             db 0F9h
seg000:0FE2             db  4Ch ; L
seg000:0FE3             db  60h ; `
seg000:0FE4             db 0FAh
seg000:0FE5             db    0
seg000:0FE6             db    0
seg000:0FE7             db    0
seg000:0FE8 word_10FE8      db 0FCh                 ; DATA XREF: routine_21+16↓r
seg000:0FE9             db    0
seg000:0FEA             db 0F9h
seg000:0FEB             db  32h ; 2
seg000:0FEC             db 0FAh
seg000:0FED             db 0FAh
seg000:0FEE             db  53h ; S
seg000:0FEF             db  60h ; `
seg000:0FF0             db 0FAh
seg000:0FF1             db    0
seg000:0FF2             db    0
seg000:0FF3             db    0
seg000:0FF4 word_10FF4      db 0FCh                 ; DATA XREF: routine_21+21↓r
seg000:0FF5             db    0
seg000:0FF6             db 0F9h
seg000:0FF7             db  35h ; 5
seg000:0FF8             db    0
seg000:0FF9             db  18h
seg000:0FFA             db  1Dh
seg000:0FFB             db  18h
seg000:0FFC             db  20h ;  
seg000:0FFD             db  18h
seg000:0FFE             db  24h ; $
seg000:0FFF             db  0Ch
seg000:1000             db  29h ; )
seg000:1001             db  0Ch
seg000:1002             db    0
seg000:1003             db    0
seg000:1004 word_11004      db 0FCh                 ; DATA XREF: routine_21+2C↓r
seg000:1005             db  0Fh
seg000:1006             db 0F9h
seg000:1007             db  28h ; (
seg000:1008             db 0F8h
seg000:1009             db  0Ch
seg000:100A             db    1
seg000:100B             db 0FEh
seg000:100C             db    5
seg000:100D             db  0Ch
seg000:100E             db 0FFh
seg000:100F             db    7
seg000:1010             db 0F8h
seg000:1011             db    0
seg000:1012             db    0
seg000:1013             db    0
seg000:1014             db    0
seg000:1015             db    0
seg000:1016 word_11016      db 0FCh                 ; DATA XREF: routine_21+37↓r
seg000:1017             db    0
seg000:1018             db 0F9h
seg000:1019             db  27h ; '
seg000:101A             db    0
seg000:101B             db  18h
seg000:101C             db  1Dh
seg000:101D             db  18h
seg000:101E             db 0FBh
seg000:101F             db  0Ch
seg000:1020             db  20h ;  
seg000:1021             db  18h
seg000:1022             db 0FBh
seg000:1023             db    6
seg000:1024             db  24h ; $
seg000:1025             db  0Ch
seg000:1026             db 0F9h
seg000:1027             db  2Ah ; *
seg000:1028             db  29h ; )
seg000:1029             db  0Ch
seg000:102A             db    0
seg000:102B             db    0
seg000:102C word_1102C      db 0FCh                 ; DATA XREF: routine_21+42↓r
seg000:102D             db    0
seg000:102E             db 0F9h
seg000:102F             db  26h ; &
seg000:1030             db    0
seg000:1031             db  18h
seg000:1032             db  18h
seg000:1033             db  18h
seg000:1034             db 0FBh
seg000:1035             db  0Ch
seg000:1036             db  1Bh
seg000:1037             db  18h
seg000:1038             db 0FBh
seg000:1039             db    6
seg000:103A             db  24h ; $
seg000:103B             db  0Ch
seg000:103C             db 0FCh
seg000:103D             db  0Eh
seg000:103E             db 0F9h
seg000:103F             db  28h ; (
seg000:1040             db  4Dh ; M
seg000:1041             db  0Ch
seg000:1042             db    0
seg000:1043             db    0
seg000:1044             db  43h ; C
seg000:1045             db  6Fh ; o
seg000:1046             db  70h ; p
seg000:1047             db  79h ; y
seg000:1048             db  72h ; r
seg000:1049             db  69h ; i
seg000:104A             db  67h ; g
seg000:104B             db  68h ; h
seg000:104C             db  74h ; t
seg000:104D             db  20h ;  
seg000:104E             db  28h ; (
seg000:104F             db  43h ; C
seg000:1050             db  29h ; )
seg000:1051             db  20h ;  
seg000:1052             db  31h ; 1
seg000:1053             db  39h ; 9
seg000:1054             db  38h ; 8
seg000:1055             db  39h ; 9
seg000:1056             db  20h ;  
seg000:1057             db  62h ; b
seg000:1058             db  79h ; y
seg000:1059             db  20h ;  
seg000:105A             db  4Dh ; M
seg000:105B             db  69h ; i
seg000:105C             db  63h ; c
seg000:105D             db  72h ; r
seg000:105E             db  6Fh ; o
seg000:105F             db  50h ; P
seg000:1060             db  72h ; r
seg000:1061             db  6Fh ; o
seg000:1062             db  73h ; s
seg000:1063             db  65h ; e
seg000:1064             db  20h ;  
seg000:1065             db  53h ; S
seg000:1066             db  6Fh ; o
seg000:1067             db  66h ; f
seg000:1068             db  74h ; t
seg000:1069             db  77h ; w
seg000:106A             db  61h ; a
seg000:106B             db  72h ; r
seg000:106C             db  65h ; e
seg000:106D             db  2Ch ; ,
seg000:106E             db  20h ;  
seg000:106F             db  41h ; A
seg000:1070             db  6Ch ; l
seg000:1071             db  6Ch ; l
seg000:1072             db  20h ;  
seg000:1073             db  52h ; R
seg000:1074             db  69h ; i
seg000:1075             db  67h ; g
seg000:1076             db  68h ; h
seg000:1077             db  74h ; t
seg000:1078             db  73h ; s
seg000:1079             db  20h ;  
seg000:107A             db  52h ; R
seg000:107B             db  65h ; e
seg000:107C             db  73h ; s
seg000:107D             db  65h ; e
seg000:107E             db  72h ; r
seg000:107F             db  76h ; v
seg000:1080             db  65h ; e
seg000:1081             db  64h ; d
seg000:1082             db  2Eh ; .
seg000:1083             db    0
seg000:1084             db    0
seg000:1085             db    0
seg000:1086             db    0
seg000:1087             db    0
seg000:1088             db    0
seg000:1089             db    0
seg000:108A             db    0
seg000:108B             db    0
seg000:108C             db    0
seg000:108D             db    0
seg000:108E             db    0
seg000:108F             db    0
seg000:1090             db    0
seg000:1091             db    0
seg000:1092 word_11092      db    0                 ; DATA XREF: $i8_exprange+30↓r
seg000:1092                                         ; $i8_exprange+37↓w ...
seg000:1093             db    0
seg000:1094 word_11094      db    0                 ; DATA XREF: $i8_exprange+51↓r
seg000:1094                                         ; $i8_exprange+58↓w ...
seg000:1095             db    0
seg000:1096 word_11096      db    0                 ; DATA XREF: routine_12+54↓w
seg000:1096                                         ; $i8_exprange+33↓r ...
seg000:1097             db    0
seg000:1098 word_11098      db    0                 ; DATA XREF: routine_12+57↓w
seg000:1098                                         ; $i8_exprange+54↓r ...
seg000:1099             db    0
seg000:109A byte_1109A      db    0                 ; DATA XREF: routine_12+3↓w
seg000:109A                                         ; routine_12+5A↓w ...
seg000:109B             db    0
seg000:109C word_1109C      db    0                 ; DATA XREF: routine_12+6↓r
seg000:109C                                         ; routine_20+4↓r ...
seg000:109D             db    0
seg000:109E             db    0
seg000:109F             db    0
seg000:10A0             db    0
seg000:10A1             db    0
seg000:10A2             db    0
seg000:10A3             db    0
seg000:10A4             db    0
seg000:10A5             db    0
seg000:10A6             db    0
seg000:10A7             db    0
seg000:10A8             db    0
seg000:10A9             db    0
seg000:10AA             db    0
seg000:10AB             db    0
seg000:10AC             db    0
seg000:10AD             db    0
seg000:10AE             db    0
seg000:10AF             db    0
seg000:10B0 word_110B0      db    0                 ; DATA XREF: routine_12+12↓r
seg000:10B0                                         ; routine_20+12↓r ...
seg000:10B1             db    0
seg000:10B2             db    0
seg000:10B3             db    0
seg000:10B4             db    0
seg000:10B5             db    0
seg000:10B6             db    0
seg000:10B7             db    0
seg000:10B8             db    0
seg000:10B9             db    0
seg000:10BA             db    0
seg000:10BB             db    0
seg000:10BC             db    0
seg000:10BD             db    0
seg000:10BE             db    0
seg000:10BF             db    0
seg000:10C0             db    0
seg000:10C1             db    0
seg000:10C2             db    0
seg000:10C3             db    0
seg000:10C4 word_110C4      db    0                 ; DATA XREF: routine_12+1E↓r
seg000:10C4                                         ; routine_20+1D↓r ...
seg000:10C5             db    0
seg000:10C6             db    0
seg000:10C7             db    0
seg000:10C8             db    0
seg000:10C9             db    0
seg000:10CA             db    0
seg000:10CB             db    0
seg000:10CC             db    0
seg000:10CD             db    0
seg000:10CE             db    0
seg000:10CF             db    0
seg000:10D0             db    0
seg000:10D1             db    0
seg000:10D2             db    0
seg000:10D3             db    0
seg000:10D4             db    0
seg000:10D5             db    0
seg000:10D6             db    0
seg000:10D7             db    0
seg000:10D8 word_110D8      db    0                 ; DATA XREF: routine_12+2A↓r
seg000:10D8                                         ; routine_20+28↓r ...
seg000:10D9             db    0
seg000:10DA             db    0
seg000:10DB             db    0
seg000:10DC             db    0
seg000:10DD             db    0
seg000:10DE             db    0
seg000:10DF             db    0
seg000:10E0             db    0
seg000:10E1             db    0
seg000:10E2             db    0
seg000:10E3             db    0
seg000:10E4             db    0
seg000:10E5             db    0
seg000:10E6             db    0
seg000:10E7             db    0
seg000:10E8             db    0
seg000:10E9             db    0
seg000:10EA             db    0
seg000:10EB             db    0
seg000:10EC word_110EC      db    0                 ; DATA XREF: routine_12+36↓r
seg000:10EC                                         ; routine_20+33↓r ...
seg000:10ED             db    0
seg000:10EE             db    0
seg000:10EF             db    0
seg000:10F0             db    0
seg000:10F1             db    0
seg000:10F2             db    0
seg000:10F3             db    0
seg000:10F4             db    0
seg000:10F5             db    0
seg000:10F6             db    0
seg000:10F7             db    0
seg000:10F8             db    0
seg000:10F9             db    0
seg000:10FA             db    0
seg000:10FB             db    0
seg000:10FC             db    0
seg000:10FD             db    0
seg000:10FE             db    0
seg000:10FF             db    0
seg000:1100 word_11100      db    0                 ; DATA XREF: routine_12+42↓r
seg000:1100                                         ; routine_20+3E↓r ...
seg000:1101             db    0
seg000:1102             db    0
seg000:1103             db    0
seg000:1104             db    0
seg000:1105             db    0
seg000:1106             db    0
seg000:1107             db    0
seg000:1108             db    0
seg000:1109             db    0
seg000:110A             db    0
seg000:110B             db    0
seg000:110C             db    0
seg000:110D             db    0
seg000:110E             db    0
seg000:110F             db    0
seg000:1110             db    0
seg000:1111             db    0
seg000:1112             db    0
seg000:1113             db    0
seg000:1114             db    0
seg000:1115             db    0
seg000:1116             db    0
seg000:1117             db    0
seg000:1118             db    0
seg000:1119             db    0
seg000:111A             db    0
seg000:111B             db    0
seg000:111C             db    0
seg000:111D             db    0
seg000:111E             db    0
seg000:111F             db    0
seg000:1120             db    0
seg000:1121             db    0
seg000:1122             db    0
seg000:1123             db    0
seg000:1124             db    0
seg000:1125             db    0
seg000:1126             db    0
seg000:1127             db    0
seg000:1128 byte_11128      db    0                 ; DATA XREF: routine_12+4E↓w
seg000:1128                                         ; $i8_exprange+23↓r ...
seg000:1129 byte_11129      db    0                 ; DATA XREF: routine_12+51↓w
seg000:1129                                         ; $i8_exprange+20↓r ...
seg000:112A word_1112A      db    0                 ; DATA XREF: routine_15+1B↓r
seg000:112A                                         ; routine_31+5D↓w
seg000:112B             db    0
seg000:112C word_1112C      db    0                 ; DATA XREF: routine_15+34↓r
seg000:112C                                         ; routine_31+C3↓w
seg000:112D             db    0
seg000:112E byte_1112E      db    0                 ; DATA XREF: rttosnpopde+2A↓r
seg000:112E                                         ; rttosnpopde+116↓r ...
seg000:112F byte_1112F      db    0                 ; DATA XREF: $i8_exprange+40↓r
seg000:112F                                         ; routine_15+23↓r ...
seg000:1130 byte_11130      db    0                 ; DATA XREF: $i8_exprange+61↓r
seg000:1130                                         ; routine_15+3C↓r ...
seg000:1131             db    0
seg000:1132 byte_11132      db    0                 ; DATA XREF: routine_18+5↓w
seg000:1132                                         ; routine_33+44↓r ...
seg000:1133             db    0
seg000:1134             db    0
seg000:1135             db    0
seg000:1136             db    0
seg000:1137             db    0
seg000:1138             db    0
seg000:1139             db    0
seg000:113A             db    0
seg000:113B             db    0
seg000:113C             db    0
seg000:113D             db    0
seg000:113E             db    0
seg000:113F             db    0
seg000:1140             db    0
seg000:1141             db    0
seg000:1142             db    0
seg000:1143             db    0
seg000:1144             db    0
seg000:1145             db    0
seg000:1146             db    0
seg000:1147             db    0
seg000:1148             db    0
seg000:1149             db    0
seg000:114A             db    0
seg000:114B             db    0
seg000:114C             db    0
seg000:114D             db    0
seg000:114E             db    0
seg000:114F             db    0
seg000:1150             db    0
seg000:1151             db    0
seg000:1152             db    0
seg000:1153             db    0
seg000:1154             db    0
seg000:1155             db    0
seg000:1156             db    0
seg000:1157             db    0
seg000:1158             db    0
seg000:1159             db    0
seg000:115A             db    0
seg000:115B             db    0
seg000:115C             db    0
seg000:115D             db    0
seg000:115E             db    0
seg000:115F             db    0
seg000:1160             db    0
seg000:1161             db    0
seg000:1162             db    0
seg000:1163             db    0
seg000:1164             db    0
seg000:1165             db    0
seg000:1166             db    0
seg000:1167             db    0
seg000:1168             db    0
seg000:1169             db    0
seg000:116A             db    0
seg000:116B             db    0
seg000:116C             db    0
seg000:116D             db    0
seg000:116E             db    0
seg000:116F             db    0
seg000:1170             db    0
seg000:1171             db    0
seg000:1172             db    0
seg000:1173             db    0
seg000:1174             db    0
seg000:1175             db    0
seg000:1176             db    0
seg000:1177             db    0
seg000:1178             db    0
seg000:1179             db    0
seg000:117A             db    0
seg000:117B             db    0
seg000:117C             db    0
seg000:117D             db    0
seg000:117E             db    0
seg000:117F             db    0
seg000:1180             db    0
seg000:1181             db    0
seg000:1182             db    0
seg000:1183             db    0
seg000:1184             db    0
seg000:1185             db    0
seg000:1186             db    0
seg000:1187             db    0
seg000:1188             db    0
seg000:1189             db    0
seg000:118A             db    0
seg000:118B             db    0
seg000:118C             db    0
seg000:118D             db    0
seg000:118E             db    0
seg000:118F             db    0
seg000:1190             db    0
seg000:1191             db    0
seg000:1192             db    0
seg000:1193             db    0
seg000:1194             db    0
seg000:1195             db    0
seg000:1196             db    0
seg000:1197             db    0
seg000:1198             db    0
seg000:1199             db    0
seg000:119A             db    0
seg000:119B             db    0
seg000:119C             db    0
seg000:119D             db    0
seg000:119E             db    0
seg000:119F             db    0
seg000:11A0             db    0
seg000:11A1             db    0
seg000:11A2             db    0
seg000:11A3             db    0
seg000:11A4             db    0
seg000:11A5             db    0
seg000:11A6             db    0
seg000:11A7             db    0
seg000:11A8             db    0
seg000:11A9             db    0
seg000:11AA             db    0
seg000:11AB             db    0
seg000:11AC             db    0
seg000:11AD             db    0
seg000:11AE             db    0
seg000:11AF             db    0
seg000:11B0             db    0
seg000:11B1             db    0
seg000:11B2             db    0
seg000:11B3             db    0
seg000:11B4             db    0
seg000:11B5             db    0
seg000:11B6             db    0
seg000:11B7             db    0
seg000:11B8             db    0
seg000:11B9             db    0
seg000:11BA             db    0
seg000:11BB             db    0
seg000:11BC             db    0
seg000:11BD             db    0
seg000:11BE             db    0
seg000:11BF             db    0
seg000:11C0             db    0
seg000:11C1             db    0
seg000:11C2             db    0
seg000:11C3             db    0
seg000:11C4             db    0
seg000:11C5             db    0
seg000:11C6             db    0
seg000:11C7             db    0
seg000:11C8             db    0
seg000:11C9             db    0
seg000:11CA             db    0
seg000:11CB             db    0
seg000:11CC             db    0
seg000:11CD             db    0
seg000:11CE             db    0
seg000:11CF             db    0
seg000:11D0             db    0
seg000:11D1             db    0
seg000:11D2             db    0
seg000:11D3             db    0
seg000:11D4             db    0
seg000:11D5             db    0
seg000:11D6             db    0
seg000:11D7             db    0
seg000:11D8             db    0
seg000:11D9             db    0
seg000:11DA             db    0
seg000:11DB             db    0
seg000:11DC             db    0
seg000:11DD             db    0
seg000:11DE             db    0
seg000:11DF             db    0
seg000:11E0             db    0
seg000:11E1             db    0
seg000:11E2             db    0
seg000:11E3             db    0
seg000:11E4             db    0
seg000:11E5             db    0
seg000:11E6             db    0
seg000:11E7             db    0
seg000:11E8             db    0
seg000:11E9             db    0
seg000:11EA             db    0
seg000:11EB             db    0
seg000:11EC             db    0
seg000:11ED             db    0
seg000:11EE             db    0
seg000:11EF byte_111EF      db    0                 ; DATA XREF: routine_30:loc_11BDC↓r
seg000:11EF                                         ; routine_31:loc_11D88↓r ...
seg000:11F0             db    0
seg000:11F1             db    0
seg000:11F2             db    0
seg000:11F3             db    0
seg000:11F4             db    0
seg000:11F5             db    0
seg000:11F6             db    0
seg000:11F7             db    0
seg000:11F8             db    0
seg000:11F9             db    0
seg000:11FA             db    0
seg000:11FB             db    0
seg000:11FC             db    0
seg000:11FD             db    0
seg000:11FE             db    0
seg000:11FF             db    0
seg000:1200             db    0
seg000:1201             db    0
seg000:1202             db    0
seg000:1203             db    0
seg000:1204             db    0
seg000:1205             db    0
seg000:1206             db    0
seg000:1207             db    0
seg000:1208             db    0
seg000:1209             db    0
seg000:120A             db    0
seg000:120B             db    0
seg000:120C             db    0
seg000:120D             db    0
seg000:120E             db    0
seg000:120F             db    0
seg000:1210             db    0
seg000:1211             db    0
seg000:1212             db    0
seg000:1213             db    0
seg000:1214             db    0
seg000:1215             db    0
seg000:1216             db    0
seg000:1217             db    0
seg000:1218             db    0
seg000:1219             db    0
seg000:121A             db    0
seg000:121B             db    0
seg000:121C             db    0
seg000:121D             db    0
seg000:121E             db    0
seg000:121F             db    0
seg000:1220             db    0
seg000:1221             db    0
seg000:1222             db    0
seg000:1223             db    0
seg000:1224             db    0
seg000:1225             db    0
seg000:1226             db    0
seg000:1227             db    0
seg000:1228             db    0
seg000:1229             db    0
seg000:122A             db    0
seg000:122B             db    0
seg000:122C             db    0
seg000:122D             db    0
seg000:122E             db    0
seg000:122F             db    0
seg000:1230             db    0
seg000:1231             db    0
seg000:1232 byte_11232      db    0                 ; DATA XREF: routine_31+17↓r
seg000:1232                                         ; routine_31+42↓r ...
seg000:1233             db    0
seg000:1234             db    0
seg000:1235             db    0
seg000:1236             db    0
seg000:1237             db    0
seg000:1238             db    0
seg000:1239             db    0
seg000:123A             db    0
seg000:123B             db    0
seg000:123C             db    0
seg000:123D             db    0
seg000:123E             db    0
seg000:123F             db    0
seg000:1240             db    0
seg000:1241             db    0
seg000:1242             db    0
seg000:1243             db    0
seg000:1244             db    0
seg000:1245             db    0
seg000:1246             db    0
seg000:1247             db    0
seg000:1248             db    0
seg000:1249             db    0
seg000:124A             db    0
seg000:124B             db    0
seg000:124C             db    0
seg000:124D             db    0
seg000:124E             db    0
seg000:124F             db    0
seg000:1250             db    0
seg000:1251             db    0
seg000:1252             db    0
seg000:1253             db    0
seg000:1254             db    0
seg000:1255             db    0
seg000:1256             db    0
seg000:1257             db    0
seg000:1258             db    0
seg000:1259             db    0
seg000:125A             db    0
seg000:125B             db    0
seg000:125C             db    0
seg000:125D             db    0
seg000:125E             db    0
seg000:125F             db    0
seg000:1260             db    0
seg000:1261             db    0
seg000:1262             db    0
seg000:1263             db    0
seg000:1264             db    0
seg000:1265             db    0
seg000:1266             db    0
seg000:1267             db    0
seg000:1268             db    0
seg000:1269             db    0
seg000:126A             db    0
seg000:126B             db    0
seg000:126C             db    0
seg000:126D             db    0
seg000:126E             db    0
seg000:126F             db    0
seg000:1270             db    0
seg000:1271             db    0
seg000:1272             db    0
seg000:1273             db    0
seg000:1274             db    0
seg000:1275             db    0
seg000:1276             db    0
seg000:1277             db    0
seg000:1278             db    0
seg000:1279             db    0
seg000:127A             db    0
seg000:127B             db    0
seg000:127C             db    0
seg000:127D             db    0
seg000:127E             db    0
seg000:127F             db    0
seg000:1280             db    0
seg000:1281             db    0
seg000:1282             db    0
seg000:1283             db    0
seg000:1284             db    0
seg000:1285             db    0
seg000:1286             db    0
seg000:1287             db    0
seg000:1288             db    0
seg000:1289             db    0
seg000:128A word_1128A      db    0                 ; DATA XREF: routine_44+7↓r
seg000:128A                                         ; routine_34+16↓w
seg000:128B             db    0
seg000:128C word_1128C      db    0                 ; DATA XREF: routine_43+7↓r
seg000:128C                                         ; routine_45+7↓r ...
seg000:128D             db    0
seg000:128E word_1128E      db    0                 ; DATA XREF: routine_43+10↓r
seg000:128E                                         ; routine_43+22↓r ...
seg000:128F             db    0
seg000:128F seg000          ends
seg000:128F
seg001:0000 ; ===========================================================================
seg001:0000
seg001:0000 ; Segment type: Pure code
seg001:0000 seg001          segment byte public 'CODE' use16
seg001:0000             align 2
seg001:000D
seg001:000D ; =============== S U B R O U T I N E =======================================
seg001:000D
seg001:000D
seg001:000D routine_19      proc near               ; CODE XREF: routine_13+0↓p
seg001:000D             cli                         ; CODE XREF: routine_13+0↓p
seg001:000E             mov     dx, 3DAh
seg001:0011
seg001:0011 loc_112A1:                              ; CODE XREF: routine_19+7↓j
seg001:0011             in      al, dx              ; CODE XREF: routine_19+7↓j
seg001:0012             test    al, 8
seg001:0014             je      short loc_112A1
seg001:0016
seg001:0016 loc_112A6:                              ; CODE XREF: routine_19+C↓j
seg001:0016             in      al, dx              ; CODE XREF: routine_19+C↓j
seg001:0017             test    al, 8
seg001:0019             jne     short loc_112A6
seg001:001B             mov     bl, 1
seg001:001D             xor     cx, cx
seg001:001F
seg001:001F loc_112AF:                              ; CODE XREF: routine_19+1B↓j
seg001:001F                                         ; routine_19+20↓j
seg001:001F             in      al, dx              ; CODE XREF: routine_19+1B↓j
seg001:001F                                         ; routine_19+20↓j
seg001:0020             test    al, 8
seg001:0022             jne     short loc_112BF
seg001:0024             and     al, 1
seg001:0026             cmp     al, bl
seg001:0028             je      short loc_112AF
seg001:002A             xor     bl, 1
seg001:002D             loop    loc_112AF
seg001:002F
seg001:002F loc_112BF:                              ; CODE XREF: routine_19+15↑j
seg001:002F             sti                         ; CODE XREF: routine_19+15↑j
seg001:0030             neg     cx
seg001:0032             xor     al, al
seg001:0034             cmp     cx, 258h
seg001:0038             jb      short loc_112CC
seg001:003A             mov     al, 0FFh
seg001:003C
seg001:003C loc_112CC:                              ; CODE XREF: routine_19+2B↑j
seg001:003C             mov     byte_10265, al      ; CODE XREF: routine_19+2B↑j
seg001:003F             retn
seg001:0040 routine_19      endp
seg001:0040
seg001:0040
seg001:0040 ; =============== S U B R O U T I N E =======================================
seg001:0040
seg001:0040
seg001:0040 routine_16      proc near               ; CODE XREF: routine_11+0↓p
seg001:0040             push    es                  ; CODE XREF: routine_11+0↓p
seg001:0041             push    di
seg001:0042             mov     ax, 0
seg001:0045             mov     es, ax
seg001:0047             mov     di, 440h
seg001:004A             mov     byte ptr es:[di], 1
seg001:004E             dec     di
seg001:004F
seg001:004F loc_112DF:                              ; CODE XREF: routine_16+14↓j
seg001:004F             mov     al, es:[di]         ; CODE XREF: routine_16+14↓j
seg001:0052             and     al, 0Fh
seg001:0054             jne     short loc_112DF
seg001:0056             pop     di
seg001:0057             pop     es
seg001:0058             retn
seg001:0059 routine_16      endp
seg001:0059
seg001:0059
seg001:0059 ; =============== S U B R O U T I N E =======================================
seg001:0059
seg001:0059
seg001:0059 routine_24      proc near               ; CODE XREF: routine_17:loc_11312↓p
seg001:0059             push    cx                  ; CODE XREF: routine_17:loc_11312↓p
seg001:005A             cli
seg001:005B             mov     al, 0
seg001:005D             out     43h, al
seg001:005F             in      al, 40h
seg001:0061             mov     bl, al
seg001:0063             in      al, 40h
seg001:0065             mov     bh, al
seg001:0067             mov     cx, 100h
seg001:006A
seg001:006A loc_112FA:                              ; CODE XREF: routine_24:loc_112FA↓j
seg001:006A             loop    loc_112FA           ; CODE XREF: routine_24:loc_112FA↓j
seg001:006C             in      al, 40h
seg001:006E             mov     dl, al
seg001:0070             in      al, 40h
seg001:0072             mov     dh, al
seg001:0074             sti
seg001:0075             sub     bx, dx
seg001:0077             pop     cx
seg001:0078             retn
seg001:0079 routine_24      endp
seg001:0079
seg001:0079
seg001:0079 ; =============== S U B R O U T I N E =======================================
seg001:0079
seg001:0079
seg001:0079 routine_17      proc near               ; CODE XREF: routine_11+3↓p
seg001:0079             mov     word ptr word_1025F, 0; CODE XREF: routine_11+3↓p
seg001:007F             mov     cx, 10h
seg001:0082
seg001:0082 loc_11312:                              ; CODE XREF: routine_17+10↓j
seg001:0082             call    routine_24          ; CODE XREF: routine_17+10↓j
seg001:0085             add     word_1025F, bx
seg001:0089             loop    loc_11312
seg001:008B             mov     bx, word_1025F
seg001:008F             shr     bx, 1
seg001:0091             shr     bx, 1
seg001:0093             shr     bx, 1
seg001:0095             shr     bx, 1
seg001:0097             cmp     bx, 0A28h
seg001:009B             jle     short loc_11330
seg001:009D             mov     bx, 0A28h
seg001:00A0
seg001:00A0 loc_11330:                              ; CODE XREF: routine_17+22↑j
seg001:00A0             mov     dx, 0               ; CODE XREF: routine_17+22↑j
seg001:00A3             mov     ax, 5140h
seg001:00A6             div     bx
seg001:00A8             inc     ax
seg001:00A9             mov     ah, 0
seg001:00AB             mov     word_10261, ax
seg001:00AE             shr     ax, 1
seg001:00B0             shr     ax, 1
seg001:00B2             shr     ax, 1
seg001:00B4             inc     ax
seg001:00B5             mov     ah, 0
seg001:00B7             mov     word_10263, ax
seg001:00BA             retn
seg001:00BB routine_17      endp
seg001:00BB
seg001:00BB
seg001:00BB ; =============== S U B R O U T I N E =======================================
seg001:00BB
seg001:00BB
seg001:00BB routine_11      proc near               ; CODE XREF: sound_driver_setup+8↓p
seg001:00BB             call    routine_16          ; CODE XREF: sound_driver_setup+8↓p
seg001:00BE             call    routine_17
seg001:00C1             mov     al, 4
seg001:00C3             mov     bl, 60h
seg001:00C5             call    routine_18
seg001:00C8             mov     bl, 80h
seg001:00CA             call    routine_18
seg001:00CD             mov     dx, 388h
seg001:00D0             in      al, dx
seg001:00D1             push    ax
seg001:00D2             mov     al, 2
seg001:00D4             mov     bl, 0FFh
seg001:00D6             call    routine_18
seg001:00D9             mov     al, 4
seg001:00DB             mov     bl, 21h
seg001:00DD             call    routine_18
seg001:00E0             mov     cx, 0C8h
seg001:00E3             mov     dx, 388h
seg001:00E6
seg001:00E6 loc_11376:                              ; CODE XREF: routine_11+2C↓j
seg001:00E6             in      al, dx              ; CODE XREF: routine_11+2C↓j
seg001:00E7             loop    loc_11376
seg001:00E9             push    ax
seg001:00EA             mov     al, 4
seg001:00EC             mov     bl, 60h
seg001:00EE             call    routine_18
seg001:00F1             mov     bl, 80h
seg001:00F3             call    routine_18
seg001:00F6             pop     ax
seg001:00F7             pop     bx
seg001:00F8             mov     dx, 0
seg001:00FB             and     al, 0E0h
seg001:00FD             cmp     al, 0C0h
seg001:00FF             jne     short loc_1139D
seg001:0101             and     bl, 0E0h
seg001:0104             cmp     bl, 0
seg001:0107             jne     short loc_1139D
seg001:0109             call    routine_12
seg001:010C             retn
seg001:010D ; ---------------------------------------------------------------------------
seg001:010D
seg001:010D loc_1139D:                              ; CODE XREF: routine_11+44↑j
seg001:010D                                         ; routine_11+4C↑j
seg001:010D             mov     ax, 3               ; CODE XREF: routine_11+44↑j
seg001:010D                                         ; routine_11+4C↑j
seg001:0110             int     10h
seg001:0112             mov     dx, 238h
seg001:0115             mov     ah, 9
seg001:0117             int     21h
seg001:0119
seg001:0119 $RTM_EXIT:
seg001:0119             mov     ax, 4C00h
seg001:011C             int     21h
seg001:011E routine_11      endp
seg001:011E
seg001:011E
seg001:011E ; =============== S U B R O U T I N E =======================================
seg001:011E
seg001:011E
seg001:011E routine_12      proc near               ; CODE XREF: routine_11+4E↑p
seg001:011E                                         ; sound_driver_shutdown+6↓p
seg001:011E             mov     ax, 0               ; CODE XREF: routine_11+4E↑p
seg001:011E                                         ; sound_driver_shutdown+6↓p
seg001:0121             mov     byte_1109A, al
seg001:0124             lea     bx, word_1109C
seg001:0128             mov     [bx], al
seg001:012A             mov     byte_10001[bx], al
seg001:012D             mov     word_10002[bx], al
seg001:0130             lea     bx, word_110B0
seg001:0134             mov     [bx], al
seg001:0136             mov     byte_10001[bx], al
seg001:0139             mov     word_10002[bx], al
seg001:013C             lea     bx, word_110C4
seg001:0140             mov     [bx], al
seg001:0142             mov     byte_10001[bx], al
seg001:0145             mov     word_10002[bx], al
seg001:0148             lea     bx, word_110D8
seg001:014C             mov     [bx], al
seg001:014E             mov     byte_10001[bx], al
seg001:0151             mov     word_10002[bx], al
seg001:0154             lea     bx, word_110EC
seg001:0158             mov     [bx], al
seg001:015A             mov     byte_10001[bx], al
seg001:015D             mov     word_10002[bx], al
seg001:0160             lea     bx, word_11100
seg001:0164             mov     [bx], al
seg001:0166             mov     byte_10001[bx], al
seg001:0169             mov     word_10002[bx], al
seg001:016C             mov     byte_11128, al
seg001:016F             mov     byte_11129, al
seg001:0172             mov     word_11096, ax
seg001:0175             mov     word_11098, ax
seg001:0178             mov     byte ptr byte_1109A, 0FFh
seg001:017D             mov     bx, 0
seg001:0180             mov     ax, 0FFh
seg001:0183
seg001:0183 loc_11413:                              ; CODE XREF: routine_12+6B↓j
seg001:0183             push    ax                  ; CODE XREF: routine_12+6B↓j
seg001:0184             call    routine_18
seg001:0187             pop     ax
seg001:0188             dec     ax
seg001:0189             jne     short loc_11413
seg001:018B             mov     al, 1
seg001:018D             mov     bl, 20h
seg001:018F             call    routine_18
seg001:0192             mov     al, 0BDh
seg001:0194             call    routine_18
seg001:0197             retn
seg001:0198 routine_12      endp
seg001:0198
seg001:0198
seg001:0198 ; =============== S U B R O U T I N E =======================================
seg001:0198
seg001:0198
seg001:0198 routine_37      proc near               ; CODE XREF: routine_33+62↓p
seg001:0198                                         ; routine_35+3E↓p ...
seg001:0198             push    bp                  ; CODE XREF: routine_33+62↓p
seg001:0198                                         ; routine_35+3E↓p ...
seg001:0199             mov     bp, sp
seg001:019B             mov     ax, word ptr [bp+4]
seg001:019E             mov     bl, [bp+6]
seg001:01A1             pop     bp
seg001:01A2 routine_37      endp
seg001:01A2
seg001:01A2
seg001:01A2 ; =============== S U B R O U T I N E =======================================
seg001:01A2
seg001:01A2
seg001:01A2 routine_18      proc near               ; CODE XREF: routine_11+A↑p
seg001:01A2                                         ; routine_11+F↑p ...
seg001:01A2             push    di                  ; CODE XREF: routine_11+A↑p
seg001:01A2                                         ; routine_11+F↑p ...
seg001:01A3             mov     ah, 0
seg001:01A5             mov     di, ax
seg001:01A7             mov     byte_11132[di], bl
seg001:01AB             mov     dx, 388h
seg001:01AE             mov     cx, word_10261
seg001:01B2
seg001:01B2 loc_11442:                              ; CODE XREF: routine_18:loc_11442↓j
seg001:01B2             loop    loc_11442           ; CODE XREF: routine_18:loc_11442↓j
seg001:01B4             out     dx, al
seg001:01B5             mov     al, bl
seg001:01B7             mov     dx, 389h
seg001:01BA             mov     cx, word_10263
seg001:01BE
seg001:01BE loc_1144E:                              ; CODE XREF: routine_18:loc_1144E↓j
seg001:01BE             loop    loc_1144E           ; CODE XREF: routine_18:loc_1144E↓j
seg001:01C0             out     dx, al
seg001:01C1             pop     di
seg001:01C2             retn
seg001:01C3 routine_18      endp
seg001:01C3
seg001:01C3
seg001:01C3 ; =============== S U B R O U T I N E =======================================
seg001:01C3
seg001:01C3
seg001:01C3 routine_23      proc near               ; CODE XREF: routine_15+26↓p
seg001:01C3                                         ; routine_15+3F↓p
seg001:01C3             push    ax                  ; CODE XREF: routine_15+26↓p
seg001:01C3                                         ; routine_15+3F↓p
seg001:01C4             add     al, 0A0h
seg001:01C6             call    routine_18
seg001:01C9             pop     ax
seg001:01CA             add     al, 0B0h
seg001:01CC             mov     bl, bh
seg001:01CE             or      bl, 20h
seg001:01D1             call    routine_18
seg001:01D4             retn
seg001:01D5 routine_23      endp
seg001:01D5
seg001:01D5
seg001:01D5 ; =============== S U B R O U T I N E =======================================
seg001:01D5
seg001:01D5
seg001:01D5 routine_14      proc near               ; CODE XREF: sound_driver_timer_tick:loc_1187E↓p
seg001:01D5             push    es                  ; CODE XREF: sound_driver_timer_tick:loc_1187E↓p
seg001:01D6             push    si
seg001:01D7             push    di
seg001:01D8             push    bp
seg001:01D9             mov     cs:word_1128E+0Bh, ss
seg001:01DE             db  2Eh ; .
seg001:01DF             db  89h
seg001:01E0
seg001:01E0 $i8_exprange:
seg001:01E0             or      ax, es:[bx+si]
seg001:01E3             mov     ax, seg seg000
seg001:01E6             mov     es, ax
seg001:01E8             mov     ss, ax
seg001:01EA             mov     sp, 236h
seg001:01ED             call    routine_22
seg001:01F0             mov     bx, cs:word_1128E+0Bh
seg001:01F5             mov     ss, bx
seg001:01F7             mov     sp, cs:word_1128E+0Dh
seg001:01FC             pop     bp
seg001:01FD             pop     di
seg001:01FE             pop     si
seg001:01FF             pop     es
seg001:0200             mov     al, byte_11129
seg001:0203             or      al, byte_11128
seg001:0207             je      short loc_114DC
seg001:0209             cmp     byte ptr byte_11128, 0
seg001:020E             je      short loc_114BA
seg001:0210             mov     ax, word_11092
seg001:0213             add     ax, word_11096
seg001:0217             mov     word_11092, ax
seg001:021A             dec     byte ptr byte_11128
seg001:021E             jne     short loc_114BA
seg001:0220             mov     al, byte_1112F
seg001:0223             add     al, 0B0h
seg001:0225             mov     bl, 0
seg001:0227             call    routine_18
seg001:022A
seg001:022A loc_114BA:                              ; CODE XREF: $i8_exprange+2E↑j
seg001:022A                                         ; $i8_exprange+3E↑j
seg001:022A             cmp     byte ptr byte_11129, 0; CODE XREF: $i8_exprange+2E↑j
seg001:022A                                         ; $i8_exprange+3E↑j
seg001:022F             je      short loc_114DB
seg001:0231             mov     ax, word_11094
seg001:0234             add     ax, word_11098
seg001:0238             mov     word_11094, ax
seg001:023B             dec     byte ptr byte_11129
seg001:023F             jne     short loc_114DB
seg001:0241             mov     al, byte_11130
seg001:0244             add     al, 0B0h
seg001:0246             mov     bl, 0
seg001:0248             call    routine_18
seg001:024B
seg001:024B loc_114DB:                              ; CODE XREF: $i8_exprange+4F↑j
seg001:024B                                         ; $i8_exprange+5F↑j
seg001:024B             retn                        ; CODE XREF: $i8_exprange+4F↑j
seg001:024B                                         ; $i8_exprange+5F↑j
seg001:024C ; ---------------------------------------------------------------------------
seg001:024C
seg001:024C loc_114DC:                              ; CODE XREF: $i8_exprange+27↑j
seg001:024C             cmp     word ptr word_1025B, -1; CODE XREF: $i8_exprange+27↑j
seg001:0251             je      short loc_114EF
seg001:0253             mov     word ptr word_1025B, 0FFFFh
seg001:0259             mov     word ptr word_10259, 0FFFFh
seg001:025F
seg001:025F loc_114EF:                              ; CODE XREF: $i8_exprange+71↑j
seg001:025F             retn                        ; CODE XREF: $i8_exprange+71↑j
seg001:0260 routine_14      endp
seg001:0260
seg001:0260
seg001:0260 ; =============== S U B R O U T I N E =======================================
seg001:0260
seg001:0260
seg001:0260 routine_15      proc near               ; CODE XREF: sound_driver_noise_tick+6↓p
seg001:0260             mov     bx, 9248h           ; CODE XREF: sound_driver_noise_tick+6↓p
seg001:0263             add     bx, word_10272
seg001:0267             ror     bx, 1
seg001:0269             ror     bx, 1
seg001:026B             ror     bx, 1
seg001:026D             mov     word_10272, bx
seg001:0271             cmp     byte ptr byte_11128, 0
seg001:0276             je      short loc_11519
seg001:0278             xor     bx, 0FFFFh
seg001:027B             and     bx, word_1112A
seg001:027F             add     bx, word_11092
seg001:0283             mov     al, byte_1112F
seg001:0286             call    routine_23
seg001:0289
seg001:0289 loc_11519:                              ; CODE XREF: routine_15+16↑j
seg001:0289             cmp     byte ptr byte_11129, 0; CODE XREF: routine_15+16↑j
seg001:028E             je      short loc_11532
seg001:0290             mov     bx, word_10272
seg001:0294             and     bx, word_1112C
seg001:0298             add     bx, word_11094
seg001:029C             mov     al, byte_11130
seg001:029F             call    routine_23
seg001:02A2
seg001:02A2 loc_11532:                              ; CODE XREF: routine_15+2E↑j
seg001:02A2             retn                        ; CODE XREF: routine_15+2E↑j
seg001:02A3 routine_15      endp
seg001:02A3
seg001:02A3
seg001:02A3 ; =============== S U B R O U T I N E =======================================
seg001:02A3
seg001:02A3
seg001:02A3 routine_39      proc near               ; CODE XREF: routine_31+8E↓p
seg001:02A3                                         ; routine_31+F4↓p
seg001:02A3             cmp     word ptr word_1025B, 1; CODE XREF: routine_31+8E↓p
seg001:02A3                                         ; routine_31+F4↓p
seg001:02A8             je      short loc_11546
seg001:02AA             mov     word ptr word_1025B, 1
seg001:02B0             mov     word ptr word_10259, 1
seg001:02B6
seg001:02B6 loc_11546:                              ; CODE XREF: routine_39+5↑j
seg001:02B6             retn                        ; CODE XREF: routine_39+5↑j
seg001:02B7 routine_39      endp
seg001:02B7
seg001:02B7             db  55h ; U
seg001:02B8             db  8Bh
seg001:02B9             db 0ECh
seg001:02BA             db  8Bh
seg001:02BB             db  46h ; F
seg001:02BC             db    8
seg001:02BD             db  8Bh
seg001:02BE             db  5Eh ; ^
seg001:02BF             db    6
seg001:02C0             db  8Bh
seg001:02C1             db  4Eh ; N
seg001:02C2             db    4
seg001:02C3             db  5Dh ; ]
seg001:02C4             db 0E8h
seg001:02C5             db    1
seg001:02C6             db    0
seg001:02C7             db 0C3h
seg001:02C8
seg001:02C8 ; =============== S U B R O U T I N E =======================================
seg001:02C8
seg001:02C8
seg001:02C8 routine_25      proc near               ; CODE XREF: routine_20+C↓p
seg001:02C8                                         ; routine_20+1A↓p ...
seg001:02C8             mov     dl, byte_1109A      ; CODE XREF: routine_20+C↓p
seg001:02C8                                         ; routine_20+1A↓p ...
seg001:02CC             push    dx
seg001:02CD             mov     byte ptr byte_1109A, 0
seg001:02D2             mov     byte ptr byte_10001[bx], 0
seg001:02D6             mov     byte ptr byte_10009[bx], 0FFh
seg001:02DA             mov     byte ptr word_10002[bx], 0
seg001:02DE             mov     word ptr word_1000A[bx], cx
seg001:02E1             mov     word ptr word_1000C[bx], 0
seg001:02E6             mov     word ptr word_1000E[bx], 0
seg001:02EB             mov     word ptr word_10010[bx], 0
seg001:02F0             mov     byte ptr word_10006[bx], 0
seg001:02F4             mov     word ptr word_10012[bx], ax
seg001:02F7             mov     byte ptr [bx], 1
seg001:02FA             pop     dx
seg001:02FB             mov     byte_1109A, dl
seg001:02FF             retn
seg001:0300 routine_25      endp
seg001:0300
seg001:0300
seg001:0300 ; =============== S U B R O U T I N E =======================================
seg001:0300
seg001:0300
seg001:0300 routine_20      proc near               ; CODE XREF: routine_13+9↓p
seg001:0300             lea     ax, word_1034A      ; CODE XREF: routine_13+9↓p
seg001:0304             lea     bx, word_1109C
seg001:0308             lea     cx, word_1080E
seg001:030C             call    routine_25
seg001:030F             mov     ax, 0
seg001:0312             lea     bx, word_110B0
seg001:0316             lea     cx, word_1081C
seg001:031A             call    routine_25
seg001:031D             lea     bx, word_110C4
seg001:0321             lea     cx, word_10828
seg001:0325             call    routine_25
seg001:0328             lea     bx, word_110D8
seg001:032C             lea     cx, word_10836
seg001:0330             call    routine_25
seg001:0333             lea     bx, word_110EC
seg001:0337             lea     cx, word_10848
seg001:033B             call    routine_25
seg001:033E             lea     bx, word_11100
seg001:0342             lea     cx, word_1085A
seg001:0346             call    routine_25
seg001:0349             retn
seg001:034A routine_20      endp
seg001:034A
seg001:034A             db  8Dh
seg001:034B             db    6
seg001:034C             db 0E0h
seg001:034D             db    3
seg001:034E             db  8Dh
seg001:034F             db  1Eh
seg001:0350             db  9Ch
seg001:0351             db  10h
seg001:0352             db  8Dh
seg001:0353             db  0Eh
seg001:0354             db  6Ch ; l
seg001:0355             db    8
seg001:0356             db 0E8h
seg001:0357             db  6Fh ; o
seg001:0358             db 0FFh
seg001:0359             db 0B8h
seg001:035A             db    0
seg001:035B             db    0
seg001:035C             db  8Dh
seg001:035D             db  1Eh
seg001:035E             db 0B0h
seg001:035F             db  10h
seg001:0360             db  8Dh
seg001:0361             db  0Eh
seg001:0362             db 0D2h
seg001:0363             db    9
seg001:0364             db 0E8h
seg001:0365             db  61h ; a
seg001:0366             db 0FFh
seg001:0367             db  8Dh
seg001:0368             db  1Eh
seg001:0369             db 0C4h
seg001:036A             db  10h
seg001:036B             db  8Dh
seg001:036C             db  0Eh
seg001:036D             db  60h ; `
seg001:036E             db  0Ah
seg001:036F             db 0E8h
seg001:0370             db  56h ; V
seg001:0371             db 0FFh
seg001:0372             db  8Dh
seg001:0373             db  1Eh
seg001:0374             db 0D8h
seg001:0375             db  10h
seg001:0376             db  8Dh
seg001:0377             db  0Eh
seg001:0378             db 0CAh
seg001:0379             db  0Ah
seg001:037A             db 0E8h
seg001:037B             db  4Bh ; K
seg001:037C             db 0FFh
seg001:037D             db  8Dh
seg001:037E             db  1Eh
seg001:037F             db 0ECh
seg001:0380             db  10h
seg001:0381             db  8Dh
seg001:0382             db  0Eh
seg001:0383             db  52h ; R
seg001:0384             db  0Bh
seg001:0385             db 0E8h
seg001:0386             db  40h ; @
seg001:0387             db 0FFh
seg001:0388             db  8Dh
seg001:0389             db  1Eh
seg001:038A             db    0
seg001:038B             db  11h
seg001:038C             db  8Dh
seg001:038D             db  0Eh
seg001:038E             db 0C8h
seg001:038F             db  0Dh
seg001:0390             db 0E8h
seg001:0391             db  35h ; 5
seg001:0392             db 0FFh
seg001:0393             db 0C3h
seg001:0394
seg001:0394 ; =============== S U B R O U T I N E =======================================
seg001:0394
seg001:0394
seg001:0394 routine_13      proc near               ; CODE XREF: sound_driver_play_intro+11↓p
seg001:0394             call    routine_19          ; CODE XREF: sound_driver_play_intro+11↓p
seg001:0397             mov     word ptr word_1025D, 0
seg001:039D             call    routine_20
seg001:03A0
seg001:03A0 loc_11630:                              ; CODE XREF: routine_13+2B↓j
seg001:03A0             mov     al, byte ptr word_1109C; CODE XREF: routine_13+2B↓j
seg001:03A3             or      al, byte ptr word_110B0
seg001:03A7             or      al, byte ptr word_110C4
seg001:03AB             or      al, byte ptr word_110D8
seg001:03AF             or      al, byte ptr word_110EC
seg001:03B3             or      al, byte ptr word_11100
seg001:03B7             cmp     al, 0
seg001:03B9             je      short loc_1166F
seg001:03BB             mov     ah, 1
seg001:03BD             int     16h
seg001:03BF             je      short loc_11630
seg001:03C1             call    routine_21
seg001:03C4
seg001:03C4 loc_11654:                              ; CODE XREF: routine_13+49↓j
seg001:03C4             mov     al, byte ptr word_1109C; CODE XREF: routine_13+49↓j
seg001:03C7             or      al, byte ptr word_110B0
seg001:03CB             or      al, byte ptr word_110C4
seg001:03CF             or      al, byte ptr word_110D8
seg001:03D3             or      al, byte ptr word_110EC
seg001:03D7             or      al, byte ptr word_11100
seg001:03DB             cmp     al, 0
seg001:03DD             jne     short loc_11654
seg001:03DF
seg001:03DF loc_1166F:                              ; CODE XREF: routine_13+25↑j
seg001:03DF             retn                        ; CODE XREF: routine_13+25↑j
seg001:03E0 routine_13      endp
seg001:03E0
seg001:03E0
seg001:03E0 ; =============== S U B R O U T I N E =======================================
seg001:03E0
seg001:03E0
seg001:03E0 routine_21      proc near               ; CODE XREF: routine_13+2D↑p
seg001:03E0             lea     ax, word_1042A      ; CODE XREF: routine_13+2D↑p
seg001:03E4             lea     bx, word_1109C
seg001:03E8             lea     cx, word_10FDC
seg001:03EC             call    routine_25
seg001:03EF             mov     ax, 0
seg001:03F2             lea     bx, word_110B0
seg001:03F6             lea     cx, word_10FE8
seg001:03FA             call    routine_25
seg001:03FD             lea     bx, word_110C4
seg001:0401             lea     cx, word_10FF4
seg001:0405             call    routine_25
seg001:0408             lea     bx, word_110D8
seg001:040C             lea     cx, word_11004
seg001:0410             call    routine_25
seg001:0413             lea     bx, word_110EC
seg001:0417             lea     cx, word_11016
seg001:041B             call    routine_25
seg001:041E             lea     bx, word_11100
seg001:0422             lea     cx, word_1102C
seg001:0426             call    routine_25
seg001:0429             retn
seg001:042A routine_21      endp
seg001:042A
seg001:042A             db 0E8h
seg001:042B             db 0F1h
seg001:042C             db 0FCh
seg001:042D             db 0C7h
seg001:042E             db    6
seg001:042F             db  5Dh ; ]
seg001:0430             db    2
seg001:0431             db 0FFh
seg001:0432             db    0
seg001:0433             db 0C3h
seg001:0434             db  3Ah ; :
seg001:0435             db    7
seg001:0436             db  42h ; B
seg001:0437             db    7
seg001:0438             db  4Ah ; J
seg001:0439             db    7
seg001:043A             db  52h ; R
seg001:043B             db    7
seg001:043C             db  8Bh
seg001:043D             db  1Eh
seg001:043E             db  72h ; r
seg001:043F             db    2
seg001:0440             db 0D1h
seg001:0441             db 0EBh
seg001:0442             db 0D1h
seg001:0443             db 0EBh
seg001:0444             db  83h
seg001:0445             db 0E3h
seg001:0446             db    6
seg001:0447             db  2Eh ; .
seg001:0448             db  8Bh
seg001:0449             db  8Fh
seg001:044A             db  34h ; 4
seg001:044B             db    4
seg001:044C             db 0B8h
seg001:044D             db    0
seg001:044E             db    0
seg001:044F             db  8Dh
seg001:0450             db  1Eh
seg001:0451             db 0C4h
seg001:0452             db  10h
seg001:0453             db 0E8h
seg001:0454             db  72h ; r
seg001:0455             db 0FEh
seg001:0456             db 0C3h
seg001:0457             db  5Ah ; Z
seg001:0458             db    7
seg001:0459             db  62h ; b
seg001:045A             db    7
seg001:045B             db  6Ah ; j
seg001:045C             db    7
seg001:045D             db  72h ; r
seg001:045E             db    7
seg001:045F             db  8Bh
seg001:0460             db  1Eh
seg001:0461             db  72h ; r
seg001:0462             db    2
seg001:0463             db 0D1h
seg001:0464             db 0EBh
seg001:0465             db 0D1h
seg001:0466             db 0EBh
seg001:0467             db 0D1h
seg001:0468             db 0EBh
seg001:0469             db  83h
seg001:046A             db 0E3h
seg001:046B             db    6
seg001:046C             db  2Eh ; .
seg001:046D             db  8Bh
seg001:046E             db  8Fh
seg001:046F             db  57h ; W
seg001:0470             db    4
seg001:0471             db 0B8h
seg001:0472             db    0
seg001:0473             db    0
seg001:0474             db  8Dh
seg001:0475             db  1Eh
seg001:0476             db 0B0h
seg001:0477             db  10h
seg001:0478             db 0E8h
seg001:0479             db  4Dh ; M
seg001:047A             db 0FEh
seg001:047B             db 0C3h
seg001:047C             db 0B8h
seg001:047D             db    0
seg001:047E             db    0
seg001:047F             db  8Dh
seg001:0480             db  1Eh
seg001:0481             db  9Ch
seg001:0482             db  10h
seg001:0483             db  8Dh
seg001:0484             db  0Eh
seg001:0485             db  7Ah ; z
seg001:0486             db    7
seg001:0487             db 0E8h
seg001:0488             db  3Eh ; >
seg001:0489             db 0FEh
seg001:048A             db 0C3h
seg001:048B             db 0B8h
seg001:048C             db    0
seg001:048D             db    0
seg001:048E             db  8Dh
seg001:048F             db  1Eh
seg001:0490             db  9Ch
seg001:0491             db  10h
seg001:0492             db  8Dh
seg001:0493             db  0Eh
seg001:0494             db  86h
seg001:0495             db    7
seg001:0496             db 0E8h
seg001:0497             db  2Fh ; /
seg001:0498             db 0FEh
seg001:0499             db 0C3h
seg001:049A             db 0B8h
seg001:049B             db    0
seg001:049C             db    0
seg001:049D             db  8Dh
seg001:049E             db  1Eh
seg001:049F             db 0C4h
seg001:04A0             db  10h
seg001:04A1             db  8Dh
seg001:04A2             db  0Eh
seg001:04A3             db 0E0h
seg001:04A4             db    7
seg001:04A5             db 0E8h
seg001:04A6             db  20h ;  
seg001:04A7             db 0FEh
seg001:04A8             db 0C3h
seg001:04A9             db 0B8h
seg001:04AA             db    0
seg001:04AB             db    0
seg001:04AC             db  8Dh
seg001:04AD             db  1Eh
seg001:04AE             db 0D8h
seg001:04AF             db  10h
seg001:04B0             db  8Dh
seg001:04B1             db  0Eh
seg001:04B2             db  90h
seg001:04B3             db    7
seg001:04B4             db 0E8h
seg001:04B5             db  11h
seg001:04B6             db 0FEh
seg001:04B7             db 0C3h
seg001:04B8             db 0B8h
seg001:04B9             db    0
seg001:04BA             db    0
seg001:04BB             db  8Dh
seg001:04BC             db  1Eh
seg001:04BD             db 0D8h
seg001:04BE             db  10h
seg001:04BF             db  8Dh
seg001:04C0             db  0Eh
seg001:04C1             db  9Eh
seg001:04C2             db    7
seg001:04C3             db 0E8h
seg001:04C4             db    2
seg001:04C5             db 0FEh
seg001:04C6             db 0C3h
seg001:04C7             db 0B8h
seg001:04C8             db    0
seg001:04C9             db    0
seg001:04CA             db  8Dh
seg001:04CB             db  1Eh
seg001:04CC             db 0D8h
seg001:04CD             db  10h
seg001:04CE             db  8Dh
seg001:04CF             db  0Eh
seg001:04D0             db 0A8h
seg001:04D1             db    7
seg001:04D2             db 0E8h
seg001:04D3             db 0F3h
seg001:04D4             db 0FDh
seg001:04D5             db 0C3h
seg001:04D6             db 0B8h
seg001:04D7             db    0
seg001:04D8             db    0
seg001:04D9             db  8Dh
seg001:04DA             db  1Eh
seg001:04DB             db  9Ch
seg001:04DC             db  10h
seg001:04DD             db  8Dh
seg001:04DE             db  0Eh
seg001:04DF             db  38h ; 8
seg001:04E0             db    7
seg001:04E1             db 0E8h
seg001:04E2             db 0E4h
seg001:04E3             db 0FDh
seg001:04E4             db 0C3h
seg001:04E5             db 0B8h
seg001:04E6             db    0
seg001:04E7             db    0
seg001:04E8             db  8Dh
seg001:04E9             db  1Eh
seg001:04EA             db  9Ch
seg001:04EB             db  10h
seg001:04EC             db  8Dh
seg001:04ED             db  0Eh
seg001:04EE             db 0B2h
seg001:04EF             db    7
seg001:04F0             db 0E8h
seg001:04F1             db 0D5h
seg001:04F2             db 0FDh
seg001:04F3             db 0C3h
seg001:04F4             db 0B8h
seg001:04F5             db    0
seg001:04F6             db    0
seg001:04F7             db  8Dh
seg001:04F8             db  1Eh
seg001:04F9             db  9Ch
seg001:04FA             db  10h
seg001:04FB             db  8Dh
seg001:04FC             db  0Eh
seg001:04FD             db 0BAh
seg001:04FE             db    7
seg001:04FF             db 0E8h
seg001:0500             db 0C6h
seg001:0501             db 0FDh
seg001:0502             db 0C3h
seg001:0503             db 0B8h
seg001:0504             db    0
seg001:0505             db    0
seg001:0506             db  8Dh
seg001:0507             db  1Eh
seg001:0508             db  9Ch
seg001:0509             db  10h
seg001:050A             db  8Dh
seg001:050B             db  0Eh
seg001:050C             db 0CAh
seg001:050D             db    7
seg001:050E             db 0E8h
seg001:050F             db 0B7h
seg001:0510             db 0FDh
seg001:0511             db 0C3h
seg001:0512             db 0B8h
seg001:0513             db    0
seg001:0514             db    0
seg001:0515             db  8Dh
seg001:0516             db  1Eh
seg001:0517             db  9Ch
seg001:0518             db  10h
seg001:0519             db  8Dh
seg001:051A             db  0Eh
seg001:051B             db 0D4h
seg001:051C             db    7
seg001:051D             db 0E8h
seg001:051E             db 0A8h
seg001:051F             db 0FDh
seg001:0520             db 0C3h
seg001:0521             db  80h
seg001:0522             db  3Eh ; >
seg001:0523             db 0ECh
seg001:0524             db  10h
seg001:0525             db    0
seg001:0526             db  75h ; u
seg001:0527             db  0Eh
seg001:0528             db 0B8h
seg001:0529             db    0
seg001:052A             db    0
seg001:052B             db  8Dh
seg001:052C             db  1Eh
seg001:052D             db 0ECh
seg001:052E             db  10h
seg001:052F             db  8Dh
seg001:0530             db  0Eh
seg001:0531             db 0D6h
seg001:0532             db    7
seg001:0533             db 0E8h
seg001:0534             db  92h
seg001:0535             db 0FDh
seg001:0536             db 0C3h
seg001:0537             db 0B8h
seg001:0538             db    0
seg001:0539             db    0
seg001:053A             db  8Dh
seg001:053B             db  1Eh
seg001:053C             db  9Ch
seg001:053D             db  10h
seg001:053E             db  8Dh
seg001:053F             db  0Eh
seg001:0540             db 0C2h
seg001:0541             db    7
seg001:0542             db 0E8h
seg001:0543             db  83h
seg001:0544             db 0FDh
seg001:0545             db 0C3h
seg001:0546             db 0B8h
seg001:0547             db    0
seg001:0548             db    0
seg001:0549             db  8Dh
seg001:054A             db  1Eh
seg001:054B             db 0B0h
seg001:054C             db  10h
seg001:054D             db  8Dh
seg001:054E             db  0Eh
seg001:054F             db 0EAh
seg001:0550             db    7
seg001:0551             db 0E8h
seg001:0552             db  74h ; t
seg001:0553             db 0FDh
seg001:0554             db 0C3h
seg001:0555             db 0B8h
seg001:0556             db    0
seg001:0557             db    0
seg001:0558             db  8Dh
seg001:0559             db  1Eh
seg001:055A             db 0C4h
seg001:055B             db  10h
seg001:055C             db  8Dh
seg001:055D             db  0Eh
seg001:055E             db 0FCh
seg001:055F             db    7
seg001:0560             db 0E8h
seg001:0561             db  65h ; e
seg001:0562             db 0FDh
seg001:0563             db 0C3h
seg001:0564             db 0C3h
seg001:0565             db  5Fh ; _
seg001:0566             db    4
seg001:0567             db  3Ch ; <
seg001:0568             db    4
seg001:0569             db  7Ch ; |
seg001:056A             db    4
seg001:056B             db 0C7h
seg001:056C             db    4
seg001:056D             db 0B8h
seg001:056E             db    4
seg001:056F             db 0A9h
seg001:0570             db    4
seg001:0571             db  9Ah
seg001:0572             db    4
seg001:0573             db  46h ; F
seg001:0574             db    5
seg001:0575             db  55h ; U
seg001:0576             db    5
seg001:0577             db  8Bh
seg001:0578             db    4
seg001:0579             db  21h ; !
seg001:057A             db    5
seg001:057B             db  37h ; 7
seg001:057C             db    5
seg001:057D             db 0F4h
seg001:057E             db    4
seg001:057F             db  12h
seg001:0580             db    5
seg001:0581             db 0E5h
seg001:0582             db    4
seg001:0583             db    3
seg001:0584             db    5
seg001:0585             db  64h ; d
seg001:0586             db    5
seg001:0587             db 0D6h
seg001:0588             db    4
seg001:0589
seg001:0589 ; =============== S U B R O U T I N E =======================================
seg001:0589
seg001:0589 ; Attributes: far
seg001:0589
seg001:0589 sound_driver_setup proc far
seg001:0589             push    di
seg001:058A             push    bp
seg001:058B             push    ds
seg001:058C             mov     ax, seg seg000
seg001:058F             mov     ds, ax
seg001:0591             call    routine_11
seg001:0594             pop     ds
seg001:0595             pop     bp
seg001:0596             pop     di
seg001:0597             retf
seg001:0598 sound_driver_setup endp
seg001:0598
seg001:0598
seg001:0598 ; =============== S U B R O U T I N E =======================================
seg001:0598
seg001:0598 ; Attributes: far
seg001:0598
seg001:0598 sound_driver_shutdown proc far
seg001:0598             push    ds
seg001:0599             mov     ax, seg seg000
seg001:059C             mov     ds, ax
seg001:059E             call    routine_12
seg001:05A1             pop     ds
seg001:05A2             retf
seg001:05A3 sound_driver_shutdown endp
seg001:05A3
seg001:05A3
seg001:05A3 ; =============== S U B R O U T I N E =======================================
seg001:05A3
seg001:05A3 ; Attributes: far
seg001:05A3
seg001:05A3 sound_driver_dispatch_sound proc far
seg001:05A3             push    bp
seg001:05A4             mov     bp, sp
seg001:05A6             mov     bx, word ptr [bp+6]
seg001:05A9             cmp     bx, 22h
seg001:05AC             ja      short loc_1184A
seg001:05AE             push    ds
seg001:05AF             mov     ax, seg seg000
seg001:05B2             mov     ds, ax
seg001:05B4             call    word ptr cs:[bx+565h]
seg001:05B9             pop     ds
seg001:05BA
seg001:05BA loc_1184A:                              ; CODE XREF: sound_driver_dispatch_sound+9↑j
seg001:05BA             pop     bp                  ; CODE XREF: sound_driver_dispatch_sound+9↑j
seg001:05BB
seg001:05BB loc_1184B:                              ; CODE XREF: sound_driver_play_intro+5↓j
seg001:05BB             retf                        ; CODE XREF: sound_driver_play_intro+5↓j
seg001:05BC sound_driver_dispatch_sound endp
seg001:05BC
seg001:05BC
seg001:05BC ; =============== S U B R O U T I N E =======================================
seg001:05BC
seg001:05BC ; Attributes: far
seg001:05BC
seg001:05BC sound_driver_play_intro proc far
seg001:05BC             cmp     byte ptr byte_1109A, 1
seg001:05C1             je      short loc_1184B
seg001:05C3             push    bp
seg001:05C4             push    es
seg001:05C5             push    si
seg001:05C6             push    di
seg001:05C7             push    ds
seg001:05C8             mov     ax, seg seg000
seg001:05CB             mov     ds, ax
seg001:05CD             call    routine_13
seg001:05D0             pop     ds
seg001:05D1             pop     di
seg001:05D2             pop     si
seg001:05D3             pop     es
seg001:05D4             pop     bp
seg001:05D5             retf
seg001:05D6 sound_driver_play_intro endp
seg001:05D6
seg001:05D6
seg001:05D6 ; =============== S U B R O U T I N E =======================================
seg001:05D6
seg001:05D6 ; Attributes: far
seg001:05D6
seg001:05D6 sound_driver_timer_tick proc far
seg001:05D6             push    ds
seg001:05D7             mov     ax, seg seg000
seg001:05DA             mov     ds, ax
seg001:05DC             dec     byte ptr byte_10266
seg001:05E0             jne     short loc_1187E
seg001:05E2             mov     byte ptr byte_10266, 7
seg001:05E7             cmp     byte ptr byte_10265, 0
seg001:05EC             jne     short loc_11881
seg001:05EE
seg001:05EE loc_1187E:                              ; CODE XREF: sound_driver_timer_tick+A↑j
seg001:05EE             call    routine_14          ; CODE XREF: sound_driver_timer_tick+A↑j
seg001:05F1
seg001:05F1 loc_11881:                              ; CODE XREF: sound_driver_timer_tick+16↑j
seg001:05F1             mov     ax, word_10259      ; CODE XREF: sound_driver_timer_tick+16↑j
seg001:05F4             mov     word ptr word_10259, 0
seg001:05FA             pop     ds
seg001:05FB             retf
seg001:05FC sound_driver_timer_tick endp
seg001:05FC
seg001:05FC
seg001:05FC ; =============== S U B R O U T I N E =======================================
seg001:05FC
seg001:05FC ; Attributes: far
seg001:05FC
seg001:05FC sound_driver_noise_tick proc far
seg001:05FC             push    ds
seg001:05FD             mov     ax, seg seg000
seg001:0600             mov     ds, ax
seg001:0602             call    routine_15
seg001:0605             pop     ds
seg001:0606             xor     ax, ax
seg001:0608             retf
seg001:0609 sound_driver_noise_tick endp
seg001:0609
seg001:0609
seg001:0609 ; =============== S U B R O U T I N E =======================================
seg001:0609
seg001:0609 ; Attributes: far
seg001:0609
seg001:0609 sound_driver_set_drone_pitch proc far
seg001:0609             push    bp
seg001:060A             mov     bp, sp
seg001:060C             push    ds
seg001:060D             mov     ax, seg seg000
seg001:0610             mov     ds, ax
seg001:0612             mov     ax, word ptr [bp+6]
seg001:0615             cmp     ax, word_1026E
seg001:0619             jl      short loc_118AE
seg001:061B             mov     ax, word_1026E
seg001:061E
seg001:061E loc_118AE:                              ; CODE XREF: sound_driver_set_drone_pitch+10↑j
seg001:061E             mov     word_10268, ax      ; CODE XREF: sound_driver_set_drone_pitch+10↑j
seg001:0621             pop     ds
seg001:0622             pop     bp
seg001:0623             retf
seg001:0624 sound_driver_set_drone_pitch endp
seg001:0624
seg001:0624
seg001:0624 ; =============== S U B R O U T I N E =======================================
seg001:0624
seg001:0624 ; Attributes: far
seg001:0624
seg001:0624 sound_driver_enable_drone proc far
seg001:0624             push    ds
seg001:0625             mov     ax, seg seg000
seg001:0628             mov     ds, ax
seg001:062A             mov     byte ptr byte_10270, 1
seg001:062F             pop     ds
seg001:0630             retf
seg001:0631 sound_driver_enable_drone endp
seg001:0631
seg001:0631
seg001:0631 ; =============== S U B R O U T I N E =======================================
seg001:0631
seg001:0631 ; Attributes: far
seg001:0631
seg001:0631 sound_driver_disable_drone proc far
seg001:0631             push    ds
seg001:0632             mov     ax, seg seg000
seg001:0635             mov     ds, ax
seg001:0637             mov     byte ptr byte_10270, 0
seg001:063C             pop     ds
seg001:063D             retf
seg001:063E sound_driver_disable_drone endp
seg001:063E
seg001:063E
seg001:063E ; =============== S U B R O U T I N E =======================================
seg001:063E
seg001:063E
seg001:063E routine_36      proc near               ; CODE XREF: routine_38+A↓p
seg001:063E                                         ; routine_32+E↓p ...
seg001:063E             push    bp                  ; CODE XREF: routine_38+A↓p
seg001:063E                                         ; routine_32+E↓p ...
seg001:063F             mov     bp, sp
seg001:0641             sub     sp, 2
seg001:0645
seg001:0645 aFfdivs:
seg001:0645             push    si
seg001:0646             push    di
seg001:0647             mov     ax, word ptr [bp+4]
seg001:064A             mov     bl, al
seg001:064C             cmp     al, 6
seg001:064E             jle     short loc_118EC
seg001:0650             mov     bl, 7
seg001:0652             cmp     al, 7
seg001:0654             je      short loc_118EC
seg001:0656             cmp     al, 0Ah
seg001:0658             je      short loc_118EC
seg001:065A             mov     bl, 8
seg001:065C
seg001:065C loc_118EC:                              ; CODE XREF: aFfdivs+9↑j
seg001:065C                                         ; aFfdivs+F↑j ...
seg001:065C             mov     bh, 0               ; CODE XREF: aFfdivs+9↑j
seg001:065C                                         ; aFfdivs+F↑j ...
seg001:065E             mov     word ptr [bp-2], bx
seg001:0661             mov     ax, word ptr [bp-2]
seg001:0664             pop     di
seg001:0665             pop     si
seg001:0666             mov     sp, bp
seg001:0668             pop     bp
seg001:0669             retn
seg001:066A routine_36      endp
seg001:066A
seg001:066A
seg001:066A ; =============== S U B R O U T I N E =======================================
seg001:066A
seg001:066A
seg001:066A routine_33      proc near               ; CODE XREF: routine_31+12F↓p
seg001:066A                                         ; rttosnpopde+17D↓p ...
seg001:066A             push    bp                  ; CODE XREF: routine_31+12F↓p
seg001:066A                                         ; rttosnpopde+17D↓p ...
seg001:066B             mov     bp, sp
seg001:066D             sub     sp, 4
seg001:0671             cmp     word ptr [bp+4], 6
seg001:0675             ja      short loc_11924
seg001:0677             mov     ax, word ptr [bp+4]
seg001:067A             shl     ax, 1
seg001:067C             mov     bx, 298h
seg001:067F             add     bx, ax
seg001:0681             mov     al, byte_10001[bx]
seg001:0684             cbw
seg001:0685             mov     bx, ax
seg001:0687             mov     al, byte_102AE[bx]
seg001:068B             cbw
seg001:068C             add     ax, 40h
seg001:068F             mov     word ptr [bp-2], ax
seg001:0692             jmp     short loc_1193B
seg001:0694 ; ---------------------------------------------------------------------------
seg001:0694
seg001:0694 loc_11924:                              ; CODE XREF: routine_33+B↑j
seg001:0694             mov     bx, word ptr [bp+4] ; CODE XREF: routine_33+B↑j
seg001:0697             shl     bx, 1
seg001:0699             mov     al, byte_10298[bx]
seg001:069D             cbw
seg001:069E             mov     bx, ax
seg001:06A0             mov     al, byte_102AE[bx]
seg001:06A4             cbw
seg001:06A5             add     ax, 40h
seg001:06A8             mov     word ptr [bp-2], ax
seg001:06AB
seg001:06AB loc_1193B:                              ; CODE XREF: routine_33+28↑j
seg001:06AB             mov     bx, word ptr [bp-2] ; CODE XREF: routine_33+28↑j
seg001:06AE             mov     al, byte_11132[bx]
seg001:06B2             and     ax, 0C0h
seg001:06B5             mov     word ptr [bp-4], ax
seg001:06B8             mov     ax, word ptr [bp+6]
seg001:06BB             and     ax, 3Fh
seg001:06BE             mov     cx, 3Fh
seg001:06C1             sub     cx, ax
seg001:06C3             or      word ptr [bp-4], cx
seg001:06C6             push    [bp-4]
seg001:06C9             push    [bp-2]
seg001:06CC             call    routine_37
seg001:06CF             add     sp, 4
seg001:06D2             mov     sp, bp
seg001:06D4             pop     bp
seg001:06D5             retn
seg001:06D6 routine_33      endp
seg001:06D6
seg001:06D6
seg001:06D6 ; =============== S U B R O U T I N E =======================================
seg001:06D6
seg001:06D6
seg001:06D6 routine_35      proc near               ; CODE XREF: routine_27+51↓p
seg001:06D6             push    bp                  ; CODE XREF: routine_27+51↓p
seg001:06D7             mov     bp, sp
seg001:06D9             sub     sp, 4
seg001:06DD             mov     bx, word ptr [bp+4]
seg001:06E0             shl     bx, 1
seg001:06E2             mov     al, byte_10298[bx]
seg001:06E6             cbw
seg001:06E7             mov     bx, ax
seg001:06E9             mov     al, byte_102AE[bx]
seg001:06ED             cbw
seg001:06EE             add     ax, 40h
seg001:06F1             mov     word ptr [bp-2], ax
seg001:06F4             mov     bx, ax
seg001:06F6             mov     al, byte_11132[bx]
seg001:06FA             and     ax, 0C0h
seg001:06FD             mov     word ptr [bp-4], ax
seg001:0700             mov     ax, word ptr [bp+6]
seg001:0703             and     ax, 3Fh
seg001:0706             mov     cx, 3Fh
seg001:0709             sub     cx, ax
seg001:070B             or      word ptr [bp-4], cx
seg001:070E             push    [bp-4]
seg001:0711             push    [bp-2]
seg001:0714             call    routine_37
seg001:0717             add     sp, 4
seg001:071A             mov     sp, bp
seg001:071C             pop     bp
seg001:071D             retn
seg001:071E routine_35      endp
seg001:071E
seg001:071E
seg001:071E ; =============== S U B R O U T I N E =======================================
seg001:071E
seg001:071E
seg001:071E routine_38      proc near               ; CODE XREF: routine_31+11B↓p
seg001:071E             push    bp                  ; CODE XREF: routine_31+11B↓p
seg001:071F             mov     bp, sp
seg001:0721             sub     sp, 0Ch
seg001:0725             push    [bp+4]
seg001:0728             call    routine_36
seg001:072B             add     sp, 2
seg001:072E             add     ax, 0A0h
seg001:0731             mov     word ptr [bp-2], ax
seg001:0734             mov     cx, 0Ch
seg001:0737             mov     ax, word ptr [bp+6]
seg001:073A             sub     dx, dx
seg001:073C             div     cx
seg001:073E             mov     [bp-8], dl
seg001:0741             mov     cx, 0Ch
seg001:0744             mov     ax, word ptr [bp+6]
seg001:0747             sub     dx, dx
seg001:0749             div     cx
seg001:074B             mov     [bp-0Ah], al
seg001:074E             mov     al, [bp-8]
seg001:0751             and     ax, 0FFh
seg001:0754             mov     bx, ax
seg001:0756             shl     bx, 1
seg001:0758             mov     ax, word_1027C[bx]
seg001:075C             mov     word ptr [bp-4], ax
seg001:075F             and     ax, 0FFh
seg001:0762             push    ax
seg001:0763             push    [bp-2]
seg001:0766             call    routine_37
seg001:0769             add     sp, 4
seg001:076C             add     word ptr [bp-2], 10h
seg001:0770             mov     bx, word ptr [bp-2]
seg001:0773             mov     al, byte_11132[bx]
seg001:0777             and     ax, 20h
seg001:077A             mov     [bp-6], al
seg001:077D             mov     cx, 8
seg001:0780             mov     ax, word ptr [bp-4]
seg001:0783             shr     ax, cl
seg001:0785             mov     word ptr [bp-0Ch], ax
seg001:0788             mov     al, [bp-0Ah]
seg001:078B             and     ax, 0FFh
seg001:078E             shl     ax, 1
seg001:0790             shl     ax, 1
seg001:0792             mov     cx, word ptr [bp-0Ch]
seg001:0795             or      cx, ax
seg001:0797             or      [bp-6], cl
seg001:079A             mov     al, [bp-6]
seg001:079D             and     ax, 0FFh
seg001:07A0             push    ax
seg001:07A1             push    [bp-2]
seg001:07A4             call    routine_37
seg001:07A7             add     sp, 4
seg001:07AA             mov     sp, bp
seg001:07AC             pop     bp
seg001:07AD             retn
seg001:07AE routine_38      endp
seg001:07AE
seg001:07AE
seg001:07AE ; =============== S U B R O U T I N E =======================================
seg001:07AE
seg001:07AE
seg001:07AE routine_32      proc near               ; CODE XREF: routine_27+C1↓p
seg001:07AE             push    bp                  ; CODE XREF: routine_27+C1↓p
seg001:07AF             mov     bp, sp
seg001:07B1             sub     sp, 4
seg001:07B5             mov     al, [bp+4]
seg001:07B8             and     ax, 0FFh
seg001:07BB             push    ax
seg001:07BC             call    routine_36
seg001:07BF             add     sp, 2
seg001:07C2             add     ax, 0A0h
seg001:07C5             mov     word ptr [bp-2], ax
seg001:07C8             mov     ax, word ptr [bp+6]
seg001:07CB             and     ax, 0FFh
seg001:07CE             push    ax
seg001:07CF             push    [bp-2]
seg001:07D2             call    routine_37
seg001:07D5             add     sp, 4
seg001:07D8             add     word ptr [bp-2], 10h
seg001:07DC             mov     bx, word ptr [bp-2]
seg001:07DF             mov     al, byte_11132[bx]
seg001:07E3             and     ax, 20h
seg001:07E6             mov     [bp-4], al
seg001:07E9             mov     cx, 8
seg001:07EC             mov     ax, word ptr [bp+6]
seg001:07EF             shr     ax, cl
seg001:07F1             or      [bp-4], al
seg001:07F4             mov     al, [bp-4]
seg001:07F7             and     ax, 0FFh
seg001:07FA             push    ax
seg001:07FB             push    [bp-2]
seg001:07FE             call    routine_37
seg001:0801             add     sp, 4
seg001:0804             mov     sp, bp
seg001:0806             pop     bp
seg001:0807             retn
seg001:0808 routine_32      endp
seg001:0808
seg001:0808
seg001:0808 ; =============== S U B R O U T I N E =======================================
seg001:0808
seg001:0808
seg001:0808 routine_28      proc near               ; CODE XREF: rttosnpopde+29D↓p
seg001:0808             push    bp                  ; CODE XREF: rttosnpopde+29D↓p
seg001:0809             mov     bp, sp
seg001:080B             sub     sp, 0Ah
seg001:080F             mov     al, [bp+4]
seg001:0812             and     ax, 0FFh
seg001:0815             push    ax
seg001:0816             call    routine_36
seg001:0819             add     sp, 2
seg001:081C             add     ax, 0A0h
seg001:081F             mov     word ptr [bp-2], ax
seg001:0822             add     ax, 10h
seg001:0825             mov     word ptr [bp-4], ax
seg001:0828             mov     bx, ax
seg001:082A             mov     al, byte_11132[bx]
seg001:082E             and     ax, 1Fh
seg001:0831             mov     cx, 8
seg001:0834             shl     ax, cl
seg001:0836             mov     word ptr [bp-6], ax
seg001:0839             mov     bx, word ptr [bp-2]
seg001:083C             mov     al, byte_11132[bx]
seg001:0840             and     ax, 0FFh
seg001:0843             mov     word ptr [bp-0Ah], ax
seg001:0846             mov     al, [bp+6]
seg001:0849             cbw
seg001:084A             mov     cx, word ptr [bp-0Ah]
seg001:084D             add     cx, ax
seg001:084F             add     word ptr [bp-6], cx
seg001:0852             mov     ax, word ptr [bp-6]
seg001:0855             and     ax, 0FFh
seg001:0858             push    ax
seg001:0859             push    [bp-2]
seg001:085C             call    routine_37
seg001:085F             add     sp, 4
seg001:0862             mov     bx, word ptr [bp-4]
seg001:0865             mov     al, byte_11132[bx]
seg001:0869             and     ax, 20h
seg001:086C             mov     [bp-8], al
seg001:086F             mov     cx, 8
seg001:0872             mov     ax, word ptr [bp-6]
seg001:0875             shr     ax, cl
seg001:0877             or      [bp-8], al
seg001:087A             mov     al, [bp-8]
seg001:087D             and     ax, 0FFh
seg001:0880             push    ax
seg001:0881             push    [bp-4]
seg001:0884             call    routine_37
seg001:0887             add     sp, 4
seg001:088A             mov     sp, bp
seg001:088C             pop     bp
seg001:088D             retn
seg001:088E routine_28      endp
seg001:088E
seg001:088E
seg001:088E ; =============== S U B R O U T I N E =======================================
seg001:088E
seg001:088E
seg001:088E routine_29      proc near               ; CODE XREF: rttosnpopde+2D5↓p
seg001:088E             push    bp                  ; CODE XREF: rttosnpopde+2D5↓p
seg001:088F             mov     bp, sp
seg001:0891             sub     sp, 8
seg001:0895             cmp     word ptr [bp+4], 6
seg001:0899             ja      short loc_11B48
seg001:089B             mov     ax, word ptr [bp+4]
seg001:089E             shl     ax, 1
seg001:08A0             mov     bx, 298h
seg001:08A3             add     bx, ax
seg001:08A5             mov     al, byte_10001[bx]
seg001:08A8             cbw
seg001:08A9             mov     bx, ax
seg001:08AB             mov     al, byte_102AE[bx]
seg001:08AF             cbw
seg001:08B0             add     ax, 40h
seg001:08B3             mov     word ptr [bp-2], ax
seg001:08B6             jmp     short loc_11B5F
seg001:08B8 ; ---------------------------------------------------------------------------
seg001:08B8
seg001:08B8 loc_11B48:                              ; CODE XREF: routine_29+B↑j
seg001:08B8             mov     bx, word ptr [bp+4] ; CODE XREF: routine_29+B↑j
seg001:08BB             shl     bx, 1
seg001:08BD             mov     al, byte_10298[bx]
seg001:08C1             cbw
seg001:08C2             mov     bx, ax
seg001:08C4             mov     al, byte_102AE[bx]
seg001:08C8             cbw
seg001:08C9             add     ax, 40h
seg001:08CC             mov     word ptr [bp-2], ax
seg001:08CF
seg001:08CF loc_11B5F:                              ; CODE XREF: routine_29+28↑j
seg001:08CF             mov     bx, word ptr [bp-2] ; CODE XREF: routine_29+28↑j
seg001:08D2             mov     al, byte_11132[bx]
seg001:08D6             and     ax, 0FFh
seg001:08D9             mov     word ptr [bp-6], ax
seg001:08DC             and     ax, 3Fh
seg001:08DF             mov     word ptr [bp-8], ax
seg001:08E2             mov     al, [bp+6]
seg001:08E5             cbw
seg001:08E6             mov     cx, word ptr [bp-8]
seg001:08E9             sub     cx, ax
seg001:08EB             mov     word ptr [bp-4], cx
seg001:08EE             mov     ax, word ptr [bp-6]
seg001:08F1             and     ax, 0FFC0h
seg001:08F4             or      word ptr [bp-4], ax
seg001:08F7             push    [bp-4]
seg001:08FA             push    [bp-2]
seg001:08FD             call    routine_37
seg001:0900             add     sp, 4
seg001:0903             mov     sp, bp
seg001:0905             pop     bp
seg001:0906             retn
seg001:0907 routine_29      endp
seg001:0907
seg001:0907             align 2
seg001:0908
seg001:0908 ; =============== S U B R O U T I N E =======================================
seg001:0908
seg001:0908
seg001:0908 routine_30      proc near               ; CODE XREF: routine_31+107↓p
seg001:0908                                         ; rttosnpopde+31↓p ...
seg001:0908             push    bp                  ; CODE XREF: routine_31+107↓p
seg001:0908                                         ; rttosnpopde+31↓p ...
seg001:0909             mov     bp, sp
seg001:090B             sub     sp, 6
seg001:090F             mov     al, [bp+4]
seg001:0912             and     ax, 0FFh
seg001:0915             cmp     ax, 6
seg001:0918             jge     short loc_11BDC
seg001:091A             mov     al, [bp+4]
seg001:091D             and     ax, 0FFh
seg001:0920             push    ax
seg001:0921             call    routine_36
seg001:0924             add     sp, 2
seg001:0927             add     ax, 0B0h
seg001:092A             mov     word ptr [bp-4], ax
seg001:092D             mov     bx, ax
seg001:092F             mov     al, byte_11132[bx]
seg001:0933             and     ax, 0DFh
seg001:0936             mov     [bp-2], al
seg001:0939             mov     al, [bp-2]
seg001:093C             and     ax, 0FFh
seg001:093F             push    ax
seg001:0940             push    [bp-4]
seg001:0943             call    routine_37
seg001:0946             add     sp, 4
seg001:0949             jmp     short loc_11C10
seg001:094B             nop
seg001:094C
seg001:094C loc_11BDC:                              ; CODE XREF: routine_30+10↑j
seg001:094C             mov     al, byte_111EF      ; CODE XREF: routine_30+10↑j
seg001:094F             and     ax, 0FFh
seg001:0952             mov     word ptr [bp-6], ax
seg001:0955             mov     al, [bp+4]
seg001:0958             and     ax, 0FFh
seg001:095B             mov     bx, ax
seg001:095D             add     bx, -6
seg001:0960             mov     al, byte_10276[bx]
seg001:0964             cbw
seg001:0965             not     ax
seg001:0967             mov     cx, word ptr [bp-6]
seg001:096A             and     cx, ax
seg001:096C             mov     [bp-2], cl
seg001:096F             mov     al, [bp-2]
seg001:0972             and     ax, 0FFh
seg001:0975             push    ax
seg001:0976             mov     ax, 0BDh
seg001:0979             push    ax
seg001:097A             call    routine_37
seg001:097D             add     sp, 4
seg001:0980
seg001:0980 loc_11C10:                              ; CODE XREF: routine_30+41↑j
seg001:0980             mov     sp, bp              ; CODE XREF: routine_30+41↑j
seg001:0982             pop     bp
seg001:0983             retn
seg001:0984 routine_30      endp
seg001:0984
seg001:0984
seg001:0984 ; =============== S U B R O U T I N E =======================================
seg001:0984
seg001:0984
seg001:0984 routine_31      proc near               ; CODE XREF: rttosnpopde+25E↓p
seg001:0984                                         ; routine_27+66↓p ...
seg001:0984             push    bp                  ; CODE XREF: rttosnpopde+25E↓p
seg001:0984                                         ; routine_27+66↓p ...
seg001:0985             mov     bp, sp
seg001:0987             sub     sp, 6
seg001:098B             push    si
seg001:098C             push    di
seg001:098D             mov     al, [bp+4]
seg001:0990             and     ax, 0FFh
seg001:0993             mov     bx, ax
seg001:0995             shl     bx, 1
seg001:0997             shl     bx, 1
seg001:0999             shl     bx, 1
seg001:099B             mov     al, byte_11232[bx]
seg001:099F             and     ax, 0FFh
seg001:09A2             jne     short loc_11C37
seg001:09A4             jmp     loc_11D0E
seg001:09A7 ; ---------------------------------------------------------------------------
seg001:09A7
seg001:09A7 loc_11C37:                              ; CODE XREF: routine_31+1E↑j
seg001:09A7             mov     al, byte_11128      ; CODE XREF: routine_31+1E↑j
seg001:09AA             and     ax, 0FFh
seg001:09AD             je      short loc_11C42
seg001:09AF             jmp     loc_11CA8
seg001:09B2 ; ---------------------------------------------------------------------------
seg001:09B2
seg001:09B2 loc_11C42:                              ; CODE XREF: routine_31+29↑j
seg001:09B2             mov     al, [bp+4]          ; CODE XREF: routine_31+29↑j
seg001:09B5             mov     byte_1112F, al
seg001:09B8             mov     al, [bp+4]
seg001:09BB             and     ax, 0FFh
seg001:09BE             mov     bx, ax
seg001:09C0             shl     bx, 1
seg001:09C2             shl     bx, 1
seg001:09C4             shl     bx, 1
seg001:09C6             mov     al, byte_11232[bx]
seg001:09CA             mov     byte_11128, al
seg001:09CD             mov     al, [bp+4]
seg001:09D0             and     ax, 0FFh
seg001:09D3             shl     ax, 1
seg001:09D5             shl     ax, 1
seg001:09D7             shl     ax, 1
seg001:09D9             mov     bx, 1232h
seg001:09DC             add     bx, ax
seg001:09DE             mov     ax, word ptr word_10002[bx]
seg001:09E1             mov     word_1112A, ax
seg001:09E4             mov     al, [bp+4]
seg001:09E7             and     ax, 0FFh
seg001:09EA             shl     ax, 1
seg001:09EC             shl     ax, 1
seg001:09EE             shl     ax, 1
seg001:09F0             mov     bx, 1232h
seg001:09F3             add     bx, ax
seg001:09F5             mov     ax, word ptr word_10004[bx]
seg001:09F8             mov     word_11092, ax
seg001:09FB             mov     al, [bp+4]
seg001:09FE             and     ax, 0FFh
seg001:0A01             shl     ax, 1
seg001:0A03             shl     ax, 1
seg001:0A05             shl     ax, 1
seg001:0A07             mov     bx, 1232h
seg001:0A0A             add     bx, ax
seg001:0A0C             mov     ax, word ptr word_10006[bx]
seg001:0A0F             mov     word_11096, ax
seg001:0A12             call    routine_39
seg001:0A15             jmp     loc_11D0B
seg001:0A18 ; ---------------------------------------------------------------------------
seg001:0A18
seg001:0A18 loc_11CA8:                              ; CODE XREF: routine_31+2B↑j
seg001:0A18             mov     al, [bp+4]          ; CODE XREF: routine_31+2B↑j
seg001:0A1B             mov     byte_11130, al
seg001:0A1E             mov     al, [bp+4]
seg001:0A21             and     ax, 0FFh
seg001:0A24             mov     bx, ax
seg001:0A26             shl     bx, 1
seg001:0A28             shl     bx, 1
seg001:0A2A             shl     bx, 1
seg001:0A2C             mov     al, byte_11232[bx]
seg001:0A30             mov     byte_11129, al
seg001:0A33             mov     al, [bp+4]
seg001:0A36             and     ax, 0FFh
seg001:0A39             shl     ax, 1
seg001:0A3B             shl     ax, 1
seg001:0A3D             shl     ax, 1
seg001:0A3F             mov     bx, 1232h
seg001:0A42             add     bx, ax
seg001:0A44             mov     ax, word ptr word_10002[bx]
seg001:0A47             mov     word_1112C, ax
seg001:0A4A             mov     al, [bp+4]
seg001:0A4D             and     ax, 0FFh
seg001:0A50             shl     ax, 1
seg001:0A52             shl     ax, 1
seg001:0A54             shl     ax, 1
seg001:0A56             mov     bx, 1232h
seg001:0A59             add     bx, ax
seg001:0A5B             mov     ax, word ptr word_10004[bx]
seg001:0A5E             mov     word_11094, ax
seg001:0A61             mov     al, [bp+4]
seg001:0A64             and     ax, 0FFh
seg001:0A67             shl     ax, 1
seg001:0A69             shl     ax, 1
seg001:0A6B             shl     ax, 1
seg001:0A6D             mov     bx, 1232h
seg001:0A70             add     bx, ax
seg001:0A72             mov     ax, word ptr word_10006[bx]
seg001:0A75             mov     word_11098, ax
seg001:0A78             call    routine_39
seg001:0A7B
seg001:0A7B loc_11D0B:                              ; CODE XREF: routine_31+91↑j
seg001:0A7B             jmp     loc_11DBA           ; CODE XREF: routine_31+91↑j
seg001:0A7E ; ---------------------------------------------------------------------------
seg001:0A7E
seg001:0A7E loc_11D0E:                              ; CODE XREF: routine_31+20↑j
seg001:0A7E             cmp     byte ptr [bp+0Ah], 0; CODE XREF: routine_31+20↑j
seg001:0A82             jne     short loc_11D21
seg001:0A84             mov     al, [bp+4]
seg001:0A87             and     ax, 0FFh
seg001:0A8A             push    ax
seg001:0A8B             call    routine_30
seg001:0A8E             add     sp, 2
seg001:0A91
seg001:0A91 loc_11D21:                              ; CODE XREF: routine_31+FE↑j
seg001:0A91             mov     al, [bp+6]          ; CODE XREF: routine_31+FE↑j
seg001:0A94             and     ax, 0FFh
seg001:0A97             push    ax
seg001:0A98             mov     al, [bp+4]
seg001:0A9B             and     ax, 0FFh
seg001:0A9E             push    ax
seg001:0A9F             call    routine_38
seg001:0AA2             add     sp, 4
seg001:0AA5             mov     al, [bp+8]
seg001:0AA8             and     ax, 0FFh
seg001:0AAB             push    ax
seg001:0AAC             mov     al, [bp+4]
seg001:0AAF             and     ax, 0FFh
seg001:0AB2             push    ax
seg001:0AB3             call    routine_33
seg001:0AB6             add     sp, 4
seg001:0AB9             mov     al, [bp+4]
seg001:0ABC             and     ax, 0FFh
seg001:0ABF             cmp     ax, 6
seg001:0AC2             jge     short loc_11D88
seg001:0AC4             mov     al, [bp+4]
seg001:0AC7             and     ax, 0FFh
seg001:0ACA             push    ax
seg001:0ACB             call    routine_36
seg001:0ACE             add     sp, 2
seg001:0AD1             add     ax, 0B0h
seg001:0AD4             mov     word ptr [bp-4], ax
seg001:0AD7             mov     bx, ax
seg001:0AD9             mov     al, byte_11132[bx]
seg001:0ADD             and     ax, 0FFh
seg001:0AE0             or      ax, 20h
seg001:0AE3             mov     [bp-2], al
seg001:0AE6             mov     al, [bp-2]
seg001:0AE9             and     ax, 0FFh
seg001:0AEC             push    ax
seg001:0AED             push    [bp-4]
seg001:0AF0             call    routine_37
seg001:0AF3             add     sp, 4
seg001:0AF6             jmp     short loc_11DBA
seg001:0AF8 ; ---------------------------------------------------------------------------
seg001:0AF8
seg001:0AF8 loc_11D88:                              ; CODE XREF: routine_31+13E↑j
seg001:0AF8             mov     al, byte_111EF      ; CODE XREF: routine_31+13E↑j
seg001:0AFB             and     ax, 0FFh
seg001:0AFE             mov     word ptr [bp-6], ax
seg001:0B01             mov     al, [bp+4]
seg001:0B04             and     ax, 0FFh
seg001:0B07             mov     bx, ax
seg001:0B09             add     bx, -6
seg001:0B0C             mov     al, byte_10276[bx]
seg001:0B10             cbw
seg001:0B11             mov     cx, word ptr [bp-6]
seg001:0B14             or      cx, ax
seg001:0B16             mov     [bp-2], cl
seg001:0B19             mov     al, [bp-2]
seg001:0B1C             and     ax, 0FFh
seg001:0B1F             push    ax
seg001:0B20             mov     ax, 0BDh
seg001:0B23             push    ax
seg001:0B24             call    routine_37
seg001:0B27             add     sp, 4
seg001:0B2A
seg001:0B2A loc_11DBA:                              ; CODE XREF: routine_31:loc_11D0B↑j
seg001:0B2A                                         ; routine_31+172↑j
seg001:0B2A             pop     di                  ; CODE XREF: routine_31:loc_11D0B↑j
seg001:0B2A                                         ; routine_31+172↑j
seg001:0B2B             pop     si
seg001:0B2C             mov     sp, bp
seg001:0B2E             pop     bp
seg001:0B2F             retn
seg001:0B30 routine_31      endp
seg001:0B30
seg001:0B30
seg001:0B30 ; =============== S U B R O U T I N E =======================================
seg001:0B30
seg001:0B30
seg001:0B30 routine_41      proc near               ; CODE XREF: routine_40+0↓p
seg001:0B30             push    bp                  ; CODE XREF: routine_40+0↓p
seg001:0B31             mov     bp, sp
seg001:0B33             sub     sp, 2
seg001:0B37             mov     al, byte_111EF
seg001:0B3A             and     ax, 3Fh
seg001:0B3D             mov     [bp-2], al
seg001:0B40             mov     al, byte_10294
seg001:0B43             and     ax, 0FFh
seg001:0B46             je      short loc_11DDE
seg001:0B48             mov     ax, 80h
seg001:0B4B             jmp     short loc_11DE0
seg001:0B4D             nop
seg001:0B4E
seg001:0B4E loc_11DDE:                              ; CODE XREF: routine_41+16↑j
seg001:0B4E             xor     ax, ax              ; CODE XREF: routine_41+16↑j
seg001:0B50
seg001:0B50 loc_11DE0:                              ; CODE XREF: routine_41+1B↑j
seg001:0B50             or      [bp-2], al          ; CODE XREF: routine_41+1B↑j
seg001:0B53             mov     al, byte_10295
seg001:0B56             and     ax, 0FFh
seg001:0B59             je      short loc_11DF0
seg001:0B5B             mov     ax, 40h
seg001:0B5E             jmp     short loc_11DF2
seg001:0B60 ; ---------------------------------------------------------------------------
seg001:0B60
seg001:0B60 loc_11DF0:                              ; CODE XREF: routine_41+29↑j
seg001:0B60             xor     ax, ax              ; CODE XREF: routine_41+29↑j
seg001:0B62
seg001:0B62 loc_11DF2:                              ; CODE XREF: routine_41+2E↑j
seg001:0B62             or      [bp-2], al          ; CODE XREF: routine_41+2E↑j
seg001:0B65             mov     al, [bp-2]
seg001:0B68             and     ax, 0FFh
seg001:0B6B             push    ax
seg001:0B6C             mov     ax, 0BDh
seg001:0B6F             push    ax
seg001:0B70             call    routine_37
seg001:0B73             add     sp, 4
seg001:0B76             mov     sp, bp
seg001:0B78             pop     bp
seg001:0B79             retn
seg001:0B7A routine_41      endp
seg001:0B7A
seg001:0B7A
seg001:0B7A ; =============== S U B R O U T I N E =======================================
seg001:0B7A
seg001:0B7A
seg001:0B7A routine_42      proc near               ; CODE XREF: routine_40+3↓p
seg001:0B7A             mov     al, byte_10296      ; CODE XREF: routine_40+3↓p
seg001:0B7D             and     ax, 0FFh
seg001:0B80             je      short loc_11E18
seg001:0B82             mov     ax, 40h
seg001:0B85             jmp     short loc_11E1A
seg001:0B87             nop
seg001:0B88
seg001:0B88 loc_11E18:                              ; CODE XREF: routine_42+6↑j
seg001:0B88             xor     ax, ax              ; CODE XREF: routine_42+6↑j
seg001:0B8A
seg001:0B8A loc_11E1A:                              ; CODE XREF: routine_42+B↑j
seg001:0B8A             push    ax                  ; CODE XREF: routine_42+B↑j
seg001:0B8B             mov     ax, 8
seg001:0B8E             push    ax
seg001:0B8F             call    routine_37
seg001:0B92             add     sp, 4
seg001:0B95             retn
seg001:0B96 routine_42      endp
seg001:0B96
seg001:0B96
seg001:0B96 ; =============== S U B R O U T I N E =======================================
seg001:0B96
seg001:0B96
seg001:0B96 routine_43      proc near               ; CODE XREF: routine_40+6↓p
seg001:0B96             push    bp                  ; CODE XREF: routine_40+6↓p
seg001:0B97             mov     bp, sp
seg001:0B99             sub     sp, 4
seg001:0B9D             mov     ax, word_1128C
seg001:0BA0             add     ax, 40h
seg001:0BA3             mov     word ptr [bp-4], ax
seg001:0BA6             mov     bx, word_1128E
seg001:0BAA             mov     al, word_10006[bx]
seg001:0BAD             and     ax, 3Fh
seg001:0BB0             mov     cx, 3Fh
seg001:0BB3             sub     cx, ax
seg001:0BB5             mov     word ptr [bp-2], cx
seg001:0BB8             mov     bx, word_1128E
seg001:0BBC             mov     al, byte_10007[bx]
seg001:0BBF             and     ax, 0FFh
seg001:0BC2             mov     cx, 6
seg001:0BC5             shl     ax, cl
seg001:0BC7             or      word ptr [bp-2], ax
seg001:0BCA             push    [bp-2]
seg001:0BCD             mov     ax, word ptr [bp-4]
seg001:0BD0             push    ax
seg001:0BD1             call    routine_37
seg001:0BD4             add     sp, 4
seg001:0BD7             mov     sp, bp
seg001:0BD9             pop     bp
seg001:0BDA             retn
seg001:0BDB routine_43      endp
seg001:0BDB
seg001:0BDB             align 2
seg001:0BDC
seg001:0BDC ; =============== S U B R O U T I N E =======================================
seg001:0BDC
seg001:0BDC
seg001:0BDC routine_44      proc near               ; CODE XREF: routine_40+9↓p
seg001:0BDC             push    bp                  ; CODE XREF: routine_40+9↓p
seg001:0BDD             mov     bp, sp
seg001:0BDF             sub     sp, 4
seg001:0BE3             mov     ax, word_1128A
seg001:0BE6             add     ax, 0C0h
seg001:0BE9             mov     word ptr [bp-4], ax
seg001:0BEC             mov     bx, word_1128E
seg001:0BF0             mov     al, word_1000A[bx]
seg001:0BF3             and     ax, 0FFh
seg001:0BF6             shl     ax, 1
seg001:0BF8             mov     word ptr [bp-2], ax
seg001:0BFB             mov     bx, word_1128E
seg001:0BFF             mov     al, byte_1000D[bx]
seg001:0C02             and     ax, 0FFh
seg001:0C05             je      short loc_11E9C
seg001:0C07             xor     ax, ax
seg001:0C09             jmp     short loc_11E9F
seg001:0C0B             nop
seg001:0C0C
seg001:0C0C loc_11E9C:                              ; CODE XREF: routine_44+29↑j
seg001:0C0C             mov     ax, 1               ; CODE XREF: routine_44+29↑j
seg001:0C0F
seg001:0C0F loc_11E9F:                              ; CODE XREF: routine_44+2D↑j
seg001:0C0F             or      word ptr [bp-2], ax ; CODE XREF: routine_44+2D↑j
seg001:0C12             push    [bp-2]
seg001:0C15             mov     ax, word ptr [bp-4]
seg001:0C18             push    ax
seg001:0C19             call    routine_37
seg001:0C1C             add     sp, 4
seg001:0C1F             mov     sp, bp
seg001:0C21             pop     bp
seg001:0C22             retn
seg001:0C23 routine_44      endp
seg001:0C23
seg001:0C23             align 2
seg001:0C24
seg001:0C24 ; =============== S U B R O U T I N E =======================================
seg001:0C24
seg001:0C24
seg001:0C24 routine_45      proc near               ; CODE XREF: routine_40+C↓p
seg001:0C24             push    bp                  ; CODE XREF: routine_40+C↓p
seg001:0C25             mov     bp, sp
seg001:0C27             sub     sp, 4
seg001:0C2B             mov     ax, word_1128C
seg001:0C2E             add     ax, 60h
seg001:0C31             mov     word ptr [bp-4], ax
seg001:0C34             mov     bx, word_1128E
seg001:0C38             mov     al, [bx]
seg001:0C3A             and     ax, 0FFh
seg001:0C3D             shl     ax, 1
seg001:0C3F             shl     ax, 1
seg001:0C41             shl     ax, 1
seg001:0C43             shl     ax, 1
seg001:0C45             mov     word ptr [bp-2], ax
seg001:0C48             mov     bx, word_1128E
seg001:0C4C             mov     al, byte_10001[bx]
seg001:0C4F             and     ax, 0Fh
seg001:0C52             or      word ptr [bp-2], ax
seg001:0C55             push    [bp-2]
seg001:0C58             mov     ax, word ptr [bp-4]
seg001:0C5B             push    ax
seg001:0C5C             call    routine_37
seg001:0C5F             add     sp, 4
seg001:0C62             mov     sp, bp
seg001:0C64             pop     bp
seg001:0C65             retn
seg001:0C66 routine_45      endp
seg001:0C66
seg001:0C66
seg001:0C66 ; =============== S U B R O U T I N E =======================================
seg001:0C66
seg001:0C66
seg001:0C66 routine_46      proc near               ; CODE XREF: routine_40+F↓p
seg001:0C66             push    bp                  ; CODE XREF: routine_40+F↓p
seg001:0C67             mov     bp, sp
seg001:0C69             sub     sp, 4
seg001:0C6D             mov     ax, word_1128C
seg001:0C70             add     ax, 80h
seg001:0C73             mov     word ptr [bp-4], ax
seg001:0C76             mov     bx, word_1128E
seg001:0C7A             mov     al, word_10002[bx]
seg001:0C7D             and     ax, 0FFh
seg001:0C80             shl     ax, 1
seg001:0C82             shl     ax, 1
seg001:0C84             shl     ax, 1
seg001:0C86             shl     ax, 1
seg001:0C88             mov     word ptr [bp-2], ax
seg001:0C8B             mov     bx, word_1128E
seg001:0C8F             mov     al, byte_10003[bx]
seg001:0C92             and     ax, 0Fh
seg001:0C95             or      word ptr [bp-2], ax
seg001:0C98             push    [bp-2]
seg001:0C9B             mov     ax, word ptr [bp-4]
seg001:0C9E             push    ax
seg001:0C9F             call    routine_37
seg001:0CA2             add     sp, 4
seg001:0CA5             mov     sp, bp
seg001:0CA7             pop     bp
seg001:0CA8             retn
seg001:0CA9 routine_46      endp
seg001:0CA9
seg001:0CA9             align 2
seg001:0CAA
seg001:0CAA ; =============== S U B R O U T I N E =======================================
seg001:0CAA
seg001:0CAA
seg001:0CAA routine_47      proc near               ; CODE XREF: routine_40+12↓p
seg001:0CAA             push    bp                  ; CODE XREF: routine_40+12↓p
seg001:0CAB             mov     bp, sp
seg001:0CAD             sub     sp, 4
seg001:0CB1             mov     ax, word_1128C
seg001:0CB4             add     ax, 20h
seg001:0CB7             mov     word ptr [bp-4], ax
seg001:0CBA             mov     bx, word_1128E
seg001:0CBE             mov     al, byte_1000B[bx]
seg001:0CC1             and     ax, 0FFh
seg001:0CC4             je      short loc_11F5C
seg001:0CC6             mov     ax, 80h
seg001:0CC9             jmp     short loc_11F5E
seg001:0CCB             nop
seg001:0CCC
seg001:0CCC loc_11F5C:                              ; CODE XREF: routine_47+1A↑j
seg001:0CCC             xor     ax, ax              ; CODE XREF: routine_47+1A↑j
seg001:0CCE
seg001:0CCE loc_11F5E:                              ; CODE XREF: routine_47+1F↑j
seg001:0CCE             mov     word ptr [bp-2], ax ; CODE XREF: routine_47+1F↑j
seg001:0CD1             mov     bx, word_1128E
seg001:0CD5             mov     al, word_1000C[bx]
seg001:0CD8             and     ax, 0FFh
seg001:0CDB             je      short loc_11F72
seg001:0CDD             mov     ax, 40h
seg001:0CE0             jmp     short loc_11F74
seg001:0CE2 ; ---------------------------------------------------------------------------
seg001:0CE2
seg001:0CE2 loc_11F72:                              ; CODE XREF: routine_47+31↑j
seg001:0CE2             xor     ax, ax              ; CODE XREF: routine_47+31↑j
seg001:0CE4
seg001:0CE4 loc_11F74:                              ; CODE XREF: routine_47+36↑j
seg001:0CE4             add     word ptr [bp-2], ax ; CODE XREF: routine_47+36↑j
seg001:0CE7             mov     bx, word_1128E
seg001:0CEB             mov     al, word_10004[bx]
seg001:0CEE             and     ax, 0FFh
seg001:0CF1             je      short loc_11F88
seg001:0CF3             mov     ax, 20h
seg001:0CF6             jmp     short loc_11F8A
seg001:0CF8 ; ---------------------------------------------------------------------------
seg001:0CF8
seg001:0CF8 loc_11F88:                              ; CODE XREF: routine_47+47↑j
seg001:0CF8             xor     ax, ax              ; CODE XREF: routine_47+47↑j
seg001:0CFA
seg001:0CFA loc_11F8A:                              ; CODE XREF: routine_47+4C↑j
seg001:0CFA             add     word ptr [bp-2], ax ; CODE XREF: routine_47+4C↑j
seg001:0CFD             mov     bx, word_1128E
seg001:0D01             mov     al, byte_10005[bx]
seg001:0D04             and     ax, 0FFh
seg001:0D07             je      short loc_11F9E
seg001:0D09             mov     ax, 10h
seg001:0D0C             jmp     short loc_11FA0
seg001:0D0E ; ---------------------------------------------------------------------------
seg001:0D0E
seg001:0D0E loc_11F9E:                              ; CODE XREF: routine_47+5D↑j
seg001:0D0E             xor     ax, ax              ; CODE XREF: routine_47+5D↑j
seg001:0D10
seg001:0D10 loc_11FA0:                              ; CODE XREF: routine_47+62↑j
seg001:0D10             add     word ptr [bp-2], ax ; CODE XREF: routine_47+62↑j
seg001:0D13             mov     bx, word_1128E
seg001:0D17             mov     al, byte_10009[bx]
seg001:0D1A             and     ax, 0Fh
seg001:0D1D             add     word ptr [bp-2], ax
seg001:0D20             push    [bp-2]
seg001:0D23             mov     ax, word ptr [bp-4]
seg001:0D26             push    ax
seg001:0D27             call    routine_37
seg001:0D2A             add     sp, 4
seg001:0D2D             mov     sp, bp
seg001:0D2F             pop     bp
seg001:0D30             retn
seg001:0D31 routine_47      endp
seg001:0D31
seg001:0D31             align 2
seg001:0D32
seg001:0D32 ; =============== S U B R O U T I N E =======================================
seg001:0D32
seg001:0D32
seg001:0D32 routine_48      proc near               ; CODE XREF: routine_40+15↓p
seg001:0D32             push    bp                  ; CODE XREF: routine_40+15↓p
seg001:0D33             mov     bp, sp
seg001:0D35             sub     sp, 2
seg001:0D39             mov     ax, word_1128C
seg001:0D3C             add     ax, 0E0h
seg001:0D3F             mov     word ptr [bp-2], ax
seg001:0D42             mov     bx, word_1128E
seg001:0D46             mov     al, byte_10008[bx]
seg001:0D49             and     ax, 3
seg001:0D4C             push    ax
seg001:0D4D             push    [bp-2]
seg001:0D50             call    routine_37
seg001:0D53             add     sp, 4
seg001:0D56             mov     sp, bp
seg001:0D58             pop     bp
seg001:0D59             retn
seg001:0D5A routine_48      endp
seg001:0D5A
seg001:0D5A
seg001:0D5A ; =============== S U B R O U T I N E =======================================
seg001:0D5A
seg001:0D5A
seg001:0D5A routine_40      proc near               ; CODE XREF: routine_34:loc_12052↓p
seg001:0D5A                                         ; routine_34+10C↓p
seg001:0D5A             call    routine_41          ; CODE XREF: routine_34:loc_12052↓p
seg001:0D5A                                         ; routine_34+10C↓p
seg001:0D5D             call    routine_42
seg001:0D60             call    routine_43
seg001:0D63             call    routine_44
seg001:0D66             call    routine_45
seg001:0D69             call    routine_46
seg001:0D6C             call    routine_47
seg001:0D6F             call    routine_48
seg001:0D72             retn
seg001:0D73 routine_40      endp
seg001:0D73
seg001:0D73             align 2
seg001:0D74
seg001:0D74 ; =============== S U B R O U T I N E =======================================
seg001:0D74
seg001:0D74
seg001:0D74 routine_34      proc near               ; CODE XREF: rttosnpopde+11D↓p
seg001:0D74                                         ; routine_27+35↓p ...
seg001:0D74             push    bp                  ; CODE XREF: rttosnpopde+11D↓p
seg001:0D74                                         ; routine_27+35↓p ...
seg001:0D75             mov     bp, sp
seg001:0D77             sub     sp, 2
seg001:0D7B             push    si
seg001:0D7C             push    di
seg001:0D7D             mov     al, [bp+4]
seg001:0D80             and     ax, 0FFh
seg001:0D83             push    ax
seg001:0D84             call    routine_36
seg001:0D87             add     sp, 2
seg001:0D8A             mov     word_1128A, ax
seg001:0D8D             mov     al, [bp+6]
seg001:0D90             and     ax, 0FFh
seg001:0D93             mov     cx, 2Ch
seg001:0D96             imul    cx
seg001:0D98             mov     cx, 2C0h
seg001:0D9B             add     cx, ax
seg001:0D9D             mov     word_1128E, cx
seg001:0DA1             mov     al, [bp+4]
seg001:0DA4             and     ax, 0FFh
seg001:0DA7             mov     bx, ax
seg001:0DA9             shl     bx, 1
seg001:0DAB             mov     al, byte_10298[bx]
seg001:0DAF             cbw
seg001:0DB0             mov     bx, ax
seg001:0DB2             mov     al, byte_102AE[bx]
seg001:0DB6             cbw
seg001:0DB7             mov     word_1128C, ax
seg001:0DBA             cmp     ax, 14h
seg001:0DBD             jb      short loc_12052
seg001:0DBF             jmp     loc_120D7
seg001:0DC2 ; ---------------------------------------------------------------------------
seg001:0DC2
seg001:0DC2 loc_12052:                              ; CODE XREF: routine_34+49↑j
seg001:0DC2             call    routine_40          ; CODE XREF: routine_34+49↑j
seg001:0DC5             mov     bx, word_1128E
seg001:0DC9             mov     al, word_1000E[bx]
seg001:0DCC             mov     word ptr [bp-2], ax
seg001:0DCF             mov     al, [bp+4]
seg001:0DD2             and     ax, 0FFh
seg001:0DD5             mov     bx, ax
seg001:0DD7             shl     bx, 1
seg001:0DD9             shl     bx, 1
seg001:0DDB             shl     bx, 1
seg001:0DDD             mov     ax, word ptr [bp-2]
seg001:0DE0             mov     byte_11232[bx], al
seg001:0DE4             mov     bx, word_1128E
seg001:0DE8             mov     ax, word ptr word_10010[bx]
seg001:0DEB             mov     word ptr [bp-2], ax
seg001:0DEE             mov     al, [bp+4]
seg001:0DF1             and     ax, 0FFh
seg001:0DF4             shl     ax, 1
seg001:0DF6             shl     ax, 1
seg001:0DF8             shl     ax, 1
seg001:0DFA             mov     bx, 1232h
seg001:0DFD             add     bx, ax
seg001:0DFF             mov     ax, word ptr [bp-2]
seg001:0E02             mov     word ptr word_10002[bx], ax
seg001:0E05             mov     bx, word_1128E
seg001:0E09             mov     ax, word ptr word_10012[bx]
seg001:0E0C             mov     word ptr [bp-2], ax
seg001:0E0F             mov     al, [bp+4]
seg001:0E12             and     ax, 0FFh
seg001:0E15             shl     ax, 1
seg001:0E17             shl     ax, 1
seg001:0E19             shl     ax, 1
seg001:0E1B             mov     bx, 1232h
seg001:0E1E             add     bx, ax
seg001:0E20             mov     ax, word ptr [bp-2]
seg001:0E23             mov     word ptr word_10004[bx], ax
seg001:0E26             mov     bx, word_1128E
seg001:0E2A             mov     ax, word ptr word_10014[bx]
seg001:0E2D             mov     word ptr [bp-2], ax
seg001:0E30             mov     al, [bp+4]
seg001:0E33             and     ax, 0FFh
seg001:0E36             shl     ax, 1
seg001:0E38             shl     ax, 1
seg001:0E3A             shl     ax, 1
seg001:0E3C             mov     bx, 1232h
seg001:0E3F             add     bx, ax
seg001:0E41             mov     ax, word ptr [bp-2]
seg001:0E44             mov     word ptr word_10006[bx], ax
seg001:0E47
seg001:0E47 loc_120D7:                              ; CODE XREF: routine_34+4B↑j
seg001:0E47             mov     al, [bp+6]          ; CODE XREF: routine_34+4B↑j
seg001:0E4A             and     ax, 0FFh
seg001:0E4D             mov     cx, 2Ch
seg001:0E50             imul    cx
seg001:0E52             mov     cx, 2C0h
seg001:0E55             add     cx, ax
seg001:0E57             mov     ax, 16h
seg001:0E5A             add     cx, ax
seg001:0E5C             mov     word_1128E, cx
seg001:0E60             mov     al, [bp+4]
seg001:0E63             and     ax, 0FFh
seg001:0E66             shl     ax, 1
seg001:0E68             mov     bx, 298h
seg001:0E6B             add     bx, ax
seg001:0E6D             mov     al, byte_10001[bx]
seg001:0E70             cbw
seg001:0E71             mov     bx, ax
seg001:0E73             mov     al, byte_102AE[bx]
seg001:0E77             cbw
seg001:0E78             mov     word_1128C, ax
seg001:0E7B             cmp     ax, 14h
seg001:0E7E             jnb     short loc_12113
seg001:0E80             call    routine_40
seg001:0E83
seg001:0E83 loc_12113:                              ; CODE XREF: routine_34+10A↑j
seg001:0E83             pop     di                  ; CODE XREF: routine_34+10A↑j
seg001:0E84             pop     si
seg001:0E85             mov     sp, bp
seg001:0E87             pop     bp
seg001:0E88             retn
seg001:0E89 routine_34      endp
seg001:0E89
seg001:0E89             align 2
seg001:0E8A
seg001:0E8A ; =============== S U B R O U T I N E =======================================
seg001:0E8A
seg001:0E8A
seg001:0E8A routine_26      proc near               ; CODE XREF: routine_22+13↓p
seg001:0E8A                                         ; routine_22+1D↓p ...
seg001:0E8A             push    bp                  ; CODE XREF: routine_22+13↓p
seg001:0E8A                                         ; routine_22+1D↓p ...
seg001:0E8B             mov     bp, sp
seg001:0E8D             sub     sp, 6
seg001:0E91             push    si
seg001:0E92             push    di
seg001:0E93
seg001:0E93 rttosnpopde:
seg001:0E93             mov     byte ptr [bp-4], 0
seg001:0E97             mov     bx, word ptr [bp+4]
seg001:0E9A             mov     al, [bx]
seg001:0E9C             and     ax, 0FFh
seg001:0E9F             jne     short loc_12134
seg001:0EA1             jmp     loc_123A8
seg001:0EA4 ; ---------------------------------------------------------------------------
seg001:0EA4
seg001:0EA4 loc_12134:                              ; CODE XREF: rttosnpopde+C↑j
seg001:0EA4             mov     bx, word ptr [bp+4] ; CODE XREF: rttosnpopde+C↑j
seg001:0EA7             mov     al, byte_10007[bx]
seg001:0EAA             and     ax, 0FFh
seg001:0EAD             je      short loc_1215A
seg001:0EAF             mov     bx, word ptr [bp+4]
seg001:0EB2             dec     byte ptr byte_10007[bx]
seg001:0EB5             mov     al, byte_10007[bx]
seg001:0EB8             and     ax, 0FFh
seg001:0EBB             jne     short loc_1215A
seg001:0EBD             mov     al, byte_1112E
seg001:0EC0             and     ax, 0FFh
seg001:0EC3             push    ax
seg001:0EC4             call    routine_30
seg001:0EC7             add     sp, 2
seg001:0ECA
seg001:0ECA loc_1215A:                              ; CODE XREF: rttosnpopde+1A↑j
seg001:0ECA                                         ; rttosnpopde+28↑j
seg001:0ECA             mov     bx, word ptr [bp+4] ; CODE XREF: rttosnpopde+1A↑j
seg001:0ECA                                         ; rttosnpopde+28↑j
seg001:0ECD             dec     byte ptr [bx]
seg001:0ECF             mov     al, [bx]
seg001:0ED1             and     ax, 0FFh
seg001:0ED4             jle     short loc_12169
seg001:0ED6             jmp     loc_123A8
seg001:0ED9 ; ---------------------------------------------------------------------------
seg001:0ED9
seg001:0ED9 loc_12169:                              ; CODE XREF: rttosnpopde+41↑j
seg001:0ED9                                         ; rttosnpopde:loc_12300↓j
seg001:0ED9             mov     bx, word ptr [bp+4] ; CODE XREF: rttosnpopde+41↑j
seg001:0ED9                                         ; rttosnpopde:loc_12300↓j
seg001:0EDC             mov     ax, word ptr word_1000C[bx]
seg001:0EDF             mov     bx, word ptr [bp+4]
seg001:0EE2             mov     cx, word ptr word_1000A[bx]
seg001:0EE5             add     cx, ax
seg001:0EE7             mov     word ptr [bp-2], cx
seg001:0EEA             mov     bx, cx
seg001:0EEC             mov     al, [bx]
seg001:0EEE             cbw
seg001:0EEF             and     ax, 80h
seg001:0EF2             jne     short loc_12187
seg001:0EF4             jmp     loc_12304
seg001:0EF7 ; ---------------------------------------------------------------------------
seg001:0EF7
seg001:0EF7 loc_12187:                              ; CODE XREF: rttosnpopde+5F↑j
seg001:0EF7             mov     bx, word ptr [bp-2] ; CODE XREF: rttosnpopde+5F↑j
seg001:0EFA             mov     al, [bx]
seg001:0EFC             cbw
seg001:0EFD             jmp     loc_122DC
seg001:0F00             mov     bx, word ptr [bp+4]
seg001:0F03             cmp     word ptr word_10010[bx], 0
seg001:0F07             jne     short loc_121B6
seg001:0F09             inc     word ptr [bp-2]
seg001:0F0C             mov     bx, word ptr [bp-2]
seg001:0F0F             mov     al, [bx]
seg001:0F11             cbw
seg001:0F12             mov     bx, word ptr [bp+4]
seg001:0F15             mov     word ptr word_10010[bx], ax
seg001:0F18             mov     bx, word ptr [bp+4]
seg001:0F1B             mov     ax, word ptr word_1000E[bx]
seg001:0F1E             mov     bx, word ptr [bp+4]
seg001:0F21             mov     word ptr word_1000C[bx], ax
seg001:0F24             jmp     short loc_121E6
seg001:0F26 ; ---------------------------------------------------------------------------
seg001:0F26
seg001:0F26 loc_121B6:                              ; CODE XREF: rttosnpopde+74↑j
seg001:0F26             mov     bx, word ptr [bp+4] ; CODE XREF: rttosnpopde+74↑j
seg001:0F29             dec     word ptr word_10010[bx]
seg001:0F2C             mov     bx, word ptr [bp+4]
seg001:0F2F             cmp     word ptr word_10010[bx], 0
seg001:0F33             jne     short loc_121DA
seg001:0F35             mov     bx, word ptr [bp+4]
seg001:0F38             add     word ptr word_1000C[bx], 2
seg001:0F3C             mov     bx, word ptr [bp+4]
seg001:0F3F             mov     ax, word ptr word_1000C[bx]
seg001:0F42             mov     bx, word ptr [bp+4]
seg001:0F45             mov     word ptr word_1000E[bx], ax
seg001:0F48             jmp     short loc_121E6
seg001:0F4A ; ---------------------------------------------------------------------------
seg001:0F4A
seg001:0F4A loc_121DA:                              ; CODE XREF: rttosnpopde+A0↑j
seg001:0F4A             mov     bx, word ptr [bp+4] ; CODE XREF: rttosnpopde+A0↑j
seg001:0F4D             mov     ax, word ptr word_1000E[bx]
seg001:0F50             mov     bx, word ptr [bp+4]
seg001:0F53             mov     word ptr word_1000C[bx], ax
seg001:0F56
seg001:0F56 loc_121E6:                              ; CODE XREF: rttosnpopde+91↑j
seg001:0F56                                         ; rttosnpopde+B5↑j
seg001:0F56             jmp     loc_12300           ; CODE XREF: rttosnpopde+91↑j
seg001:0F56                                         ; rttosnpopde+B5↑j
seg001:0F59             nop
seg001:0F5A             mov     bx, word ptr [bp+4]
seg001:0F5D             inc     word ptr word_1000C[bx]
seg001:0F60             mov     ax, word ptr word_1000C[bx]
seg001:0F63             mov     bx, word ptr [bp+4]
seg001:0F66             mov     word ptr word_1000E[bx], ax
seg001:0F69             jmp     loc_12300
seg001:0F6C             mov     bx, word ptr [bp+4]
seg001:0F6F             cmp     word ptr word_10012[bx], 0
seg001:0F73             jne     short loc_12210
seg001:0F75             mov     bx, word ptr [bp+4]
seg001:0F78             mov     word ptr word_1000C[bx], 0
seg001:0F7D             jmp     short loc_12216
seg001:0F7F             nop
seg001:0F80
seg001:0F80 loc_12210:                              ; CODE XREF: rttosnpopde+E0↑j
seg001:0F80             mov     bx, word ptr [bp+4] ; CODE XREF: rttosnpopde+E0↑j
seg001:0F83             call    word ptr word_10012[bx]
seg001:0F86
seg001:0F86 loc_12216:                              ; CODE XREF: rttosnpopde+EA↑j
seg001:0F86             jmp     loc_12300           ; CODE XREF: rttosnpopde+EA↑j
seg001:0F89             nop
seg001:0F8A             inc     word ptr [bp-2]
seg001:0F8D             mov     bx, word ptr [bp-2]
seg001:0F90             mov     al, [bx]
seg001:0F92             mov     bx, word ptr [bp+4]
seg001:0F95             mov     word_10004[bx], al
seg001:0F98             mov     bx, word ptr [bp+4]
seg001:0F9B             add     word ptr word_1000C[bx], 2
seg001:0F9F             mov     bx, word ptr [bp+4]
seg001:0FA2             mov     al, word_10004[bx]
seg001:0FA5             and     ax, 0FFh
seg001:0FA8             push    ax
seg001:0FA9             mov     al, byte_1112E
seg001:0FAC             and     ax, 0FFh
seg001:0FAF             push    ax
seg001:0FB0             call    routine_34
seg001:0FB3             add     sp, 4
seg001:0FB6             jmp     loc_12300
seg001:0FB9             nop
seg001:0FBA             inc     word ptr [bp-2]
seg001:0FBD             mov     bx, word ptr [bp-2]
seg001:0FC0             mov     al, [bx]
seg001:0FC2             mov     bx, word ptr [bp+4]
seg001:0FC5             mov     word_10006[bx], al
seg001:0FC8             mov     bx, word ptr [bp+4]
seg001:0FCB             add     word ptr word_1000C[bx], 2
seg001:0FCF             jmp     loc_12300
seg001:0FD2             inc     word ptr [bp-2]
seg001:0FD5             mov     bx, word ptr [bp-2]
seg001:0FD8             mov     al, [bx]
seg001:0FDA             mov     bx, word ptr [bp+4]
seg001:0FDD             mov     byte_10001[bx], al
seg001:0FE0             mov     bx, word ptr [bp+4]
seg001:0FE3             add     word ptr word_1000C[bx], 2
seg001:0FE7             jmp     loc_12300
seg001:0FEA             inc     word ptr [bp-2]
seg001:0FED             mov     bx, word ptr [bp-2]
seg001:0FF0             mov     al, [bx]
seg001:0FF2             mov     bx, word ptr [bp+4]
seg001:0FF5             mov     byte_10005[bx], al
seg001:0FF8             mov     bx, word ptr [bp+4]
seg001:0FFB             add     word ptr word_1000C[bx], 2
seg001:0FFF             mov     bx, word ptr [bp+4]
seg001:1002             mov     al, byte_10005[bx]
seg001:1005             and     ax, 0FFh
seg001:1008             push    ax
seg001:1009             mov     al, byte_1112E
seg001:100C             and     ax, 0FFh
seg001:100F             push    ax
seg001:1010             call    routine_33
seg001:1013             add     sp, 4
seg001:1016             jmp     loc_12300
seg001:1019             nop
seg001:101A             inc     word ptr [bp-2]
seg001:101D             mov     bx, word ptr [bp-2]
seg001:1020             mov     al, [bx]
seg001:1022             mov     bx, word ptr [bp+4]
seg001:1025             mov     byte_10009[bx], al
seg001:1028             inc     word ptr [bp-2]
seg001:102B             mov     bx, word ptr [bp-2]
seg001:102E             mov     al, [bx]
seg001:1030             mov     bx, word ptr [bp+4]
seg001:1033             mov     word_10002[bx], al
seg001:1036             mov     bx, word ptr [bp+4]
seg001:1039             mov     byte ptr byte_10008[bx], 1
seg001:103D             mov     bx, word ptr [bp+4]
seg001:1040             add     word ptr word_1000C[bx], 3
seg001:1044             jmp     loc_12300
seg001:1047             nop
seg001:1048             jmp     loc_12300
seg001:104B             nop
seg001:104C
seg001:104C loc_122DC:                              ; CODE XREF: rttosnpopde+6A↑j
seg001:104C             sub     ax, 0FFF8h          ; CODE XREF: rttosnpopde+6A↑j
seg001:104F             cmp     ax, 7
seg001:1052             jbe     short loc_122E7
seg001:1054             jmp     loc_12300
seg001:1057 ; ---------------------------------------------------------------------------
seg001:1057
seg001:1057 loc_122E7:                              ; CODE XREF: rttosnpopde+1BF↑j
seg001:1057             shl     ax, 1               ; CODE XREF: rttosnpopde+1BF↑j
seg001:1059             mov     bx, ax
seg001:105B             jmp     word ptr cs:loc_122E7+9h[bx]
seg001:1060             sbb     dl, [bx+si]
seg001:1062             jmp     far ptr 0BA0Fh:0D20Fh
seg001:1067             jp      loc_18F0A
seg001:106B             cvtps2pd xmm1, [bx]
seg001:106E             add     [bx], cl
seg001:1070
seg001:1070 loc_12300:                              ; CODE XREF: rttosnpopde:loc_121E6↑j
seg001:1070                                         ; rttosnpopde+D6↑j ...
seg001:1070             jmp     loc_12169           ; CODE XREF: rttosnpopde:loc_121E6↑j
seg001:1070                                         ; rttosnpopde+D6↑j ...
seg001:1073             nop
seg001:1074
seg001:1074 loc_12304:                              ; CODE XREF: rttosnpopde+61↑j
seg001:1074             mov     bx, word ptr [bp+4] ; CODE XREF: rttosnpopde+61↑j
seg001:1077             mov     ax, word ptr word_1000C[bx]
seg001:107A             mov     bx, word ptr [bp+4]
seg001:107D             mov     cx, word ptr word_1000A[bx]
seg001:1080             add     cx, ax
seg001:1082             mov     word ptr [bp-2], cx
seg001:1085             mov     bx, word ptr [bp-2]
seg001:1088             inc     word ptr [bp-2]
seg001:108B             mov     al, [bx]
seg001:108D             mov     bx, word ptr [bp+4]
seg001:1090             mov     byte_10003[bx], al
seg001:1093             mov     bx, word ptr [bp-2]
seg001:1096             inc     word ptr [bp-2]
seg001:1099             mov     al, [bx]
seg001:109B             mov     bx, word ptr [bp+4]
seg001:109E             mov     [bx], al
seg001:10A0             mov     bx, word ptr [bp+4]
seg001:10A3             add     word ptr word_1000C[bx], 2
seg001:10A7             mov     bx, word ptr [bp+4]
seg001:10AA             mov     al, byte_10003[bx]
seg001:10AD             and     ax, 0FFh
seg001:10B0             je      short loc_1234C
seg001:10B2             mov     bx, word ptr [bp+4]
seg001:10B5             mov     al, [bx]
seg001:10B7             and     ax, 0FFh
seg001:10BA             jne     short loc_1235C
seg001:10BC
seg001:10BC loc_1234C:                              ; CODE XREF: rttosnpopde+21D↑j
seg001:10BC             mov     al, byte_1112E      ; CODE XREF: rttosnpopde+21D↑j
seg001:10BF             and     ax, 0FFh
seg001:10C2             push    ax
seg001:10C3             call    routine_30
seg001:10C6             add     sp, 2
seg001:10C9             jmp     loc_123A8
seg001:10CC ; ---------------------------------------------------------------------------
seg001:10CC
seg001:10CC loc_1235C:                              ; CODE XREF: rttosnpopde+227↑j
seg001:10CC             mov     bx, word ptr [bp+4] ; CODE XREF: rttosnpopde+227↑j
seg001:10CF             mov     al, byte_10007[bx]
seg001:10D2             and     ax, 0FFh
seg001:10D5             push    ax
seg001:10D6             mov     bx, word ptr [bp+4]
seg001:10D9             mov     al, byte_10005[bx]
seg001:10DC             and     ax, 0FFh
seg001:10DF             push    ax
seg001:10E0             mov     bx, word ptr [bp+4]
seg001:10E3             mov     al, byte_10003[bx]
seg001:10E6             and     ax, 0FFh
seg001:10E9             push    ax
seg001:10EA             mov     al, byte_1112E
seg001:10ED             and     ax, 0FFh
seg001:10F0             push    ax
seg001:10F1             call    routine_31
seg001:10F4             add     sp, 8
seg001:10F7             mov     bx, word ptr [bp+4]
seg001:10FA             mov     al, [bx]
seg001:10FC             and     ax, 0FFh
seg001:10FF             mov     bx, word ptr [bp+4]
seg001:1102             mov     cl, word_10006[bx]
seg001:1105             mov     word ptr [bp-6], ax
seg001:1108             mov     ax, cx
seg001:110A             and     ax, 0FFh
seg001:110D             mov     cx, word ptr [bp-6]
seg001:1110             sub     cx, ax
seg001:1112             mov     bx, word ptr [bp+4]
seg001:1115             mov     byte_10007[bx], cl
seg001:1118
seg001:1118 loc_123A8:                              ; CODE XREF: rttosnpopde+E↑j
seg001:1118                                         ; rttosnpopde+43↑j ...
seg001:1118             mov     bx, word ptr [bp+4] ; CODE XREF: rttosnpopde+E↑j
seg001:1118                                         ; rttosnpopde+43↑j ...
seg001:111B             cmp     byte ptr byte_10001[bx], 0
seg001:111F             je      short loc_123C6
seg001:1121             mov     bx, word ptr [bp+4]
seg001:1124             mov     al, byte_10001[bx]
seg001:1127             cbw
seg001:1128             push    ax
seg001:1129             mov     al, byte_1112E
seg001:112C             and     ax, 0FFh
seg001:112F             push    ax
seg001:1130             call    routine_28
seg001:1133             add     sp, 4
seg001:1136
seg001:1136 loc_123C6:                              ; CODE XREF: rttosnpopde+28C↑j
seg001:1136             mov     bx, word ptr [bp+4] ; CODE XREF: rttosnpopde+28C↑j
seg001:1139             dec     byte ptr byte_10008[bx]
seg001:113C             mov     al, byte_10008[bx]
seg001:113F             and     ax, 0FFh
seg001:1142             jne     short loc_123FE
seg001:1144             mov     bx, word ptr [bp+4]
seg001:1147             mov     al, byte_10009[bx]
seg001:114A             mov     bx, word ptr [bp+4]
seg001:114D             mov     byte_10008[bx], al
seg001:1150             mov     bx, word ptr [bp+4]
seg001:1153             cmp     byte ptr word_10002[bx], 0
seg001:1157             je      short loc_123FE
seg001:1159             mov     bx, word ptr [bp+4]
seg001:115C             mov     al, word_10002[bx]
seg001:115F             cbw
seg001:1160             push    ax
seg001:1161             mov     al, byte_1112E
seg001:1164             and     ax, 0FFh
seg001:1167             push    ax
seg001:1168             call    routine_29
seg001:116B             add     sp, 4
seg001:116E
seg001:116E loc_123FE:                              ; CODE XREF: rttosnpopde+2AF↑j
seg001:116E                                         ; rttosnpopde+2C4↑j
seg001:116E             inc     byte ptr byte_1112E ; CODE XREF: rttosnpopde+2AF↑j
seg001:116E                                         ; rttosnpopde+2C4↑j
seg001:1172             pop     di
seg001:1173             pop     si
seg001:1174             mov     sp, bp
seg001:1176             pop     bp
seg001:1177             retn
seg001:1178 routine_26      endp
seg001:1178
seg001:1178
seg001:1178 ; =============== S U B R O U T I N E =======================================
seg001:1178
seg001:1178
seg001:1178 routine_27      proc near               ; CODE XREF: routine_22+4B↓p
seg001:1178             push    bp                  ; CODE XREF: routine_22+4B↓p
seg001:1179             mov     bp, sp
seg001:117B             sub     sp, 2
seg001:117F             push    si
seg001:1180             push    di
seg001:1181             mov     al, byte_10270
seg001:1184             and     ax, 0FFh
seg001:1187             mov     word ptr [bp-2], ax
seg001:118A             mov     al, byte_10271
seg001:118D             and     ax, 0FFh
seg001:1190             mov     cx, word ptr [bp-2]
seg001:1193             cmp     cx, ax
seg001:1195             jne     short loc_1242A
seg001:1197             jmp     loc_124AA
seg001:119A ; ---------------------------------------------------------------------------
seg001:119A
seg001:119A loc_1242A:                              ; CODE XREF: routine_27+1D↑j
seg001:119A             mov     al, byte_10270      ; CODE XREF: routine_27+1D↑j
seg001:119D             and     ax, 0FFh
seg001:11A0             jne     short loc_12435
seg001:11A2             jmp     loc_1248C
seg001:11A5 ; ---------------------------------------------------------------------------
seg001:11A5
seg001:11A5 loc_12435:                              ; CODE XREF: routine_27+28↑j
seg001:11A5             mov     ax, 7               ; CODE XREF: routine_27+28↑j
seg001:11A8             push    ax
seg001:11A9             mov     ax, 5
seg001:11AC             push    ax
seg001:11AD             call    routine_34
seg001:11B0             add     sp, 4
seg001:11B3             mov     ax, 2
seg001:11B6             push    ax
seg001:11B7             mov     ax, 6
seg001:11BA             push    ax
seg001:11BB             call    routine_34
seg001:11BE             add     sp, 4
seg001:11C1             mov     ax, 14h
seg001:11C4             push    ax
seg001:11C5             mov     ax, 5
seg001:11C8             push    ax
seg001:11C9             call    routine_35
seg001:11CC             add     sp, 4
seg001:11CF             xor     ax, ax
seg001:11D1             push    ax
seg001:11D2             mov     ax, 14h
seg001:11D5             push    ax
seg001:11D6             mov     ax, 0Bh
seg001:11D9             push    ax
seg001:11DA             mov     ax, 5
seg001:11DD             push    ax
seg001:11DE             call    routine_31
seg001:11E1             add     sp, 8
seg001:11E4             xor     ax, ax
seg001:11E6             push    ax
seg001:11E7             mov     ax, 19h
seg001:11EA             push    ax
seg001:11EB             mov     ax, 37h
seg001:11EE             push    ax
seg001:11EF             mov     ax, 6
seg001:11F2             push    ax
seg001:11F3             call    routine_31
seg001:11F6             add     sp, 8
seg001:11F9             jmp     short loc_124A0
seg001:11FB             nop
seg001:11FC
seg001:11FC loc_1248C:                              ; CODE XREF: routine_27+2A↑j
seg001:11FC             mov     ax, 5               ; CODE XREF: routine_27+2A↑j
seg001:11FF             push    ax
seg001:1200             call    routine_30
seg001:1203             add     sp, 2
seg001:1206             mov     ax, 6
seg001:1209             push    ax
seg001:120A             call    routine_30
seg001:120D             add     sp, 2
seg001:1210
seg001:1210 loc_124A0:                              ; CODE XREF: routine_27+81↑j
seg001:1210             mov     al, byte_10270      ; CODE XREF: routine_27+81↑j
seg001:1213             mov     byte_10271, al
seg001:1216             jmp     loc_12501
seg001:1219             nop
seg001:121A
seg001:121A loc_124AA:                              ; CODE XREF: routine_27+1F↑j
seg001:121A             mov     al, byte_10270      ; CODE XREF: routine_27+1F↑j
seg001:121D             and     ax, 0FFh
seg001:1220             jne     short loc_124B5
seg001:1222             jmp     loc_12501
seg001:1225 ; ---------------------------------------------------------------------------
seg001:1225
seg001:1225 loc_124B5:                              ; CODE XREF: routine_27+A8↑j
seg001:1225             mov     ax, word_1026A      ; CODE XREF: routine_27+A8↑j
seg001:1228             cmp     word_10268, ax
seg001:122C             je      short loc_12501
seg001:122E             mov     ax, word_10268
seg001:1231             add     ax, 8FCh
seg001:1234             push    ax
seg001:1235             mov     ax, 5
seg001:1238             push    ax
seg001:1239             call    routine_32
seg001:123C             add     sp, 4
seg001:123F             mov     cx, 6
seg001:1242             mov     ax, word_10268
seg001:1245             shr     ax, cl
seg001:1247             add     ax, 19h
seg001:124A             push    ax
seg001:124B             mov     ax, 6
seg001:124E             push    ax
seg001:124F             call    routine_33
seg001:1252             add     sp, 4
seg001:1255             mov     cx, 7
seg001:1258             mov     ax, word_10268
seg001:125B             shr     ax, cl
seg001:125D             add     ax, 14h
seg001:1260             push    ax
seg001:1261             mov     ax, 5
seg001:1264             push    ax
seg001:1265             call    routine_33
seg001:1268             add     sp, 4
seg001:126B             mov     ax, word_10268
seg001:126E             mov     word_1026A, ax
seg001:1271
seg001:1271 loc_12501:                              ; CODE XREF: routine_27+9E↑j
seg001:1271                                         ; routine_27+AA↑j ...
seg001:1271             pop     di                  ; CODE XREF: routine_27+9E↑j
seg001:1271                                         ; routine_27+AA↑j ...
seg001:1272             pop     si
seg001:1273             mov     sp, bp
seg001:1275             pop     bp
seg001:1276             retn
seg001:1277 routine_27      endp
seg001:1277
seg001:1277             align 2
seg001:1278
seg001:1278 ; =============== S U B R O U T I N E =======================================
seg001:1278
seg001:1278
seg001:1278 routine_22      proc near               ; CODE XREF: $i8_exprange+D↑p
seg001:1278             cmp     byte ptr byte_1109A, 0; CODE XREF: $i8_exprange+D↑p
seg001:127D             jne     short loc_12512
seg001:127F             jmp     loc_12556
seg001:1282 ; ---------------------------------------------------------------------------
seg001:1282
seg001:1282 loc_12512:                              ; CODE XREF: routine_22+5↑j
seg001:1282             mov     byte ptr byte_1112E, 0; CODE XREF: routine_22+5↑j
seg001:1287             mov     ax, 109Ch
seg001:128A             push    ax
seg001:128B             call    routine_26
seg001:128E             add     sp, 2
seg001:1291             mov     ax, 10B0h
seg001:1294             push    ax
seg001:1295             call    routine_26
seg001:1298             add     sp, 2
seg001:129B             mov     ax, 10C4h
seg001:129E             push    ax
seg001:129F             call    routine_26
seg001:12A2             add     sp, 2
seg001:12A5             mov     ax, 10D8h
seg001:12A8             push    ax
seg001:12A9             call    routine_26
seg001:12AC             add     sp, 2
seg001:12AF             mov     ax, 10ECh
seg001:12B2             push    ax
seg001:12B3             call    routine_26
seg001:12B6             add     sp, 2
seg001:12B9             mov     ax, 1100h
seg001:12BC             push    ax
seg001:12BD             call    routine_26
seg001:12C0             add     sp, 2
seg001:12C3             call    routine_27
seg001:12C6
seg001:12C6 loc_12556:                              ; CODE XREF: routine_22+7↑j
seg001:12C6             retn                        ; CODE XREF: routine_22+7↑j
seg001:12C7 routine_22      endp
seg001:12C7
seg001:12C7             db    0
seg001:12C7 seg001          ends
seg001:12C7
seg001:0000             end start
