seg000:0000 ;
seg000:0000 ; +-------------------------------------------------------------------------+
seg000:0000 ; |      This file was generated by Ada Script (IDA-style)      |
seg000:0000 ; +-------------------------------------------------------------------------+
seg000:0000 ;
seg000:0000 ; Input MD5    : 234EBBA0FD0BE86118272933857D37E6
seg000:0000 ; Input CRC32  : DF78C093
seg000:0000
seg000:0000
seg000:0000                 .686p
seg000:0000                 .mmx
seg000:0000                 .model large
seg000:0000
seg000:0000                 include MGRAPHIC.inc
seg000:0000
seg000:0000 ; ===========================================================================
seg000:0000
seg000:0000 ; Segment type: Pure code
seg000:0000 seg000          segment byte public 'CODE' use16
seg000:0000
seg000:0000 start:
seg000:0000             dec     bp
seg000:0001             inc     di
seg000:0002             push    dx
seg000:0003             inc     cx
seg000:0004             push    ax
seg000:0005             dec     ax
seg000:0006             dec     cx
seg000:0007             inc     bx
seg000:0008             inc     bp
seg000:000A             pop     ax
seg000:000B             inc     bp
seg000:000C             xor     [bx+di], bh
seg000:000E             sub     ax, 3931h
seg000:0011             sub     ax, 3838h
seg000:0014             add     [bx+si], al
seg000:0016             add     [bx+si], al
seg000:0018             int     1
seg000:001A             add     [bx+si], al
seg000:001C             add     [bx+si], al
seg000:001E             fistp   dword ptr [si]
seg000:0020             pop     ax
seg000:0021             or      dl, [si]
seg000:0024             pop     sp
seg000:0025             add     bl, byte ptr start+4h[bx]
seg000:0028             fiadd   dword ptr [bp+di]
seg000:002A             push    ss
seg000:002B             add     al, 0A9h
seg000:002D             add     al, 67h
seg000:002F             add     cx, bx
seg000:0031             add     cx, word_1A303[bx]
seg000:0035             add     di, word ptr [bp+3+di]
seg000:0038             mov     bh, 3
seg000:003A             adc     ax, word ptr ds:69Bh
seg000:003E             stosb
seg000:003F             push    es
seg000:0040             movsb
seg000:0041             push    es
seg000:0042             mov     bx, 0C006h
seg000:0045             push    es
seg000:0046             enter   -26F9h, 7
seg000:004A             and     ax, [bx]
seg000:004C             xor     al, 7
seg000:004E             and     al, [bx]
seg000:0050             and     al, [bx]
seg000:0052             fiadd   word ptr [bx+di]
seg000:0054             lds     ax, ds:6C5h
seg000:0058             int     6
seg000:005A             rol     word ptr ds:6D8h, cl
seg000:005E             fadd    qword ptr ds:6E0h
seg000:0062             test    word ptr [bp+si], 2BFh
seg000:0066             mov     cx, 0CB02h
seg000:0069             add     cl, bl
seg000:006B             add     cl, ah
seg000:006D             add     ch, byte_1EB08
seg000:0071             push    es
seg000:0072             cld
seg000:0073             push    es
seg000:0074             or      ch, bh
seg000:0077             or      [bp-68F8h], ah
seg000:007B             or      byte ptr start+9h[bx+di], ah
seg000:007E             pop     es
seg000:007F             pop     es
seg000:0080             mov     sp, 0A109h
seg000:0083             add     start+9h[bx+di], dx
seg000:0086             in      al, 1
seg000:0088             add     al, [bp+si]
seg000:008A             dec     dx
seg000:008B             or      cl, [bp+0Ah+si]
seg000:008E             inc     di
seg000:008F             or      cl, byte ptr start+0Ah[bx+si]
seg000:0092             dec     cx
seg000:0093             or      bh, [bx]
seg000:0095             or      ch, [si]
seg000:0097             or      ah, [si]
seg000:0099             or      cl, [di+1408h]
seg000:009D             add     bh, byte ptr ds:0C0Ah
seg000:00A1             pop     es
seg000:00A2             push    ds
seg000:00A3             pop     es
seg000:00A4             in      ax, 6
seg000:00A6             test    byte ptr ds:1E9h, 0EEh
seg000:00AB             add     word_12802[si], dx
seg000:00AF             add     al, [bp+2+si]
seg000:00B2             and     ax, [bx]
seg000:00B4             xor     al, 7
seg000:00B6             enter   -26F9h, 7
seg000:00BA             mov     word ptr ds:1F3h, ax
seg000:00BE             clc
seg000:00BF             add     bp, di
seg000:00C1             add     word_1CD09[bx+di], si
seg000:00C5             add     si, cx
seg000:00C7             add     di, cx
seg000:00C9             add     word ptr [bp+6+si], di
seg000:00CD             add     [bx+si], al
seg000:00CF             add     [bx+si], al
seg000:00D1             add     [bx+si], ch
seg000:00D3             add     [bx+si], dl
seg000:00D6             js      short loc_100D8
seg000:00D8
seg000:00D8 loc_100D8:                              ; CODE XREF: seg000+D6↑j
seg000:00D8             mov     al, byte_1C800      ; CODE XREF: seg000+D6↑j
seg000:00DB             add     al, dh
seg000:00DD             add     [bx+si], bl
seg000:00DF             add     start+1h[bx+si], ax
seg000:00E2             add     [bx+si], al
seg000:00E4             and     al, [bx+di]
seg000:00E6             add     [bx+si], al
seg000:00E8             mov     byte ptr ds:2201h, al
seg000:00EB             add     ah, [bp+2202h+si]
seg000:00EF             add     sp, word ptr [bp+2203h+si]
seg000:00F3             or      sp, word ptr [bp+220Bh+si]
seg000:00F7             adc     sp, word ptr [bp+513h+si]
seg000:00FB             push    es
seg000:00FC             or      [bx+si], cl
seg000:00FE             add     al, 5
seg000:0100             push    es
seg000:0101             push    es
seg000:0102             pop     es
seg000:0103             pop     es
seg000:0104             push    es
seg000:0105             push    es
seg000:0106             add     al, 0
seg000:0108             db 0FFh
seg000:0109             db 0FFh
seg000:010A             db    4
seg000:010B             db    0
seg000:010C             db 0FFh
seg000:010D             db 0FFh
seg000:010E             db 0FFh
seg000:010F             db 0FFh
seg000:0110             db 0FFh
seg000:0111             db 0FFh
seg000:0112             align 2
seg000:0113
seg000:0113 ; =============== S U B R O U T I N E =======================================
seg000:0113
seg000:0113
seg000:0113 indices         proc near
seg000:0113             add     [bx+si], al
seg000:0115             add     [bx+si], ax
seg000:0117             add     al, [bx+si]
seg000:0119             add     ax, [bx+si]
seg000:011B             add     al, 0
seg000:011D             add     ax, 600h
seg000:0120             add     [bx], al
seg000:0122             add     [si], al
seg000:0124             add     [bx+si], al
seg000:0126             add     [bx+si], al
seg000:0128             add     [bx+si], al
seg000:012A             add     [bx+si], al
seg000:012C             add     [bx+si], al
seg000:012E             add     [bx+si], al
seg000:0130             add     [bx+si], al
seg000:0132             add     [bx+si], al
seg000:0134             add     [bx+si], al
seg000:0136             add     [bx+si], al
seg000:0138             add     [bx+si], al
seg000:013A             add     [bx+si], al
seg000:013C             add     [bx+si], al
seg000:013E             add     [bx+si], al
seg000:0140             add     [bx+si], al
seg000:0142             add     ax, 402h
seg000:0145             pop     es
seg000:0146             push    es
seg000:0147             or      [bx+si], cl
seg000:0149             add     al, [bp+di]
seg000:014B             add     ax, word ptr ds:306h
seg000:014F             add     al, 2
seg000:0151             or      [bx+si], cl
seg000:0153             add     ax, word ptr ds:706h
seg000:0157             push    es
seg000:0158             push    es
seg000:0159             push    es
seg000:015A             push    es
seg000:015B             push    es
seg000:015C             add     al, [bp+di]
seg000:015E             add     ax, 505h
seg000:0161             push    es
seg000:0162             or      [bx+si], cl
seg000:0164             push    es
seg000:0165             pop     es
seg000:0166             or      byte ptr ds:806h, al
seg000:016A             or      [bp+si], al
seg000:016C             push    es
seg000:016D             push    es
seg000:016E             push    es
seg000:016F             or      [bx+si], cl
seg000:0171             or      byte ptr ds:608h, al
seg000:0175             push    es
seg000:0176             push    es
seg000:0177             push    es
seg000:0178             push    es
seg000:0179             or      [bx+si], cl
seg000:017B             or      [bx+si], cl
seg000:017D             add     al, 8
seg000:017F             add     al, 6
seg000:0181             or      [bp+si], al
seg000:0183             push    es
seg000:0184             push    es
seg000:0185             add     ax, 606h
seg000:0188             add     al, 6
seg000:018A             push    es
seg000:018B             add     al, [bp+di]
seg000:018D             push    es
seg000:018E             add     cl, [bx+si]
seg000:0190             push    es
seg000:0191             push    es
seg000:0192             push    es
seg000:0193             push    es
seg000:0194             add     ax, 406h
seg000:0197             push    es
seg000:0198             push    es
seg000:0199             or      byte ptr ds:606h, al
seg000:019D             add     al, 2
seg000:019F             add     al, 5
seg000:01A1             or      [bx+si], al
seg000:01A3             add     [di], al
seg000:01A5             add     ax, 0
seg000:01A8             add     [bx+si], al
seg000:01AA             add     [bx+si], al
seg000:01AC             add     [bx+si], al
seg000:01AE             add     [bx+si], al
seg000:01B0             add     [bx+si], al
seg000:01B2             add     [bx+si], al
seg000:01B4             add     [bx+si], al
seg000:01B6             add     [bx+si], al
seg000:01B8             add     [bx+si], al
seg000:01BA             add     [bx+si], al
seg000:01BC             add     [bx+si], al
seg000:01BE             add     [bx+si], al
seg000:01C0             add     [bx+si], al
seg000:01C2             add     ax, word ptr [bp+si]
seg000:01C4             add     al, 5
seg000:01C6             add     al, 5
seg000:01C8             add     ax, 302h
seg000:01CB             add     ax, word ptr ds:304h
seg000:01CF             add     al, 2
seg000:01D1             add     al, 5
seg000:01D3             add     ax, [di]
seg000:01D5             add     ax, 505h
seg000:01D8             add     ax, 505h
seg000:01DB             add     ax, 302h
seg000:01DE             add     al, 4
seg000:01E0             add     al, 5
seg000:01E2             add     ax, 505h
seg000:01E5             add     ax, 505h
seg000:01E8             add     ax, 505h
seg000:01EB             add     al, [di]
seg000:01ED             add     ax, 605h
seg000:01F0             add     ax, 505h
seg000:01F3             add     ax, 505h
seg000:01F6             add     al, 5
seg000:01F8             push    es
seg000:01F9             push    es
seg000:01FA             push    es
seg000:01FB             push    es
seg000:01FC             push    es
seg000:01FD             add     ax, word ptr loc_103EF+14h
seg000:0201             add     ax, 402h
seg000:0204             add     al, 4
seg000:0206             add     al, 4
seg000:0208             add     ax, [si]
seg000:020A             add     al, 2
seg000:020C             add     ax, [si]
seg000:020E             add     al, loc_103EF+15h
seg000:0212             add     al, 4
seg000:0214             add     al, 4
seg000:0216             add     al, 4
seg000:0218             add     al, 6
seg000:021A             add     al, 4
seg000:021C             add     al, 4
seg000:021E             add     al, [bp+di]
seg000:0220             add     ax, [di]
seg000:0222             add     [si], al
seg000:0224             add     [bx+si], al
seg000:0226             add     [bx+si], al
seg000:0228             add     [bx+si], al
seg000:022A             add     [bx+si], al
seg000:022C             add     [bx+si], al
seg000:022E             add     [bx+si], al
seg000:0230             add     [bx+si], al
seg000:0232             add     [bx+si], al
seg000:0234             add     [bx+si], al
seg000:0236             add     [bx+si], al
seg000:0238             add     [bx+si], al
seg000:023A             add     [bx+si], al
seg000:023C             add     [bx+si], al
seg000:023E             add     [bx+si], al
seg000:0240             add     [bx+si], al
seg000:0242             add     al, 2
seg000:0244             add     al, 6
seg000:0246             add     al, 7
seg000:0248             push    es
seg000:0249             add     al, [bp+di]
seg000:024B             add     al, 4
seg000:024D             add     al, 3
seg000:024F             add     ax, 702h
seg000:0252             add     ax, 503h
seg000:0255             add     ax, 506h
seg000:0258             add     ax, 505h
seg000:025B             add     ax, 302h
seg000:025E             add     al, 5
seg000:0260             add     al, 5
seg000:0262             pop     es
seg000:0263             push    es
seg000:0264             add     ax, 606h
seg000:0267             add     ax, 705h
seg000:026A             pop     es
seg000:026B             add     al, [di]
seg000:026D             add     ax, 605h
seg000:0270             push    es
seg000:0271             pop     es
seg000:0272             add     ax, 507h
seg000:0275             add     ax, 504h
seg000:0278             push    es
seg000:0279             or      [bx], al
seg000:027B             or      [bx], al
seg000:027D             add     ax, [bx]
seg000:027F             add     ax, word ptr ds:206h
seg000:0283             add     ax, 405h
seg000:0286             add     ax, 305h
seg000:0289             add     ax, 205h
seg000:028C             add     ax, [di]
seg000:028E             add     cl, [bx+si]
seg000:0290             add     ax, 505h
seg000:0293             add     ax, 505h
seg000:0296             add     al, 5
seg000:0298             push    es
seg000:0299             or      [di], al
seg000:029B             add     ax, 405h
seg000:029E             add     al, [si]
seg000:02A0             add     ax, 7
seg000:02A3             add     [bx+si], al
seg000:02A5             add     [bx+si], al
seg000:02A7             add     [bx+si], al
seg000:02A9             add     [bx+si], al
seg000:02AB             add     [bx+si], al
seg000:02AD             add     [bx+si], al
seg000:02AF             add     [bx+si], al
seg000:02B1             add     [bx+si], al
seg000:02B3             add     [bx+si], al
seg000:02B5             add     [bx+si], al
seg000:02B7             add     [bx+si], al
seg000:02B9             add     [bx+si], al
seg000:02BB             add     [bx+si], al
seg000:02BD             add     [bx+si], al
seg000:02BF             add     [bx+si], al
seg000:02C1             add     [bp+di], al
seg000:02C3             add     al, [si]
seg000:02C5             add     ax, 504h
seg000:02C8             add     ax, 302h
seg000:02CB             add     ax, word ptr ds:304h
seg000:02CF             add     al, 2
seg000:02D1             add     al, 5
seg000:02D3             add     ax, [di]
seg000:02D5             add     ax, 505h
seg000:02D8             add     ax, 505h
seg000:02DB             add     ax, 302h
seg000:02DE             add     al, 4
seg000:02E0             add     al, 5
seg000:02E2             add     ax, 505h
seg000:02E5             add     ax, 505h
seg000:02E8             add     ax, 505h
seg000:02EB             add     al, [di]
seg000:02ED             add     ax, 605h
seg000:02F0             add     ax, 505h
seg000:02F3             add     ax, 505h
seg000:02F6             add     al, 5
seg000:02F8             push    es
seg000:02F9             push    es
seg000:02FA             push    es
seg000:02FB             push    es
seg000:02FC             push    es
seg000:02FD             add     ax, word ptr loc_103EF+14h
seg000:0301             add     ax, 402h
seg000:0304             add     al, 4
seg000:0306             add     al, 4
seg000:0308             add     ax, [si]
seg000:030A             add     al, 2
seg000:030C             add     ax, [si]
seg000:030E             add     al, loc_103EF+15h
seg000:0312             add     al, 4
seg000:0314             add     al, 4
seg000:0316             add     al, 4
seg000:0318             add     al, 6
seg000:031A             add     al, 4
seg000:031C             add     al, 4
seg000:031E             add     al, [bp+di]
seg000:0320             add     ax, [di]
seg000:0322             add     byte_1A820[bx+si], ah
seg000:0326             pop     ds
seg000:0327
seg000:0327 loc_10327:                              ; CODE XREF: sub_101CD+198↓j
seg000:0327             loopne  loc_10329           ; CODE XREF: sub_101CD+198↓j
seg000:0329 loc_10329       db 0FFh                 ; CODE XREF: sub_101CD:loc_10327↑j
seg000:032A             push    ax
seg000:032C             cld
seg000:032D             lock inc word ptr [bp+di]
seg000:0330             add     [bx+si], al
seg000:0332             add     byte ptr [bx+di], 0
seg000:0335             db 0FFh
seg000:0336
seg000:0336 loc_10336:                              ; CODE XREF: sub_101CD+187↓j
seg000:0336             cmp     al, ah              ; CODE XREF: sub_101CD+187↓j
seg000:0338             pop     es
seg000:0339             db 0FFh
seg000:033A             inc     word ptr [bx+si]
seg000:033C             add     [bx+si], ax
seg000:033E             nop     ax
seg000:0341             lock add [bx+si], al
seg000:0344             add     [bx+si], bh
seg000:0347             add     [si], bl
seg000:0349
seg000:0349 loc_10349:                              ; CODE XREF: sub_101CD+19A↓j
seg000:0349             cmp     [bx+si], al         ; CODE XREF: sub_101CD+19A↓j
seg000:034B             add     [bx+si], al
seg000:034D             add     [bx+si], al
seg000:034F             add     [bx+si], al
seg000:0351             out     dx, al
seg000:0352             loopne  loc_10394
seg000:0354             loopne  loc_10336
seg000:0356             mov     al, byte_180E0
seg000:0359             loopne  loc_1033B
seg000:035B             loopne  loc_1035D
seg000:035D
seg000:035D loc_1035D:                              ; CODE XREF: sub_101CD+18E↑j
seg000:035D             add     byte_17000, cl      ; CODE XREF: sub_101CD+18E↑j
seg000:0361             add     [bx+si], al
seg000:0363             loopne  loc_10345
seg000:0365             loopne  loc_10327
seg000:0367             loopne  loc_10349
seg000:0369             loopne  loc_1030B
seg000:036B             loopne  loc_103CD
seg000:036D             mov     al, byte_1A080
seg000:0370             shl     al, 0E0h
seg000:0373             loopne  loc_10355
seg000:0375             loopne  loc_10357
seg000:0377             mov     al, byte_1A0A0
seg000:037A             mov     al, byte_1E0A0
seg000:037D             add     [bx+si], al
seg000:037F             add     [bx+si], al
seg000:0381             add     [si], bh
seg000:0383             add     al, ah
seg000:0385             add     byte ptr loc_11BD7+29h, cl
seg000:0389             add     al, ah
seg000:038B             sbb     byte_138E0, al
seg000:038F             add     [bx+si], al
seg000:0391             add     [bx+si], al
seg000:0393             add     [bx+si], al
seg000:0395             add     [bx+si], bl
seg000:0397             add     [bx+si], al
seg000:0399             add     [bx+si], al
seg000:039B             add     [bx+si], al
seg000:039D             add     [bx+si], bl
seg000:039F             add     [bx+si], cl
seg000:03A1             adc     [bx+si], al
seg000:03A3             loopne  loc_103A5
seg000:03A5
seg000:03A5 loc_103A5:                              ; CODE XREF: sub_101CD+1D6↑j
seg000:03A5             add     [bx+si], al         ; CODE XREF: sub_101CD+1D6↑j
seg000:03A7             add     [bx+si], al
seg000:03A9             add     [bx+si], al
seg000:03AB             add     [bx+si], al
seg000:03AD             add     [bx+si], al
seg000:03AF             add     [bx+si], al
seg000:03B1             add     [bx+si], al
seg000:03B3             add     [bx+si], al
seg000:03B5             add     [bx+si], al
seg000:03B7             add     [bx+si], al
seg000:03B9             add     [bx+si], al
seg000:03BB             add     [bx+si], al
seg000:03BD             add     [bx+si], al
seg000:03BF             add     [bx+si], al
seg000:03C1             add     [bx+si], al
seg000:03C3             and     byte ptr loc_11FFF+1h[bx+si], 42h
seg000:03C8             xor     byte_18040[bx+si], al
seg000:03CC             add     [bx+si], al
seg000:03CE             add     [bx+si], al
seg000:03D0             add     [bp+si], al
seg000:03D2             cmp     al, al
seg000:03D4             jo      short loc_10446
seg000:03D6             or      al, bh
seg000:03D8             xor     al, bh
seg000:03DA             jo      short loc_1044C
seg000:03DC             add     [bx+si], al
seg000:03DE             adc     [bx+si], al
seg000:03E0             xor     byte ptr start+38h[bx+si], 10h
seg000:03E4             db 0F0h
seg000:03E5             cmp     al, bh
seg000:03E7             clc
seg000:03E8             clc
seg000:03E9             cmp     [bp+880h+si], al
seg000:03ED             mov     byte_18282[bx+si], al
seg000:03F1             cmp     al, dh
seg000:03F3             cmp     al, dh
seg000:03F5             jo      short loc_103EF
seg000:03F7             mov     byte_18282[bx+si], cl
seg000:03FB             cmp     dh, 0E0h
seg000:03FE             and     al, 20h
seg000:0401             add     byte_18000[bx+si], al
seg000:0405             add     [bx+si], cl
seg000:0407             add     [bx+si], ah
seg000:0409             add     byte_14080[bx+si], al
seg000:040D             add     byte ptr start[bx+si], 0
seg000:0412             add     [bx+si], al
seg000:0414             add     [bx+si], al
seg000:0416             add     [bx+si], al
seg000:0418             add     [bx+si], al
seg000:041A             add     [bx+si], al
seg000:041C             add     [bx+si], ah
seg000:041E             add     byte ptr byte_15500[bx+si], 0
seg000:0423             mov     al, byte_1AB20
seg000:0426             jg      short loc_10420
seg000:0428             add     bh, bh
seg000:042A             push    ax
seg000:042C             cld
seg000:042D             lock inc word ptr [bp+di]
seg000:0430             add     [bx+si], al
seg000:0432             rol     byte ptr [bp+di], 0
seg000:0435             call    dword ptr dword_1FFE0[si]
seg000:0438             pop     es
seg000:0439             db 0FFh
seg000:043A             inc     word ptr [bx+si]
seg000:043C             add     ax, [bx+si]
seg000:043E             nop     ax
seg000:0441             add     [bx+si], al
seg000:0443             sbb     ah, cl
seg000:0445             insb
seg000:0447             cmp     ss:byte_16670, cl
seg000:044D             sbb     [bx+si], al
seg000:044F             add     [bx+si], al
seg000:0451             out     dx, al
seg000:0452             mov     al, byte ptr loc_12034+0Ch
seg000:0455             and     byte_18080[bx+si], ah
seg000:0459             and     byte_140A0[bx+si], ah
seg000:045D             inc     ax
seg000:045E             sbb     [bx+si], al
seg000:0460             sbb     [si], bh
seg000:0462             cmp     al, 0A0h
seg000:0464             mov     al, byte_1A080
seg000:0467             add     byte ptr byte_1A080[bx+si], 40h
seg000:046C             and     byte_1E080[bx+si], ah
seg000:0470             mov     al, byte_1A0A0
seg000:0473             mov     al, byte_180A0
seg000:0476             inc     ax
seg000:0477             mov     al, byte_1A0A0
seg000:047A             mov     al, byte ptr ds:20A0h
seg000:047D             push    ds
seg000:047E             inc     ax
seg000:047F             js      short loc_10489
seg000:0481             add     [bp], ah
seg000:0484             pushaw
seg000:0485             add     [si], cl
seg000:0487             add     [bx+si], dh
seg000:0489
seg000:0489 loc_10489:                              ; CODE XREF: sub_101CD+2B2↑j
seg000:0489             push    es                  ; CODE XREF: sub_101CD+2B2↑j
seg000:048A             pushaw
seg000:048B             add     [bx+si], al
seg000:048D             pushaw
seg000:048E             sbb     [bx+si], al
seg000:0490             add     [bx+si], al
seg000:0492             add     [bx+si], al
seg000:0494             add     [bx+si], al
seg000:0496             sbb     [bx+si], al
seg000:0498             add     [bx+si], al
seg000:049A             add     [bx+si], al
seg000:049C             add     [bx+si], bl
seg000:049E             sbb     [bx+si], al
seg000:04A0             sbb     [bx+si], al
seg000:04A2             add     [bx+si], al
seg000:04A5             add     [bx+si], al
seg000:04A7             add     [bx+si], al
seg000:04A9             add     [bx+si], al
seg000:04AB             add     [bx+si], al
seg000:04AD             add     [bx+si], al
seg000:04AF             add     [bx+si], al
seg000:04B1             add     [bx+si], al
seg000:04B3             add     [bx+si], al
seg000:04B5             add     [bx+si], al
seg000:04B7             add     [bx+si], al
seg000:04B9             add     [bx+si], al
seg000:04BB             add     [bx+si], al
seg000:04BD             add     [bx+si], al
seg000:04BF             add     [bx+si], al
seg000:04C1             add     [bx+si], al
seg000:04C3             and     byte ptr byte_17848[bx+si], 0A4h
seg000:04C8             dec     ax
seg000:04C9             add     byte ptr byte_1A840[bx+si], 20h
seg000:04CE             add     [bx+si], al
seg000:04D0             add     [si], al
seg000:04D2             inc     sp
seg000:04D3             inc     ax
seg000:04D4             mov     byte_18018[bx+si], cl
seg000:04D8             inc     ax
seg000:04D9             or      [bx+si+88h], cl
seg000:04DD             add     [bx+si], ah
seg000:04DF             add     byte_1FF88[bx+si], al
seg000:04E2             inc     sp
seg000:04E3             adc     byte_18444[bx+si], cl
seg000:04E7             add     byte ptr byte_18244[bx+si], 80h
seg000:04EC             or      byte_1C680[bx+si], dl
seg000:04F0             retn    8844h
seg000:04F3             inc     sp
seg000:04F4             mov     byte_18820[bx+si], cl
seg000:04F8             mov     [bp+4444h+si], al
seg000:04FC             add     al, 80h
seg000:04FE             inc     ax
seg000:04FF             and     [bx+si], dh
seg000:0502             add     byte ptr [bx+si], 80h
seg000:0505             add     [bx+si], cl
seg000:0507             add     [bx+si], al
seg000:050A             add     byte ptr [bx+si], 0
seg000:050D             add     byte ptr start[bx+si], 0
seg000:0512             add     [bx+si], al
seg000:0514             add     [bx+si], al
seg000:0516             inc     ax
seg000:0517             add     [bx+si], al
seg000:0519             add     [bx+si], al
seg000:051B             add     [bx+si], al
seg000:051D             inc     ax
seg000:051E             add     byte ptr [bx+si], 0AAh
seg000:0522             add     al, al
seg000:0524             and     [bp-301h+di], ch
seg000:0528             add     bh, bh
seg000:052A             add     al, dh
seg000:052C             cld
seg000:052D             lock inc word ptr [bp+di]
seg000:0530             add     [bx+si], al
seg000:0532             db 0F0h
seg000:0533             db  0Fh
seg000:0534             add     bh, bh
seg000:0536             mov     si, 7E0h
seg000:0539             add     bh, bh
seg000:053B             add     byte ptr loc_10EF0+10h, al
seg000:053F             sbb     al, dh
seg000:0541             add     [bx+si], al
seg000:0543             sbb     dh, ch
seg000:0545             jmp     dword ptr [si+6Ch]
seg000:0548             sbb     al, 18h
seg000:054A             sbb     al, 38h
seg000:054C             cmp     al, 18h
seg000:054E             add     al, al
seg000:0550             add     [bp-60h], ah
seg000:0553             inc     ax
seg000:0554             loopne  loc_105B6
seg000:0556             loopne  loc_10538
seg000:0558             loopne  loc_1059A
seg000:055A             loopne  loc_1053C
seg000:055C             add     [bx+si], al
seg000:055E             xor     [bp+0Ch], bh
seg000:0561             loopne  loc_10525
seg000:0565             and     byte ptr byte_1C0E0[bx+si], 80h
seg000:056A             loopne  loc_105AC
seg000:056C             and     al, al
seg000:056E             and     byte ptr byte_1A0A0[bx+si], 0E0h
seg000:0573             mov     al, byte_1E0C0
seg000:0576             inc     ax
seg000:0577             mov     al, byte_1E0A0
seg000:057A             inc     ax
seg000:057B             loopne  loc_105BD
seg000:057D             sbb     byte ptr start+18h[bx+si], ah
seg000:0580             sbb     al, 0
seg000:0582             outsb
seg000:0583             cmp     al, 7Ch
seg000:0585             jl      loc_105C4
seg000:0588             xor     [si], bh
seg000:058A             jl      short loc_105C4
seg000:058C             push    cs
seg000:058D             insb
seg000:058E             sbb     ah, cl
seg000:0590             cld
seg000:0591             cmp     al, 0FCh
seg000:0593             jle     short loc_10571
seg000:0595             jle     loc_10586
seg000:0598             db  66h ; f
seg000:0599             db 0C6h
seg000:059A
seg000:059A loc_1059A:                              ; CODE XREF: sub_101CD+38B↑j
seg000:059A             jle     loc_105DA           ; CODE XREF: sub_101CD+38B↑j
seg000:059E             sbb     [bx+si], al
seg000:05A0             cmp     [bx+si], al
seg000:05A2             add     [bx+si], al
seg000:05A5             add     [bx+si], al
seg000:05A7             add     [bx+si], al
seg000:05A9             add     [bx+si], al
seg000:05AB             add     [bx+si], al
seg000:05AD             add     [bx+si], al
seg000:05AF             add     [bx+si], al
seg000:05B1             add     [bx+si], al
seg000:05B3             add     [bx+si], al
seg000:05B5             add     [bx+si], al
seg000:05B7             add     [bx+si], al
seg000:05B9             add     [bx+si], al
seg000:05BB             add     [bx+si], al
seg000:05BD
seg000:05BD loc_105BD:                              ; CODE XREF: sub_101CD+3AE↑j
seg000:05BD             add     [bx+si], al         ; CODE XREF: sub_101CD+3AE↑j
seg000:05BF             add     [bx+si], al
seg000:05C1             add     [bx+si], al
seg000:05C3             add     byte ptr [bx+si], 0FCh
seg000:05C6             mov     al, byte_130A8
seg000:05C9             add     byte_17040[bx+si], al
seg000:05CD             and     [bx+si], al
seg000:05CF             add     [bx+si], al
seg000:05D1             or      [bp+840h+si], al
seg000:05D5             or      [bx+si], ch
seg000:05D7             add     byte ptr byte_18808[bx+si], 88h
seg000:05DC             add     byte ptr start+40h[bx+si], 0F0h
seg000:05E0             and     [bx+si], cl
seg000:05E2             call    far ptr 8280h:8828h
seg000:05E7             add     byte ptr byte_18280[bx+si], 80h
seg000:05EC             or      byte_1AA80[bx+si], ah
seg000:05F0             mov     byte_18882, al
seg000:05F3             or      byte ptr [bx+si+2080h], 88h
seg000:05F8             mov     [bp+2828h+si], al
seg000:05FC             or      byte ptr loc_12007+19h[bx+si], al
seg000:0600             clc
seg000:0601             add     [bx+si], al
seg000:0603
seg000:0603 loc_10603:                              ; CODE XREF: sub_101CD+444↓j
seg000:0603             js      short loc_105F5     ; CODE XREF: sub_101CD+444↓j
seg000:0605             jo      short loc_1067F
seg000:0607             jo      short loc_105E9
seg000:0609             js      short loc_105FB
seg000:060B             add     byte ptr byte_1FF88[bx+si], 80h
seg000:060F             in      al, dx
seg000:0610             db 0F0h
seg000:0611             jo      short loc_10603
seg000:0613             js      short loc_105C5
seg000:0615             js      short loc_105F7
seg000:0617             mov     byte_18882[bx+si], cl
seg000:061B             mov     al, bh
seg000:061D             inc     ax
seg000:061E             add     byte ptr [bx+si], 55h
seg000:0622             add     byte_1AB00[bx+si], ah
seg000:0626             db 0FFh
seg000:0627             inc     byte ptr [bx+di]
seg000:0629             inc     word ptr [bx+si]
seg000:062B             db 0F0h
seg000:062C             cld
seg000:062D             lock inc word ptr [bp+di]
seg000:0630             inc     word ptr [bx+si]
seg000:0632             db 0FFh
seg000:0633             db 0FFh
seg000:0634             db 0FFh
seg000:0635             db 0FFh
seg000:0636             db 0FEh
seg000:0637             loopne  loc_10640
seg000:0639             add     [bx+si], al
seg000:063B             add     [si], ch
seg000:063E             psubb   mm6, mm0
seg000:0641             add     [bx+si], al
seg000:0643             sbb     dh, ch
seg000:0645             cmp     [bx+si], bl
seg000:0648             cmp     [bx+si], dh
seg000:064A             sbb     [bx+si], bl
seg000:064C             db 0FFh
seg000:064D             jle     short loc_1064F
seg000:064F
seg000:064F loc_1064F:                              ; CODE XREF: sub_101CD+480↑j
seg000:064F             add     [bx+si], al         ; CODE XREF: sub_101CD+480↑j
seg000:0651             int3
seg000:0652             mov     al, byte_18040
seg000:0655             and     [bx+si], ah
seg000:0657             and     byte_1A040[bx+si], ah
seg000:065B             and     byte ptr start+40h[bx+si], al
seg000:065E             pushaw
seg000:065F             add     byte_16E0C, al
seg000:0663             mov     al, byte_180A0
seg000:0666             mov     al, byte_18080
seg000:0669             mov     al, byte_140A0
seg000:066C             mov     al, byte_180A0
seg000:066F             mov     al, byte_1A0A0
seg000:0672             and     byte ptr [bx+si+20A0h], 40h
seg000:0677             mov     al, byte_1E0A0
seg000:067A             mov     al, byte_18040
seg000:067D             sbb     [bx+si], dh
seg000:067F
seg000:067F loc_1067F:                              ; CODE XREF: sub_101CD+438↑j
seg000:067F             sbb     byte_16E00, dh      ; CODE XREF: sub_101CD+438↑j
seg000:0683             push    es
seg000:0684             int3
seg000:0687             jl      loc_106F0
seg000:068A             sbb     byte ptr loc_11859+1Fh, al
seg000:068F             db 0FEh
seg000:0690             int3
seg000:0694             pushal
seg000:0696             sbb     [bp+66h], ah
seg000:0699             salc
seg000:069A             cmp     al, 66h
seg000:069C             dec     sp
seg000:069D             jle     short loc_106B7
seg000:069F             sbb     [bx+si], bh
seg000:06A2             add     [bx+si], al
seg000:06A5             add     [bx+si], al
seg000:06A7             add     [bx+si], al
seg000:06A9             add     [bx+si], al
seg000:06AB             add     [bx+si], al
seg000:06AD             add     [bx+si], al
seg000:06AF             add     [bx+si], al
seg000:06B1             add     [bx+si], al
seg000:06B3             add     [bx+si], al
seg000:06B5             add     [bx+si], al
seg000:06B7
seg000:06B7 loc_106B7:                              ; CODE XREF: sub_101CD+4D0↑j
seg000:06B7             add     [bx+si], al         ; CODE XREF: sub_101CD+4D0↑j
seg000:06B9             add     [bx+si], al
seg000:06BB             add     [bx+si], al
seg000:06BD             add     [bx+si], al
seg000:06BF             add     [bx+si], al
seg000:06C1             add     [bx+si], al
seg000:06C3             add     byte ptr [bx+si], 48h
seg000:06C6             jo      short loc_1071C
seg000:06C8             dec     dx
seg000:06C9
seg000:06C9 loc_106C9:                              ; CODE XREF: sub_101CD+50A↓j
seg000:06C9             add     byte_1F840[bx+si], al; CODE XREF: sub_101CD+50A↓j
seg000:06CD             clc
seg000:06CE             add     al, ah
seg000:06D0             add     [bx+si], dl
seg000:06D2             add     byte ptr start+10h[bx+si], 30h
seg000:06D6             dec     ax
seg000:06D7             jo      short loc_106C9
seg000:06D9             adc     [bx+si+78h], dh
seg000:06DC             add     [bx+si], al
seg000:06DE             add     byte ptr [bx+si], 10h
seg000:06E1             adc     [bp-0FC8h+si], ch
seg000:06E5             add     byte ptr [bp-708h+si], 9Eh
seg000:06EA             inc     byte ptr byte_1C008[bx+si]
seg000:06EE             adc     byte ptr [bp-7D6Eh+si], 0F0h
seg000:06F3             xor     al, 70h
seg000:06F6             and     byte_15450[bx+si], cl
seg000:06FA             adc     [bx+si], dl
seg000:06FC             adc     byte ptr loc_12007+9h[bx+si], al
seg000:0700             and     [bx+si], al
seg000:0702             add     byte_18088[bx+si], cl
seg000:0706             mov     byte_18840[bx+si], cl
seg000:070A             mov     byte_19040[bx+si], al
seg000:070E             adc     byte ptr [bp-7778h+si], 88h
seg000:0713             mov     al, al
seg000:0715             add     byte ptr byte_1FF88[bx+si], 88h
seg000:0719             adc     byte ptr byte_1FF88[bx+si], 10h
seg000:071D             add     byte ptr byte_1F020[bx+si], 0AAh
seg000:0722             add     byte_1AB00[bx+si], ah
seg000:0726             db 0FFh
seg000:0727             inc     byte ptr [bx+di]
seg000:0729             inc     word ptr [bx+si]
seg000:072B             db 0F0h
seg000:072C             cld
seg000:072D             lock inc word ptr [bp+di]
seg000:0730             add     bh, bh
seg000:0732             db 0FFh
seg000:0733             db 0FFh
seg000:0734             db 0FFh
seg000:0735             db 0FFh
seg000:0736 loc_10736       db 0FEh                 ; CODE XREF: sub_101CD+587↓j
seg000:0737             loopne  loc_10740
seg000:0739             add     [bx+si], al
seg000:073B             add     byte ptr word_1FFF0[bx+si], bh
seg000:073E             add     al, bh
seg000:0740
seg000:0740 loc_10740:                              ; CODE XREF: sub_101CD+56A↑j
seg000:0740             add     [bx+si], al         ; CODE XREF: sub_101CD+56A↑j
seg000:0742             add     [bx+si], bl
seg000:0744             add     [bp], ah
seg000:0747             xor     [bx], ch
seg000:074A             sbb     [bx+si], bl
seg000:074C             cmp     al, 18h
seg000:074E             add     [bx+si], al
seg000:0750             inc     ax
seg000:0751             add     al, ah
seg000:0753             inc     ax
seg000:0754             loopne  loc_10736
seg000:0756             and     al, ah
seg000:0758             loopne  loc_1079A
seg000:075A             loopne  loc_1077C
seg000:075C             add     byte ptr start+30h[bx+si], al
seg000:0760             or      al, 18h
seg000:0762             outsb
seg000:0763             mov     al, byte_1E0E0
seg000:0766             shl     al, 80h
seg000:0769             loopne  loc_1070B
seg000:076B             loopne  loc_1074D
seg000:076D             mov     al, byte_1A0E0
seg000:0770             mov     al, byte_180E0
seg000:0773             shl     byte ptr byte_140E0[bx+si], 0E0h
seg000:0778             inc     ax
seg000:0779             mov     al, byte_140A0
seg000:077C
seg000:077C loc_1077C:                              ; CODE XREF: sub_101CD+58D↑j
seg000:077C             loopne  loc_10796           ; CODE XREF: sub_101CD+58D↑j
seg000:077E             sbb     [bx+si], bl
seg000:0780             arpl    [bx+si], ax
seg000:0782             pushaw
seg000:0783             pushal
seg000:0786             int3
seg000:0787             jle     short loc_107B9
seg000:0789             sbb     byte ptr loc_11859+1Fh, al
seg000:078F loc_1078F       db 0FEh                 ; CODE XREF: sub_101CD+640↓j
seg000:0790             int3
seg000:0794             pushaw
seg000:0795             cmp     al, 18h
seg000:0797             db  66h ; f
seg000:0798             db  66h ; f
seg000:0799             db 0FEh
seg000:079A
seg000:079A loc_1079A:                              ; CODE XREF: sub_101CD+58B↑j
seg000:079A             sbb     [bp+18h], ah        ; CODE XREF: sub_101CD+58B↑j
seg000:079D             jle     short loc_107B7
seg000:079F             sbb     [bx+si], bh
seg000:07A1             add     [bx+si], al
seg000:07A3             inc     ax
seg000:07A4             add     [bx+si], al
seg000:07A6             add     [bx+si], al
seg000:07A8             add     [bx+si], al
seg000:07AA             add     [bx+si], al
seg000:07AC             add     [bx+si], al
seg000:07AE             add     [bx+si], al
seg000:07B0             add     [bx+si], al
seg000:07B2             add     [bx+si], al
seg000:07B4             add     [bx+si], al
seg000:07B6             add     [bx+si], al
seg000:07B8             add     [bx+si], al
seg000:07BA             add     [bx+si], al
seg000:07BC             add     [bx+si], al
seg000:07BE             add     [bx+si], al
seg000:07C0             add     [bx+si], al
seg000:07C2             add     byte_14800[bx+si], al
seg000:07C6             sub     [bp+si], ch
seg000:07C8             test    [bx+si], al
seg000:07CA             add     byte ptr [bx+si+70h], 20h
seg000:07CE             add     [bx+si], al
seg000:07D0             add     [bx+si], ah
seg000:07D2             add     byte ptr start+20h[bx+si], 8
seg000:07D6             cld
seg000:07D7             or      byte_18820[bx+si], cl
seg000:07DB             or      [bx+si], al
seg000:07DD             add     byte ptr word_1FFF0[bx+si], al
seg000:07E0             and     [bx+si], ah
seg000:07E2             sahf
seg000:07E3             inc     sp
seg000:07E4             mov     byte_18082[bx+si], al
seg000:07E8             add     byte ptr [bp-7F7Eh+si], 8
seg000:07ED             mov     al, byte_18280
seg000:07F0             mov     al, [bp-7580h+si]
seg000:07F4             mov     al, byte ptr loc_12007+1h
seg000:07F7             mov     [bx+si+54h], dl
seg000:07FA             sub     [bx+si], dl
seg000:07FC             and     byte ptr loc_12007+1h[bx+si], al
seg000:0800             and     [bx+si], al
seg000:0802             add     byte_18088[bx+si], cl
seg000:0806             mov     al, bh
seg000:0808             inc     ax
seg000:0809             mov     byte_14080[bx+si], cl
seg000:080D             loopne  loc_1078F
seg000:080F             xchg    dx, ax
seg000:0810             mov     byte_18888[bx+si], cl
seg000:0814 indices         endp
seg000:0814
seg000:0814
seg000:0814 ; =============== S U B R O U T I N E =======================================
seg000:0814
seg000:0814
seg000:0814 sub_10814       proc near               ; CODE XREF: $WHOME+44↓p
seg000:0814             xor     byte ptr start+40h[bx+si], 88h; CODE XREF: $WHOME+44↓p
seg000:0818
seg000:0818 loc_10818:                              ; CODE XREF: sub_10814+22↓j
seg000:0818             push    ax                  ; CODE XREF: sub_10814+22↓j
seg000:0819             push    sp
seg000:081A             and     byte_14020[bx+si], cl
seg000:081E             add     byte ptr [bx+si], 55h
seg000:0822             add     [bx+si], cl
seg000:0825             stosw
seg000:0826             db 0FFh
seg000:0827             inc     word ptr [bx+di]
seg000:0829             add     [bx+si], al
seg000:082B             db 0F0h
seg000:082C             cld
seg000:082D             add     bh, bh
seg000:082F             add     ax, [bx+si]
seg000:0831             add     al, dh
seg000:0833             db  0Fh
seg000:0834             add     bh, bh
seg000:0836             jl      short loc_10818
seg000:0838             pop     es
seg000:0839             add     [bx+si], al
seg000:083B             push    word_1FFF0[bx+si]
seg000:083E             add     [bx+si], al
seg000:0840             add     [bx+si], al
seg000:0842             add     [bx+si], al
seg000:0844             add     bh, bh
seg000:0846             add     [bp+66h], ah
seg000:0849             add     [si], bl
seg000:084B             cmp     [bp+18h], ah
seg000:084E             sbb     [bx+si], al
seg000:0850             sbb     [bx+si], al
seg000:0852             add     [bx+si], al
seg000:0854             add     [bx+si], al
seg000:0856             add     [bx+si], al
seg000:0858             add     [bx+si], al
seg000:085A             add     [bx+si], al
seg000:085C             sbb     [bx+si], bl
seg000:085E             sbb     [bp+18h], bh
seg000:0861             add     [bx+si], ah
seg000:0864             add     [bx+si], al
seg000:0866             add     [bx+si], al
seg000:0868             add     [bx+si], al
seg000:086A             add     [bx+si], al
seg000:086C             add     [bx+si], al
seg000:086E             add     [bx+si], al
seg000:0870             add     [bx+si], al
seg000:0872             add     [bx+si], al
seg000:0874             add     [bx+si], al
seg000:0876             add     [bx+si], al
seg000:0878             add     [bx+si], al
seg000:087A             add     [bx+si], al
seg000:087C             add     [bx+si], bl
seg000:087E             or      al, 18h
seg000:0880             add     [bx+si], al
seg000:0882             bound   sp, dword ptr [bp+66h]
seg000:0885             int3
seg000:0887             pushaw
seg000:0888             xor     byte ptr ds:1866h, bh
seg000:088C             push    es
seg000:088D             insb
seg000:088E             sbb     dh, dl
seg000:0890             jl      loc_10910
seg000:0894             pushaw
seg000:0895             push    es
seg000:0896             sbb     [bp+3Ch], ah
seg000:0899             jl      short loc_108D7
seg000:089B             xor     bl, ds:[bx+si]
seg000:089E             sbb     [bx+si], al
seg000:08A0             sbb     [bx+si], al
seg000:08A2             add     [bx+si], al
seg000:08A5             add     [bx+si], al
seg000:08A7             add     [bx+si], al
seg000:08A9             add     [bx+si], al
seg000:08AB             add     [bx+si], al
seg000:08AD             add     [bx+si], al
seg000:08AF             add     [bx+si], al
seg000:08B1             add     [bx+si], al
seg000:08B3             add     [bx+si], al
seg000:08B5             add     [bx+si], al
seg000:08B7             add     [bx+si], al
seg000:08B9             add     [bx+si], al
seg000:08BB             add     [bx+si], al
seg000:08BD             add     [bx+si], al
seg000:08BF             add     [bx+si], al
seg000:08C1             add     [bx+si], al
seg000:08C3             add     [bx+si], al
seg000:08C5             cld
seg000:08C6             db 0F0h
seg000:08C7             dec     dx
seg000:08C8             inc     sp
seg000:08C9             add     byte_1A840[bx+si], al
seg000:08CD             and     [bx+si], al
seg000:08CF             add     [bx+si], al
seg000:08D1             inc     ax
seg000:08D2             inc     sp
seg000:08D3             inc     ax
seg000:08D4             inc     ax
seg000:08D5             mov     [bx+si], cl
seg000:08D7
seg000:08D7 loc_108D7:                              ; CODE XREF: sub_10814+85↑j
seg000:08D7             mov     byte_18840[bx+si], cl; CODE XREF: sub_10814+85↑j
seg000:08DB             adc     [bx+si+2040h], al
seg000:08DF             add     [bx+si], al
seg000:08E2             inc     sp
seg000:08E3             inc     sp
seg000:08E4             mov     byte_1FF84[si], al
seg000:08E7             add     byte ptr byte_18244[bx+si], 80h
seg000:08EC             mov     byte_18280[bx+si], dl
seg000:08F0             xchg    byte ptr word_1FF80[si], al
seg000:08F3             inc     sp
seg000:08F4             nop
seg000:08F5             mov     [bx+si], ah
seg000:08F7             mov     [bx+si], ah
seg000:08F9             sub     byte ptr start+10h[si], al
seg000:08FC             inc     ax
seg000:08FD             add     byte ptr [si], 20h
seg000:0900             and     [bx+si], al
seg000:0902             add     byte_18088[bx+si], cl
seg000:0906             mov     byte_18840[bx+si], al
seg000:090A             mov     byte_19040[bx+si], al
seg000:090E             adc     byte ptr [bp-7778h+si], 88h
seg000:0913             mov     byte_14008[bx+si], al
seg000:0917             mov     [bx+si+54h], dl
seg000:091A             push    ax
seg000:091B             mov     byte ptr start+40h[bx+si], al
seg000:091E             add     byte ptr [bx+si], 0AAh
seg000:0922             add     [si], al
seg000:0925             db 0FFh
seg000:0926             db 0FFh
seg000:0927             inc     word ptr [bp+di]
seg000:0929             add     [bx+si], al
seg000:092B             lock add [bx+si], al
seg000:092E             add     [bp+di], al
seg000:0930             add     [bx+si], al
seg000:0932             rol     byte ptr [bp+di], 0
seg000:0935             db 0FFh
seg000:0936             cmp     al, ah
seg000:0938             pop     es
seg000:0939             add     [bx+si], al
seg000:093B             jmp     word ptr word_1FFF0[bx+si]
seg000:093E             add     [bx+si], al
seg000:0940             add     [bx+si], al
seg000:0942             add     [bx+si], bl
seg000:0944             add     [bp], ah
seg000:0947             inc     si
seg000:0948             cmp     ax, [bx+si]
seg000:094A             push    cs
seg000:094B             jo      short loc_1094D
seg000:094D
seg000:094D loc_1094D:                              ; CODE XREF: sub_10814+137↑j
seg000:094D             add     [bx+si], bl         ; CODE XREF: sub_10814+137↑j
seg000:094F             add     [bx+si], bl
seg000:0951             add     byte ptr start+10h[si], bh
seg000:0954             jl      short loc_109D2
seg000:0956             or      [si+7Ch], bh
seg000:0959             adc     byte ptr start+4h[si], bh
seg000:095C             sbb     [bx+si], bl
seg000:095E             push    cs
seg000:095F             add     byte ptr start+18h[bx+si], dh
seg000:0962             out     0FCh, ax
seg000:0965             cmp     al, 0FCh
seg000:0967             db 0FEh
seg000:0968             db 0F0h
seg000:0969             jl      short loc_10952
seg000:096B             jle     short loc_109E5
seg000:096D             idiv    si
seg000:096F             db 0C6h
seg000:0970             out     3Ch, ax
seg000:0972             db 0F0h
seg000:0973             idiv    word ptr ss:start+3Ch[si]
seg000:0977             cmp     al, 18h
seg000:0979             mov     bl, 18h
seg000:097C             db 0FEh
seg000:097D             push    ds
seg000:097E             push    es
seg000:097F             js      short loc_10981
seg000:0981
seg000:0981 loc_10981:                              ; CODE XREF: sub_10814+16B↑j
seg000:0981             add     [si], bh            ; CODE XREF: sub_10814+16B↑j
seg000:0983             aas
seg000:0984             cld
seg000:0985             cmp     al, 76h
seg000:0987             xor     ds:byte_1FFF7[bx+si], ah
seg000:098B             cmp     al, 66h
seg000:098D             idiv    byte ptr [si]
seg000:098F             db 0C6h
seg000:0990             idiv    word ptr [si]
seg000:0992             pushaw
seg000:0993
seg000:0993 loc_10993:                              ; CODE XREF: sub_10814+1F5↓j
seg000:0993             or      al, 0F0h            ; CODE XREF: sub_10814+1F5↓j
seg000:0995
seg000:0995 loc_10995:                              ; CODE XREF: sub_10814+1FF↓j
seg000:0995             jl      short loc_109A5     ; CODE XREF: sub_10814+1FF↓j
seg000:0997             cmp     bx, [bx+si]
seg000:0999             insb
seg000:099A             push    es
seg000:099C             jle     short loc_109DA
seg000:099E             sbb     [bx+si], al
seg000:09A0             or      [bx+si], al
seg000:09A2             add     al, ah
seg000:09A4             add     [bx+si], al
seg000:09A6             add     [bx+si], al
seg000:09A8             add     [bx+si], al
seg000:09AA             add     [bx+si], al
seg000:09AC             add     [bx+si], al
seg000:09AE             add     [bx+si], al
seg000:09B0             add     [bx+si], al
seg000:09B2             add     [bx+si], al
seg000:09B4             add     [bx+si], al
seg000:09B6             add     [bx+si], al
seg000:09B8             add     [bx+si], al
seg000:09BA             add     [bx+si], al
seg000:09BC             add     [bx+si], al
seg000:09BE             add     [bx+si], al
seg000:09C0             add     [bx+si], al
seg000:09C2             add     byte_14800[bx+si], al
seg000:09C6             and     byte ptr start+3Ah[si], al
seg000:09CA             inc     ax
seg000:09CB             add     byte ptr [bx+si], 0
seg000:09CE             inc     ax
seg000:09CF             add     byte_13880[bx+si], al
seg000:09D3             inc     ax
seg000:09D4             clc
seg000:09D5             jo      short loc_109DF
seg000:09D7             jo      short loc_10A49
seg000:09D9             xor     byte ptr [bx+si+60h], 0
seg000:09DD             adc     byte ptr [bx+si], 0
seg000:09E0             and     byte ptr [bx+si], 38h
seg000:09E3             xor     al, 38h
seg000:09E6             clc
seg000:09E7             clc
seg000:09E8             cmp     byte ptr [bx+si], 82h
seg000:09EB             xor     byte ptr byte_1FF88[bx+si], 0F8h
seg000:09EF             add     byte ptr [bp-7FC8h+si], 3Ah
seg000:09F4             mov     byte ptr start+20h[bx+si], dh
seg000:09F7             jo      short loc_10A19
seg000:09F9             sub     [bp-1F0h+si], al
seg000:09FD             loopne  loc_10A01
seg000:09FF             loopne  loc_10A21
seg000:0A01
seg000:0A01 loc_10A01:                              ; CODE XREF: sub_10814+1E9↑j
seg000:0A01             add     [bx+si], al         ; CODE XREF: sub_10814+1E9↑j
seg000:0A03             js      short loc_109F5
seg000:0A05             jo      short loc_10A7F
seg000:0A07             jo      short loc_10A49
seg000:0A09             js      short loc_10993
seg000:0A0B             add     byte ptr byte_1FF88[bx+si], 80h
seg000:0A0F             xchg    dx, ax
seg000:0A10             mov     byte ptr word_1FFF0[bx+si], dh
seg000:0A13             js      short loc_10995
seg000:0A15             db 0F0h
seg000:0A16             inc     ax
seg000:0A17             js      short loc_10A39
seg000:0A19
seg000:0A19 loc_10A19:                              ; CODE XREF: sub_10814+1E3↑j
seg000:0A19             sub     byte_1F878[bx+si], cl; CODE XREF: sub_10814+1E3↑j
seg000:0A1D             and     [bx+si+80h], al
seg000:0A21
seg000:0A21 loc_10A21:                              ; CODE XREF: sub_10814+1EB↑j
seg000:0A21             push    bp                  ; CODE XREF: sub_10814+1EB↑j
seg000:0A22             add     [bx+si], al
seg000:0A24             add     [bx+si], al
seg000:0A26             db 0FFh
seg000:0A27             inc     word ptr [bp+di]
seg000:0A29             add     [bx+si], al
seg000:0A2B             lock add [bx+si], al
seg000:0A2E             add     [bp+di], al
seg000:0A30             add     [bx+si], al
seg000:0A32             add     byte ptr [bx+di], 0
seg000:0A35             inc     word ptr [bx+si]
seg000:0A37             loopne  loc_10A40
seg000:0A39
seg000:0A39 loc_10A39:                              ; CODE XREF: sub_10814+203↑j
seg000:0A39             add     [bx+si], al         ; CODE XREF: sub_10814+203↑j
seg000:0A3B             inc     word ptr [bx+si]
seg000:0A3D             lock add [bx+si], al
seg000:0A40
seg000:0A40 loc_10A40:                              ; CODE XREF: sub_10814+223↑j
seg000:0A40             add     [bx+si], al         ; CODE XREF: sub_10814+223↑j
seg000:0A42             add     [bx+si], al
seg000:0A44             add     [bx+si], al
seg000:0A46             add     [bx+si], al
seg000:0A48             add     [bx+si], al
seg000:0A4A             add     [bx+si], al
seg000:0A4C             add     [bx+si], al
seg000:0A4E             xor     [bx+si], al
seg000:0A50             add     [bx+si], al
seg000:0A52             add     [bx+si], al
seg000:0A54             add     [bx+si], al
seg000:0A56             add     [bx+si], al
seg000:0A58             add     [bx+si], al
seg000:0A5A             add     [bx+si], al
seg000:0A5C             add     [bx+si], dh
seg000:0A5E             add     [bx+si], al
seg000:0A60             add     [bx+si], al
seg000:0A62             add     [bx+si], al
seg000:0A64             add     [bx+si], al
seg000:0A66             add     [bx+si], al
seg000:0A68             add     [bx+si], al
seg000:0A6A             add     [bx+si], al
seg000:0A6C             add     [bx+si], al
seg000:0A6E             add     [bx+si], al
seg000:0A70             add     [bx+si], al
seg000:0A72             add     [bx+di], al
seg000:0A74             add     [bx+si], al
seg000:0A76             add     [bx+si], al
seg000:0A78             add     [bx+si], al
seg000:0A7A             add     [bx+si], al
seg000:0A7C             add     [bx+si], al
seg000:0A7E             add     [bx+si], al
seg000:0A80             add     [bx+si], al
seg000:0A82             add     [bx+si], al
seg000:0A84             add     [bx+si], al
seg000:0A86             add     [bx+si], al
seg000:0A88             add     [bp], bh
seg000:0A8B             add     [si], bh
seg000:0A8D             add     [bx+si], al
seg000:0A8F             add     [bx+si], al
seg000:0A91             add     al, dh
seg000:0A93             push    cs
seg000:0A94             add     [bx+si], al
seg000:0A96             add     [bx+si], al
seg000:0A98             add     [bx+si], al
seg000:0A9A             add     [si], bh
seg000:0A9D             add     [bx+si], bl
seg000:0A9F             add     [bx+si], al
seg000:0AA1             add     [bx+si], al
seg000:0AA3             add     [bx+si], al
seg000:0AA5             add     [bx+si], al
seg000:0AA7             add     [bx+si], al
seg000:0AA9             add     [bx+si], al
seg000:0AAB             add     [bx+si], al
seg000:0AAD             add     [bx+si], al
seg000:0AAF             add     [bx+si], al
seg000:0AB1             add     [bx+si], al
seg000:0AB3             add     [bx+si], al
seg000:0AB5             add     [bx+si], al
seg000:0AB7             add     [bx+si], al
seg000:0AB9             add     [bx+si], al
seg000:0ABB             add     [bx+si], al
seg000:0ABD             add     [bx+si], al
seg000:0ABF             add     [bx+si], al
seg000:0AC1             add     [bx+si], al
seg000:0AC3             add     [bx+si], al
seg000:0AC5             add     [bx+si], al
seg000:0AC7             add     [bx+si], al
seg000:0AC9             add     [bx+si], al
seg000:0ACB             add     [bx+si], al
seg000:0ACD             add     byte ptr start[bx+si], al
seg000:0AD1             add     [bx+si], al
seg000:0AD3             add     [bx+si], al
seg000:0AD5             add     [bx+si], al
seg000:0AD7             add     [bx+si], al
seg000:0AD9             add     [bx+si], al
seg000:0ADB             add     [bx+si], al
seg000:0ADD             add     [bx+si], al
seg000:0ADF             add     [bx+si], al
seg000:0AE1             add     [bx+si], al
seg000:0AE3             add     [bx+si], al
seg000:0AE5             add     [bx+si], al
seg000:0AE7             add     [bx+si], al
seg000:0AE9             add     [bx+si], al
seg000:0AEB             add     [bx+si], al
seg000:0AED             add     [bx+si], al
seg000:0AEF             add     [bx+si], al
seg000:0AF1             add     [bx+si], al
seg000:0AF3             add     [bx+si], al
seg000:0AF5             add     [bx+si], al
seg000:0AF7             add     [bx+si], al
seg000:0AF9             add     [bx+si], al
seg000:0AFB             add     [bx+si], al
seg000:0AFD             add     [bx+si], al
seg000:0AFF             add     [bx+si], al
seg000:0B01             inc     word ptr [bx+si]
seg000:0B03             add     [bx+si], al
seg000:0B05             add     [bx+si], al
seg000:0B07             add     [bx+si], al
seg000:0B09             or      [bx+si], al
seg000:0B0B
seg000:0B0B loc_10B0B:                              ; CODE XREF: sub_10814+355↓j
seg000:0B0B             add     byte ptr start[bx+si], al; CODE XREF: sub_10814+355↓j
seg000:0B0F             add     [bx+si], al
seg000:0B11             add     byte ptr start+8h[bx+si], al
seg000:0B15             add     [bx+si], al
seg000:0B17             add     [bx+si], al
seg000:0B19             add     [bx+si], al
seg000:0B1B             or      [bx+si], al
seg000:0B1D             add     [bx+si], al
seg000:0B1F             add     [bx+si], al
seg000:0B21             stosb
seg000:0B22             add     byte_1A820[bx+si], ah
seg000:0B26             pop     ds
seg000:0B27
seg000:0B27 loc_10B27:                              ; CODE XREF: sub_10814+351↓j
seg000:0B27             loopne  loc_10B29           ; CODE XREF: sub_10814+351↓j
seg000:0B29 loc_10B29       db 0FFh                 ; CODE XREF: sub_10814:loc_10B27↑j
seg000:0B2A             push    ax
seg000:0B2C             cld
seg000:0B2D             lock inc word ptr [bp+di]
seg000:0B30             add     [bx+si], al
seg000:0B32             add     byte ptr [bx+di], 0
seg000:0B35             db 0FFh
seg000:0B36
seg000:0B36 loc_10B36:                              ; CODE XREF: sub_10814+340↓j
seg000:0B36             cmp     al, ah              ; CODE XREF: sub_10814+340↓j
seg000:0B38             pop     es
seg000:0B39             db 0FFh
seg000:0B3A             inc     word ptr [bx+si]
seg000:0B3C             add     [bx+si], ax
seg000:0B3E             nop     ax
seg000:0B41             lock add [bx+si], al
seg000:0B44             add     [bx+si], bh
seg000:0B47             add     [si], bl
seg000:0B49
seg000:0B49 loc_10B49:                              ; CODE XREF: sub_10814+353↓j
seg000:0B49             cmp     [bx+si], al         ; CODE XREF: sub_10814+353↓j
seg000:0B4B             add     [bx+si], al
seg000:0B4D             add     [bx+si], al
seg000:0B4F             add     [bx+si], al
seg000:0B51             out     dx, al
seg000:0B52             loopne  loc_10B94
seg000:0B54             loopne  loc_10B36
seg000:0B56             mov     al, byte_180E0
seg000:0B59             loopne  loc_10B3B
seg000:0B5B             loopne  loc_10B5D
seg000:0B5D
seg000:0B5D loc_10B5D:                              ; CODE XREF: sub_10814+347↑j
seg000:0B5D             add     byte_17000, cl      ; CODE XREF: sub_10814+347↑j
seg000:0B61             add     [bx+si], al
seg000:0B63             loopne  loc_10B45
seg000:0B65             loopne  loc_10B27
seg000:0B67             loopne  loc_10B49
seg000:0B69             loopne  loc_10B0B
seg000:0B6B             loopne  loc_10BCD
seg000:0B6D             mov     al, byte_1A080
seg000:0B70             shl     al, 0E0h
seg000:0B73             loopne  loc_10B55
seg000:0B75             loopne  loc_10B57
seg000:0B77             mov     al, byte_1A0A0
seg000:0B7A             mov     al, byte_1E0A0
seg000:0B7D             add     [bx+si], al
seg000:0B7F             add     [bx+si], al
seg000:0B81             add     [si], bh
seg000:0B83             add     al, ah
seg000:0B85             add     byte ptr ds:1C00h, cl
seg000:0B89             add     al, ah
seg000:0B8B             sbb     byte_138E0, al
seg000:0B8F             add     [bx+si], al
seg000:0B91             add     [bx+si], al
seg000:0B93             add     [bx+si], al
seg000:0B95             add     [bx+si], bl
seg000:0B97             add     [bx+si], al
seg000:0B99             add     [bx+si], al
seg000:0B9B             add     [bx+si], al
seg000:0B9D             add     [bx+si], bl
seg000:0B9F             add     [bx+si], cl
seg000:0BA1             adc     [bx+si], al
seg000:0BA3             add     [bx+si], ah
seg000:0BA5             inc     ax
seg000:0BA6             add     [bx+si], al
seg000:0BA8             add     [bx+si], al
seg000:0BAA             add     [bx+si], al
seg000:0BAC             add     [bx+si], al
seg000:0BAE             add     [bx+si], al
seg000:0BB0             add     [bx+si], al
seg000:0BB2             add     [bx+si], al
seg000:0BB4             add     [bx+si], al
seg000:0BB6             add     [bx+si], al
seg000:0BB8             add     [bx+si], al
seg000:0BBA             add     [bx+si], al
seg000:0BBC             add     [bx+si], al
seg000:0BBE             add     [bx+si], al
seg000:0BC0             add     [bx+si], al
seg000:0BC2             add     byte_150A0[bx+si], al
seg000:0BC6             inc     ax
seg000:0BC7             rol     byte ptr word_1FF80[bx+si], 1
seg000:0BCA             inc     ax
seg000:0BCB             sub     byte ptr start[bx+si], 0
seg000:0BD0             add     [bx+si], ah
seg000:0BD2             pushaw
seg000:0BD3             shl     al, 0E0h
seg000:0BD6             xor     al, dh
seg000:0BD8
seg000:0BD8 loc_10BD8:                              ; CODE XREF: sub_10814+3D2↓j
seg000:0BD8             pushaw                      ; CODE XREF: sub_10814+3D2↓j
seg000:0BD9             db 0F0h
seg000:0BDA             pushaw
seg000:0BDB             pushaw
seg000:0BDC             add     [bx+si], al
seg000:0BDE             and     [bx+si], al
seg000:0BE0             and     al, 60h
seg000:0BE3             pushaw
seg000:0BE4             loopne  loc_10C46
seg000:0BE6             loopne  loc_10BD8
seg000:0BE8             db 0F0h
seg000:0BE9             pushaw
seg000:0BEA             nop
seg000:0BEB             adc     byte ptr [bx+si], 90h
seg000:0BEE             or      byte ptr byte_16090[bx+si], 0E0h
seg000:0BF3             pushaw
seg000:0BF4             loopne  loc_10C66
seg000:0BF6             loopne  loc_10B88
seg000:0BF8             mov     byte_18888[bx+si], cl
seg000:0BFC             clc
seg000:0BFD             rol     byte ptr byte_140C0[bx+si], 0
seg000:0C02             add     byte ptr [bx+si], 80h
seg000:0C05             add     [bx+si], ah
seg000:0C07             add     [bx+si], al
seg000:0C0A             add     byte ptr [bx+si], 0
seg000:0C0D             add     byte ptr start[bx+si], 0
seg000:0C12             add     [bx+si], al
seg000:0C14             add     [bx+si], al
seg000:0C16             inc     ax
seg000:0C17             add     [bx+si], al
seg000:0C19             add     [bx+si], al
seg000:0C1B             add     [bx+si], al
seg000:0C1D             and     [bx+si+80h], al
seg000:0C21             mov     al, byte_1A000
seg000:0C24             and     [bp-781h+di], ch
seg000:0C28             add     bh, bh
seg000:0C2A             push    ax
seg000:0C2C             cld
seg000:0C2D             lock inc word ptr [bp+di]
seg000:0C30             add     [bx+si], al
seg000:0C32             rol     byte ptr [bp+di], 0
seg000:0C35             call    dword ptr dword_1FFE0[si]
seg000:0C38             pop     es
seg000:0C39             db 0FFh
seg000:0C3A             inc     word ptr [bx+si]
seg000:0C3C             add     ax, [bx+si]
seg000:0C3E             nop     ax
seg000:0C41             add     [bx+si], al
seg000:0C43             sbb     ah, cl
seg000:0C45             insb
seg000:0C47             cmp     ss:byte_16670, cl
seg000:0C4D             sbb     [bx+si], al
seg000:0C4F             rol     byte ptr [bx+si], 0EEh
seg000:0C52             mov     al, byte ptr ds:2040h
seg000:0C55             pushaw
seg000:0C56             mov     al, byte_18080
seg000:0C59             and     al, ah
seg000:0C5B             loopne  loc_10C5D
seg000:0C5D
seg000:0C5D loc_10C5D:                              ; CODE XREF: sub_10814+447↑j
seg000:0C5D             inc     ax                  ; CODE XREF: sub_10814+447↑j
seg000:0C5E             sbb     [bx+si], al
seg000:0C60             sbb     [si], bh
seg000:0C62             cmp     al, 0A0h
seg000:0C64             mov     al, byte_1A080
seg000:0C67             add     byte ptr byte_1A080[bx+si], 40h
seg000:0C6C             and     al, al
seg000:0C6E             and     al, 0A0h
seg000:0C71             mov     al, byte_1A0A0
seg000:0C74             mov     al, byte_14080
seg000:0C77             mov     al, byte_1A0A0
seg000:0C7A             mov     al, byte ptr ds:20A0h
seg000:0C7D             push    ds
seg000:0C7E             inc     ax
seg000:0C7F             js      short loc_10C89
seg000:0C81             add     [bp], ah
seg000:0C84             pushaw
seg000:0C85             add     [si], cl
seg000:0C87             add     [bx+si], dh
seg000:0C89
seg000:0C89 loc_10C89:                              ; CODE XREF: sub_10814+46B↑j
seg000:0C89             push    es                  ; CODE XREF: sub_10814+46B↑j
seg000:0C8A             pushaw
seg000:0C8B             add     [bx+si], al
seg000:0C8D             pushaw
seg000:0C8E             sbb     [bx+si], al
seg000:0C90             add     [bx+si], al
seg000:0C92             add     [bx+si], al
seg000:0C94             add     [bx+si], al
seg000:0C96             sbb     [bx+si], al
seg000:0C98             add     [bx+si], al
seg000:0C9A             add     [bx+si], al
seg000:0C9C             add     [bx+si], bl
seg000:0C9E             sbb     [bx+si], al
seg000:0CA0             sbb     [bx+si], al
seg000:0CA2             add     [bx+si], al
seg000:0CA4             inc     ax
seg000:0CA5             and     [bx+si], al
seg000:0CA7             add     [bx+si], al
seg000:0CA9             add     [bx+si], al
seg000:0CAB             add     [bx+si], al
seg000:0CAD             add     [bx+si], al
seg000:0CAF             add     [bx+si], al
seg000:0CB1             add     [bx+si], al
seg000:0CB3             add     [bx+si], al
seg000:0CB5             add     [bx+si], al
seg000:0CB7             add     [bx+si], al
seg000:0CB9             add     [bx+si], al
seg000:0CBB             add     [bx+si], al
seg000:0CBD             add     [bx+si], al
seg000:0CBF             add     [bx+si], al
seg000:0CC1             add     [bx+si], al
seg000:0CC3             and     byte ptr byte_1E0F0[bx+si], 0E0h
seg000:0CC8             mov     al, byte_18080
seg000:0CCB             inc     ax
seg000:0CCC             jo      short loc_10D0E
seg000:0CCE             add     [bx+si], al
seg000:0CD0             add     [bx+si], ah
seg000:0CD2             nop
seg000:0CD3             inc     ax
seg000:0CD4             adc     [bx+si], dl
seg000:0CD6             push    ax
seg000:0CD7             add     byte ptr byte_19010[bx+si], 90h
seg000:0CDC             add     byte ptr start+40h[bx+si], 0E0h
seg000:0CE0             inc     ax
seg000:0CE1             adc     al, dh
seg000:0CE3             nop
seg000:0CE4             nop
seg000:0CE5             nop
seg000:0CE6             nop
seg000:0CE7             add     byte ptr byte_19080[bx+si], 80h
seg000:0CEC             adc     byte_1D880[bx+si], ah
seg000:0CF0             rcl     byte ptr byte_19090[bx+si], 1
seg000:0CF4             nop
seg000:0CF5             add     byte ptr byte_1FF90[bx+si], 88h
seg000:0CF9             mov     [bx+si+50h], dl
seg000:0CFC             adc     byte_14040[bx+si], al
seg000:0D00             loopne  loc_10D42
seg000:0D02             add     byte_1FFC0[bx+si], ah
seg000:0D05             pushaw
seg000:0D06             pushaw
seg000:0D07             inc     ax
seg000:0D08             and     byte ptr byte_1FFC0[bx+si], 80h
seg000:0D0C             inc     ax
seg000:0D0D             mov     al, byte_1D080
seg000:0D10             rol     byte ptr byte_1FFC0[bx+si], 60h
seg000:0D14             loopne  loc_10D76
seg000:0D16             loopne  loc_10CB8
seg000:0D18             mov     al, byte_1A0A8
seg000:0D1B             mov     al, byte_140E0
seg000:0D1E             add     byte ptr [bx+si], 50h
seg000:0D22             add     al, al
seg000:0D24             and     [bp-301h+di], ch
seg000:0D28             add     bh, bh
seg000:0D2A             add     al, dh
seg000:0D2C             cld
seg000:0D2D             lock inc word ptr [bp+di]
seg000:0D30             add     [bx+si], al
seg000:0D32             db 0F0h
seg000:0D33             db  0Fh
seg000:0D34             add     bh, bh
seg000:0D36             mov     si, 7E0h
seg000:0D39             add     bh, bh
seg000:0D3B             add     byte ptr ds:0F00h, al
seg000:0D3F             sbb     al, dh
seg000:0D41             add     [bx+si], al
seg000:0D43             sbb     dh, ch
seg000:0D45             jmp     dword ptr [si+6Ch]
seg000:0D48             sbb     al, 18h
seg000:0D4A             sbb     al, 38h
seg000:0D4C             cmp     al, 18h
seg000:0D4E             add     [bx+si], al
seg000:0D50             add     [bp-60h], ah
seg000:0D53             inc     ax
seg000:0D54             shl     byte ptr [bx+si], 0E0h
seg000:0D57             pushaw
seg000:0D58             loopne  loc_10D9A
seg000:0D5A             mov     al, byte ptr ds:1820h
seg000:0D5D             add     [bx+si], dh
seg000:0D5F             jle     short loc_10D6D
seg000:0D61             loopne  loc_10D25
seg000:0D65             and     byte ptr byte_1C0E0[bx+si], 0A0h
seg000:0D6A             loopne  loc_10DAC
seg000:0D6C             and     al, al
seg000:0D6E             and     byte ptr byte_1A0A0[bx+si], 0E0h
seg000:0D73             mov     al, byte_1E0C0
seg000:0D76
seg000:0D76 loc_10D76:                              ; CODE XREF: sub_10814+500↑j
seg000:0D76             inc     ax                  ; CODE XREF: sub_10814+500↑j
seg000:0D77             mov     al, byte_1E0A0
seg000:0D7A             mov     al, byte_140E0
seg000:0D7D             sbb     byte ptr start+18h[bx+si], ah
seg000:0D80             sbb     al, 0
seg000:0D82             outsb
seg000:0D83             cmp     al, 7Ch
seg000:0D85             jl      loc_10DC4
seg000:0D88             xor     [si], bh
seg000:0D8A             jl      short loc_10DC4
seg000:0D8C             push    cs
seg000:0D8D             insb
seg000:0D8E             sbb     ah, cl
seg000:0D90             cld
seg000:0D91             cmp     al, 0FCh
seg000:0D93             jle     short loc_10D71
seg000:0D95             jle     loc_10D86
seg000:0D98             db  66h ; f
seg000:0D99             db 0C6h
seg000:0D9A
seg000:0D9A loc_10D9A:                              ; CODE XREF: sub_10814+544↑j
seg000:0D9A             jle     loc_10DDA           ; CODE XREF: sub_10814+544↑j
seg000:0D9E             sbb     [bx+si], al
seg000:0DA0             cmp     [bx+si], al
seg000:0DA2             add     [bx+si], al
seg000:0DA4             lock add [bx+si], al
seg000:0DA8             add     [bx+si], al
seg000:0DAA             add     [bx+si], al
seg000:0DAC
seg000:0DAC loc_10DAC:                              ; CODE XREF: sub_10814+556↑j
seg000:0DAC             add     [bx+si], al         ; CODE XREF: sub_10814+556↑j
seg000:0DAE             add     [bx+si], al
seg000:0DB0             add     [bx+si], al
seg000:0DB2             add     [bx+si], al
seg000:0DB4             add     [bx+si], al
seg000:0DB6             add     [bx+si], al
seg000:0DB8             add     [bx+si], al
seg000:0DBA             add     [bx+si], al
seg000:0DBC             add     [bx+si], al
seg000:0DBE             add     [bx+si], al
seg000:0DC0             add     [bx+si], al
seg000:0DC2             add     byte_15000[bx+si], al
seg000:0DC6             loopne  loc_10DE8
seg000:0DC8             jo      short loc_10DCA
seg000:0DCA
seg000:0DCA loc_10DCA:                              ; CODE XREF: sub_10814+5B4↑j
seg000:0DCA             add     byte ptr byte_1FFF8[bx+si], 0E0h; CODE XREF: sub_10814+5B4↑j
seg000:0DCE             add     al, ah
seg000:0DD0             add     byte_1FF90[bx+si], al
seg000:0DD3             inc     ax
seg000:0DD4             pushaw
seg000:0DD5             pushaw
seg000:0DD6             db 0F0h
seg000:0DD7             loopne  loc_10DB9
seg000:0DD9             and     [bx+si+70h], ah
seg000:0DDC             add     [bx+si], al
seg000:0DDE             add     byte ptr [bx+si], 20h
seg000:0DE1             and     byte_1E0F0[bx+si], dl
seg000:0DE5             adc     byte ptr byte_1F0F0[bx+si], 0B0h
seg000:0DEA             lock adc byte ptr [bx+si], 0C0h
seg000:0DEE             sub     byte ptr byte_190B0[bx+si], 0E0h
seg000:0DF3             nop
seg000:0DF4             loopne  loc_10E56
seg000:0DF6             inc     ax
seg000:0DF7             nop
seg000:0DF8             push    ax
seg000:0DF9             test    al, 20h
seg000:0DFB             and     [bx+si], ah
seg000:0DFD             and     byte ptr [bx+si], 40h
seg000:0E00             inc     ax
seg000:0E01             lock add byte_180A0[bx+si], ah
seg000:0E06             mov     al, byte_1C0E0
seg000:0E09             mov     al, byte_180A0
seg000:0E0C             inc     ax
seg000:0E0D             rol     byte ptr byte_1A0A8[bx+si], 0A0h
seg000:0E12             mov     al, byte_180A0
seg000:0E15             rol     byte ptr byte_1FFA0[bx+si], 0A0h
seg000:0E19             test    al, 40h
seg000:0E1B             mov     al, byte_1C020
seg000:0E1E             and     byte ptr dword_1FFE0[bx+si], 0A0h
seg000:0E22             add     byte_1AB00[bx+si], ah
seg000:0E26             db 0FFh
seg000:0E27             inc     byte ptr [bx+di]
seg000:0E29             inc     word ptr [bx+si]
seg000:0E2B             db 0F0h
seg000:0E2C             cld
seg000:0E2D             lock inc word ptr [bp+di]
seg000:0E30             inc     word ptr [bx+si]
seg000:0E32             db 0FFh
seg000:0E33             db 0FFh
seg000:0E34             db 0FFh
seg000:0E35             db 0FFh
seg000:0E36 loc_10E36       db 0FEh                 ; CODE XREF: sub_10814+640↓j
seg000:0E37             loopne  loc_10E40
seg000:0E39             add     [bx+si], al
seg000:0E3B             add     [si], ch
seg000:0E3E             psubb   mm6, mm0
seg000:0E41             add     [bx+si], al
seg000:0E43             sbb     dh, ch
seg000:0E45             cmp     [bx+si], bl
seg000:0E48             cmp     [bx+si], dh
seg000:0E4A             sbb     [bx+si], bl
seg000:0E4C             db 0FFh
seg000:0E4D             jle     short loc_10E4F
seg000:0E4F
seg000:0E4F loc_10E4F:                              ; CODE XREF: sub_10814+639↑j
seg000:0E4F             add     byte_1FFCC[bx+si], al; CODE XREF: sub_10814+639↑j
seg000:0E52             loopne  loc_10E94
seg000:0E54             loopne  loc_10E36
seg000:0E56
seg000:0E56 loc_10E56:                              ; CODE XREF: sub_10814+5E0↑j
seg000:0E56             and     al, ah              ; CODE XREF: sub_10814+5E0↑j
seg000:0E58             loopne  loc_10E9A
seg000:0E5A             loopne  loc_10E7C
seg000:0E5C             sbb     [bx+si+60h], al
seg000:0E5F             add     byte_16E0C, al
seg000:0E63             mov     al, byte_180A0
seg000:0E66             mov     al, byte_18080
seg000:0E69             loopne  loc_10E0B
seg000:0E6B             inc     ax
seg000:0E6C             mov     al, byte_180A0
seg000:0E6F             mov     al, byte_1A0A0
seg000:0E72             and     byte ptr [bx+si+20A0h], 40h
seg000:0E77             mov     al, byte_1E0A0
seg000:0E7A             mov     al, byte_18040
seg000:0E7D             sbb     [bx+si], dh
seg000:0E7F             sbb     byte_16E00, dh
seg000:0E83             push    es
seg000:0E84             int3
seg000:0E87             jl      loc_10EF0
seg000:0E8A             sbb     byte ptr ds:1878h, al
seg000:0E8F             db 0FEh
seg000:0E90             int3
seg000:0E94 ; ---------------------------------------------------------------------------
seg000:0E94
seg000:0E94 loc_10E94:                              ; CODE XREF: sub_10814+63E↑j
seg000:0E94             pushal                      ; CODE XREF: sub_10814+63E↑j
seg000:0E96             sbb     [bp+66h], ah
seg000:0E99             salc
seg000:0E9A
seg000:0E9A loc_10E9A:                              ; CODE XREF: sub_10814+644↑j
seg000:0E9A             cmp     al, 66h             ; CODE XREF: sub_10814+644↑j
seg000:0E9C             dec     sp
seg000:0E9D             jle     short loc_10EB7
seg000:0E9F             sbb     [bx+si], bh
seg000:0EA2             add     [bx+si], al
seg000:0EA4             inc     ax
seg000:0EA5             and     [bx+si], al
seg000:0EA7             add     [bx+si], al
seg000:0EA9             add     [bx+si], al
seg000:0EAB             add     [bx+si], al
seg000:0EAD             add     [bx+si], al
seg000:0EAF             add     [bx+si], al
seg000:0EB1             add     [bx+si], al
seg000:0EB3             add     [bx+si], al
seg000:0EB5             add     [bx+si], al
seg000:0EB7
seg000:0EB7 loc_10EB7:                              ; CODE XREF: sub_10814+689↑j
seg000:0EB7             add     [bx+si], al         ; CODE XREF: sub_10814+689↑j
seg000:0EB9             add     [bx+si], al
seg000:0EBB             add     [bx+si], al
seg000:0EBD             add     [bx+si], al
seg000:0EBF             add     [bx+si], al
seg000:0EC1             add     [bx+si], al
seg000:0EC3             add     [bx+si], al
seg000:0EC5             lock and byte_1FFA0[bx+si], dh
seg000:0EC9             add     byte_17040[bx+si], al
seg000:0ECD             inc     ax
seg000:0ECE             add     [bx+si], al
seg000:0ED0             add     byte_14090[bx+si], al
seg000:0ED4             adc     byte ptr [bx+si], 10h
seg000:0ED7             adc     byte_19040[bx+si], dl
seg000:0EDB             adc     byte_14040[bx+si], al
seg000:0EDF             loopne  loc_10F21
seg000:0EE1             inc     ax
seg000:0EE2             nop
seg000:0EE3             nop
seg000:0EE4             nop
seg000:0EE5             nop
seg000:0EE6             nop
seg000:0EE7             add     byte ptr byte_19090[bx+si], 80h
seg000:0EEC             nop
seg000:0EED             mov     al, byte_18880
seg000:0EF0
seg000:0EF0 loc_10EF0:                              ; CODE XREF: sub_10814+673↑j
seg000:0EF0             nop                         ; CODE XREF: sub_10814+673↑j
seg000:0EF1             nop
seg000:0EF2             xor     byte ptr [bx+si+1090h], 40h
seg000:0EF7             nop
seg000:0EF8             push    ax
seg000:0EF9             test    al, 50h
seg000:0EFB             and     byte ptr word_1FF80[bx+si], al
seg000:0EFE             adc     byte ptr start+40h[bx+si], al
seg000:0F01             inc     ax
seg000:0F02             add     byte_180A0[bx+si], ah
seg000:0F06             mov     al, byte_18080
seg000:0F09             mov     al, byte_180A0
seg000:0F0C             inc     ax
seg000:0F0D             rol     byte ptr byte_1A0A8[bx+si], 0A0h
seg000:0F12             mov     al, byte_180A0
seg000:0F15             and     byte_1FFA0[bx+si], al
seg000:0F18             inc     ax
seg000:0F19             test    al, 40h
seg000:0F1B             mov     al, byte_140C0
seg000:0F1E             add     byte ptr [bx+si], 50h
seg000:0F22             add     byte_1AB00[bx+si], ah
seg000:0F26             db 0FFh
seg000:0F27             inc     byte ptr [bx+di]
seg000:0F29             inc     word ptr [bx+si]
seg000:0F2B             db 0F0h
seg000:0F2C             cld
seg000:0F2D             lock inc word ptr [bp+di]
seg000:0F30             add     bh, bh
seg000:0F32             db 0FFh
seg000:0F33             db 0FFh
seg000:0F34             db 0FFh
seg000:0F35             db 0FFh
seg000:0F36             db 0FEh
seg000:0F37             loopne  loc_10F40
seg000:0F39             add     [bx+si], al
seg000:0F3B             add     byte ptr word_1FFF0[bx+si], bh
seg000:0F3E             add     al, bh
seg000:0F40
seg000:0F40 loc_10F40:                              ; CODE XREF: sub_10814+723↑j
seg000:0F40             add     [bx+si], al         ; CODE XREF: sub_10814+723↑j
seg000:0F42             add     [bx+si], bl
seg000:0F44             add     [bp], ah
seg000:0F47             xor     [bx], ch
seg000:0F4A             sbb     [bx+si], bl
seg000:0F4C             cmp     al, 18h
seg000:0F4E             add     [bx+si], al
seg000:0F50             add     [bx+si], al
seg000:0F52             add     [bx+si], al
seg000:0F54             add     [bx+si], al
seg000:0F56             add     [bx+si], al
seg000:0F58             add     [bx+si], al
seg000:0F5A             add     [bx+si], al
seg000:0F5C             add     [bx+si], al
seg000:0F5E             xor     [bx+si], al
seg000:0F60             or      al, 18h
seg000:0F62             outsb
seg000:0F63             mov     al, byte_1E0E0
seg000:0F66             shl     al, 80h
seg000:0F69             add     byte_1E0E0[bx+si], ah
seg000:0F6D             add     al, ah
seg000:0F6F             mov     al, byte_1E0A0
seg000:0F72             add     al, 0A0h
seg000:0F75             loopne  loc_10FB7
seg000:0F77             loopne  loc_10FB9
seg000:0F79             mov     al, byte_140A0
seg000:0F7C             loopne  loc_10F96
seg000:0F7E             sbb     [bx+si], bl
seg000:0F80             arpl    [bx+si], ax
seg000:0F82             pushaw
seg000:0F83             pushal
seg000:0F86             int3
seg000:0F87             jle     short loc_10FB9
seg000:0F89             sbb     byte ptr ds:1878h, al
seg000:0F8F             db 0FEh
seg000:0F90             int3
seg000:0F94             pushaw
seg000:0F95             cmp     al, 18h
seg000:0F97             db  66h ; f
seg000:0F98             db  66h ; f
seg000:0F99             db 0FEh
seg000:0F9A             sbb     [bp+18h], ah
seg000:0F9D             jle     short loc_10FB7
seg000:0F9F             sbb     [bx+si], bh
seg000:0FA1             add     [bx+si], al
seg000:0FA3             add     [bx+si], ah
seg000:0FA5             inc     ax
seg000:0FA6             add     [bx+si], al
seg000:0FA8             add     [bx+si], al
seg000:0FAA             add     [bx+si], al
seg000:0FAC             add     [bx+si], al
seg000:0FAE             add     [bx+si], al
seg000:0FB0             add     [bx+si], al
seg000:0FB2             add     [bx+si], al
seg000:0FB4             add     [bx+si], al
seg000:0FB6             add     [bx+si], al
seg000:0FB8             add     [bx+si], al
seg000:0FBA             add     [bx+si], al
seg000:0FBC             add     [bx+si], al
seg000:0FBE             add     [bx+si], al
seg000:0FC0             add     [bx+si], al
seg000:0FC2             add     byte_15000[bx+si], al
seg000:0FC6             loopne  loc_10F78
seg000:0FC8             jo      short loc_10FCA
seg000:0FCA
seg000:0FCA loc_10FCA:                              ; CODE XREF: sub_10814+7B4↑j
seg000:0FCA             inc     ax                  ; CODE XREF: sub_10814+7B4↑j
seg000:0FCB             sub     byte ptr byte_14000[bx+si], 0
seg000:0FD0             add     byte ptr byte_14060[bx+si], 0F0h
seg000:0FD5             loopne  loc_10FE7
seg000:0FD7             loopne  loc_11039
seg000:0FD9             and     byte ptr [bx+si+60h], 0
seg000:0FDD             and     byte ptr [bx+si], 0
seg000:0FE0             add     byte ptr [bx+si], 60h
seg000:0FE3             nop
seg000:0FE4             loopne  loc_11046
seg000:0FE6             loopne  loc_10FD8
seg000:0FE8             and     byte ptr byte_1FF90[bx+si], 80h
seg000:0FEC             pushaw
seg000:0FED             nop
seg000:0FEE             db 0F0h
seg000:0FEF             mov     byte_18060[bx+si], dl
seg000:0FF3             jo      short loc_10F85
seg000:0FF5             loopne  loc_11037
seg000:0FF7             pushaw
seg000:0FF8             and     byte_1FF88[bx+si], dl
seg000:0FFB             and     al, bh
seg000:0FFD             ror     byte ptr [bx+si], 0C0h
seg000:1000             inc     ax
seg000:1001             add     [bx+si], al
seg000:1003             pushaw
seg000:1004             shl     byte ptr [bx+si+60h], 60h
seg000:1008             and     byte ptr byte_1FFA0[bx+si], 80h
seg000:100C             inc     ax
seg000:100D             mov     al, byte_1A880
seg000:1010             mov     al, byte_1C040
seg000:1013             pushaw
seg000:1014             add     al, 40h
seg000:1017             pushaw
seg000:1018             inc     ax
seg000:1019             push    ax
seg000:101A             mov     al, byte_1E060
seg000:101D             and     [bx+si+80h], al
seg000:1021             mov     al, byte ptr start
seg000:1024             add     [bx+si], al
seg000:1026             add     [bx+si], al
seg000:1028             add     [bx+si], al
seg000:102A             add     [bx+si], al
seg000:102C             add     [bx+si], al
seg000:102E             add     [bx+si], al
seg000:1030             add     [bx+si], al
seg000:1032             add     [bx+si], al
seg000:1034             add     [bx+si], al
seg000:1036             add     [bx+si], al
seg000:1038             add     [bx+si], al
seg000:103A             add     [bx+si], al
seg000:103C             add     [bx+si], al
seg000:103E             add     [bx+si], al
seg000:1040             add     [bx+si], al
seg000:1042             add     [bx+si], al
seg000:1044             add     al, dh
seg000:1046
seg000:1046 loc_11046:                              ; CODE XREF: sub_10814+7D0↑j
seg000:1046             and     byte_1FFA0[bx+si], al; CODE XREF: sub_10814+7D0↑j
seg000:1049             add     byte_17040[bx+si], al
seg000:104D             inc     ax
seg000:104E             add     [bx+si], al
seg000:1050             add     byte_14090[bx+si], al
seg000:1054             adc     byte ptr [bx+si], 10h
seg000:1057             adc     byte_19040[bx+si], dl
seg000:105B             adc     byte_14040[bx+si], al
seg000:105F             loopne  loc_110A1
seg000:1061             inc     ax
seg000:1062             nop
seg000:1063             nop
seg000:1064             nop
seg000:1065             nop
seg000:1066             nop
seg000:1067             add     byte ptr byte_19090[bx+si], 80h
seg000:106C             nop
seg000:106D             mov     al, byte_18880
seg000:1070             nop
seg000:1071             nop
seg000:1072             xor     byte ptr [bx+si+1090h], 40h
seg000:1077             nop
seg000:1078             push    ax
seg000:1079             test    al, 50h
seg000:107B             and     byte ptr word_1FF80[bx+si], al
seg000:107E             adc     byte ptr start+40h[bx+si], al
seg000:1081             inc     ax
seg000:1082             add     byte_180A0[bx+si], ah
seg000:1086             mov     al, byte_18080
seg000:1089             mov     al, byte_180A0
seg000:108C             inc     ax
seg000:108D             rol     byte ptr byte_1A0A8[bx+si], 0A0h
seg000:1092             mov     al, byte_180A0
seg000:1095             and     byte_1FFA0[bx+si], al
seg000:1098             inc     ax
seg000:1099             test    al, 40h
seg000:109B             mov     al, byte_140C0
seg000:109E             add     byte ptr [bx+si], 50h
seg000:10A2             add     [bx+si], al
seg000:10A4             add     [bx+si], al
seg000:10A6             add     [bx+si], al
seg000:10A8             add     [bx+si], al
seg000:10AA             add     [bx+si], al
seg000:10AC             add     [bx+si], al
seg000:10AE             add     [bx+si], al
seg000:10B0             add     [bx+si], al
seg000:10B2             add     [bx+si], al
seg000:10B4             add     [bx+si], al
seg000:10B6             add     [bx+si], al
seg000:10B8             add     [bx+si], al
seg000:10BA             add     [bx+si], al
seg000:10BC             add     [bx+si], al
seg000:10BE             add     [bx+si], al
seg000:10C0             add     [bx+si], al
seg000:10C2             add     [bx+si], al
seg000:10C4             add     [bx+si], al
seg000:10C6             inc     ax
seg000:10C7             add     [bx+si], al
seg000:10C9             add     [bx+si], al
seg000:10CB             add     [bx+si], al
seg000:10CD             add     byte ptr start[bx+si], al
seg000:10D1             add     [bx+si], al
seg000:10D3             add     [bx+si], al
seg000:10D5             add     [bx+si], al
seg000:10D7             add     [bx+si], al
seg000:10D9             add     [bx+si], al
seg000:10DB             add     [bx+si], al
seg000:10DD             add     [bx+si], al
seg000:10DF             add     [bx+si], al
seg000:10E1             inc     ax
seg000:10E2             add     [bx+si], al
seg000:10E4             add     [bx+si], al
seg000:10E6             add     [bx+si], al
seg000:10E8             add     [bx+si], al
seg000:10EA             add     [bx+si], al
seg000:10EC             add     [bx+si], al
seg000:10EE             add     [bx+si], al
seg000:10F0             add     [bx+si], al
seg000:10F2             add     [bx+si], al
seg000:10F4             add     [bx+si], al
seg000:10F6             add     [bx+si], al
seg000:10F8
seg000:10F8 loc_110F8:                              ; CODE XREF: sub_10814+932↓j
seg000:10F8             add     [bx+si], al         ; CODE XREF: sub_10814+932↓j
seg000:10FA             add     [bx+si], al
seg000:10FC             add     [bx+si], al
seg000:10FE             add     [bx+si], al
seg000:1100             add     [bx+si], al
seg000:1102             add     [bx+si], al
seg000:1104             add     [bx+si], al
seg000:1106             add     [bx+si], al
seg000:1108             add     [bx+si], ah
seg000:110A             add     [bx+si], al
seg000:110C             add     byte ptr [bx+si], 0
seg000:110F             add     [bx+si], al
seg000:1111             add     byte ptr start+20h[bx+si], al
seg000:1115             add     [bx+si], al
seg000:1117             add     [bx+si], al
seg000:1119             add     [bx+si], al
seg000:111B             and     [bx+si], al
seg000:111D             add     [bx+si], al
seg000:111F             add     [bx+si], al
seg000:1121             push    ax
seg000:1122             add     [bx+si], al
seg000:1124             add     [bx+si], al
seg000:1126             add     [bx+si], al
seg000:1128             add     [bx+si], al
seg000:112A             add     [bx+si], al
seg000:112C             add     [bx+si], al
seg000:112E             add     [bx+si], al
seg000:1130             add     [bx+si], al
seg000:1132             add     [bx+si], al
seg000:1134             add     [bx+si], al
seg000:1136             add     [bx+si], al
seg000:1138             add     [bx+si], al
seg000:113A             add     [bx+si], al
seg000:113C             add     [bx+si], al
seg000:113E             add     [bx+si], al
seg000:1140             add     [bx+si], al
seg000:1142             add     byte_15000[bx+si], al
seg000:1146             loopne  loc_110F8
seg000:1148             jo      short loc_1114A
seg000:114A
seg000:114A loc_1114A:                              ; CODE XREF: sub_10814+934↑j
seg000:114A             inc     ax                  ; CODE XREF: sub_10814+934↑j
seg000:114B             sub     byte ptr byte_14000[bx+si], 0
seg000:1150             add     byte_14060[bx+si], al
seg000:1154             db 0F0h
seg000:1155             loopne  loc_11167
seg000:1157             loopne  loc_111B9
seg000:1159             and     byte ptr [bx+si+60h], 0
seg000:115D             and     byte ptr [bx+si], 0
seg000:1160             add     byte ptr [bx+si], 60h
seg000:1163             nop
seg000:1164             loopne  loc_111C6
seg000:1166             loopne  loc_11158
seg000:1168             and     byte ptr byte_1FF90[bx+si], 80h
seg000:116C             pushaw
seg000:116D             nop
seg000:116E             db 0F0h
seg000:116F             mov     byte_18060[bx+si], dl
seg000:1173             jo      short loc_11105
seg000:1175             loopne  loc_111B7
seg000:1177             pushaw
seg000:1178             and     byte_1FF88[bx+si], dl
seg000:117B             and     al, bh
seg000:117D             ror     byte ptr [bx+si], 0C0h
seg000:1180             inc     ax
seg000:1181             add     [bx+si], al
seg000:1183             pushaw
seg000:1184             shl     byte ptr [bx+si+60h], 60h
seg000:1188             and     byte ptr byte_1FFA0[bx+si], 80h
seg000:118C             inc     ax
seg000:118D             mov     al, byte_1A880
seg000:1190             mov     al, byte_1C040
seg000:1193             pushaw
seg000:1194             add     al, 40h
seg000:1197             pushaw
seg000:1198             inc     ax
seg000:1199             push    ax
seg000:119A             mov     al, byte_1E060
seg000:119D             and     [bx+si+80h], al
seg000:11A1             mov     al, byte ptr start
seg000:11A4             add     [bx+si], al
seg000:11A6             add     [bx+si], al
seg000:11A8             add     [bx+si], al
seg000:11AA             add     [bx+si], al
seg000:11AC             add     [bx+si], al
seg000:11AE             add     [bx+si], al
seg000:11B0             add     [bx+si], al
seg000:11B2             add     [bx+si], al
seg000:11B4             add     [bx+si], al
seg000:11B6             add     [bx+si], al
seg000:11B8             add     [bx+si], al
seg000:11BA             add     [bx+si], al
seg000:11BC             add     [bx+si], al
seg000:11BE             add     [bx+si], al
seg000:11C0             add     [bx+si], al
seg000:11C2             add     [bx+si], al
seg000:11C4             add     [bx+si], al
seg000:11C6
seg000:11C6 loc_111C6:                              ; CODE XREF: sub_10814+950↑j
seg000:11C6             add     [bx+si], al         ; CODE XREF: sub_10814+950↑j
seg000:11C8             add     [bx+si], al
seg000:11CA             add     [bx+si], al
seg000:11CC             add     [bx+si], al
seg000:11CE             add     [bx+si], al
seg000:11D0             add     [bx+si], al
seg000:11D2             add     [bx+si], al
seg000:11D4             add     [bx+si], al
seg000:11D6             add     [bx+si], al
seg000:11D8             add     [bx+si], al
seg000:11DA             add     [bx+si], al
seg000:11DC             add     [bx+si], al
seg000:11DE             add     [bx+si], al
seg000:11E0             add     [bx+si], al
seg000:11E2             add     [bx+si], al
seg000:11E4             add     [bx+si], al
seg000:11E6             add     [bx+si], al
seg000:11E8             add     [bx+si], al
seg000:11EA             add     [bx+si], al
seg000:11EC             add     [bx+si], al
seg000:11EE             add     [bx+si], al
seg000:11F0             add     [bx+si], al
seg000:11F2             add     [bx+si], al
seg000:11F4             add     [bx+si], al
seg000:11F6             add     [bx+si], al
seg000:11F8             add     [bx+si], al
seg000:11FA             add     [bx+si], al
seg000:11FC             add     [bx+si], al
seg000:11FE             add     [bx+si], al
seg000:1200             add     [bx+si], al
seg000:1202             add     [bx+si], al
seg000:1204             add     [bx+si], al
seg000:1206             add     [bx+si], al
seg000:1208             add     [bx+si], al
seg000:120A             add     [bx+si], al
seg000:120C             add     [bx+si], al
seg000:120E             add     [bx+si], al
seg000:1210             add     [bx+si], al
seg000:1212             add     [bx+si], al
seg000:1214             add     [bx+si], al
seg000:1216             add     [bx+si], al
seg000:1218             add     [bx+si], al
seg000:121A             add     [bx+si], al
seg000:121C             add     [bx+si], al
seg000:121E             add     [bx+si], al
seg000:1220             add     [bx+si], al
seg000:1222             add     [bx+si], al
seg000:1224             add     [bx+si], al
seg000:1226             add     [bx+si], al
seg000:1228             add     [bx+si], al
seg000:122A             add     [bx+si], al
seg000:122C             add     [bx+si], al
seg000:122E             add     [bx+si], al
seg000:1230             add     [bx+si], al
seg000:1232             add     [bx+si], al
seg000:1234             add     [bx+si], al
seg000:1236             add     [bx+si], al
seg000:1238             add     [bx+si], al
seg000:123A             add     [bx+si], al
seg000:123C             add     [bx+si], al
seg000:123E             add     [bx+si], al
seg000:1240             add     [bx+si], al
seg000:1242             add     [bx+si], al
seg000:1244             add     [bx+si], al
seg000:1246             inc     ax
seg000:1247             mov     al, 0
seg000:1249             add     [bx+si], al
seg000:124B             add     [bx+si], al
seg000:124D             add     byte_18000[bx+si], al
seg000:1251             add     [bx+si], al
seg000:1253             add     [bx+si], al
seg000:1255             add     [bx+si], al
seg000:1257             add     [bx+si], al
seg000:1259             add     [bx+si], al
seg000:125B             add     [bx+si], al
seg000:125D             add     [bx+si], al
seg000:125F             add     [bx+si], al
seg000:1261             inc     ax
seg000:1262             add     [bx+si], al
seg000:1264             add     [bx+si], al
seg000:1266             add     [bx+si], al
seg000:1268             add     [bx+si], al
seg000:126A             add     [bx+si], al
seg000:126C             add     [bx+si], al
seg000:126E             add     [bx+si], al
seg000:1270             add     [bx+si], al
seg000:1272             add     [bx+si], al
seg000:1274             add     [bx+si], al
seg000:1276             add     [bx+si], al
seg000:1278             add     [bx+si], al
seg000:127A             add     [bx+si], al
seg000:127C             add     [bx+si], al
seg000:127E             add     [bx+si], al
seg000:1280             add     [bx+si], al
seg000:1282             add     [bx+si], al
seg000:1284             add     [bx+si], al
seg000:1286             add     [bx+si], al
seg000:1288             add     [bx+si], ah
seg000:128A             add     [bx+si], al
seg000:128C             add     byte ptr [bx+si], 0
seg000:128F             add     [bx+si], al
seg000:1291             add     byte ptr start+20h[bx+si], al
seg000:1295             add     [bx+si], al
seg000:1297             add     [bx+si], al
seg000:1299             add     [bx+si], al
seg000:129B             and     [bx+si], al
seg000:129D             add     [bx+si], al
seg000:129F             add     [bx+si], al
seg000:12A1             push    ax
seg000:12A2             add     [bx+si], al
seg000:12A4             add     [bx+si], al
seg000:12A6             add     [bx+si], al
seg000:12A8             add     [bx+si], al
seg000:12AA             add     [bx+si], al
seg000:12AC             add     [bx+si], al
seg000:12AE             add     [bx+si], al
seg000:12B0             add     [bx+si], al
seg000:12B2             add     [bx+si], al
seg000:12B4             add     [bx+si], al
seg000:12B6             add     [bx+si], al
seg000:12B8             add     [bx+si], al
seg000:12BA             add     [bx+si], al
seg000:12BC             add     [bx+si], al
seg000:12BE             add     [bx+si], al
seg000:12C0             add     [bx+si], al
seg000:12C2             add     [bx+si], al
seg000:12C4             add     [bx+si], al
seg000:12C6             add     [bx+si], al
seg000:12C8             add     [bx+si], al
seg000:12CA             add     [bx+si], al
seg000:12CC             add     [bx+si], al
seg000:12CE             add     [bx+si], al
seg000:12D0             add     [bx+si], al
seg000:12D2             add     [bx+si], al
seg000:12D4             add     [bx+si], al
seg000:12D6             add     [bx+si], al
seg000:12D8             add     [bx+si], al
seg000:12DA             add     [bx+si], al
seg000:12DC             add     [bx+si], al
seg000:12DE             add     [bx+si], al
seg000:12E0             add     [bx+si], al
seg000:12E2             add     [bx+si], al
seg000:12E4             add     [bx+si], al
seg000:12E6             add     [bx+si], al
seg000:12E8             add     [bx+si], al
seg000:12EA             add     [bx+si], al
seg000:12EC             add     [bx+si], al
seg000:12EE             add     [bx+si], al
seg000:12F0             add     [bx+si], al
seg000:12F2             add     [bx+si], al
seg000:12F4             add     [bx+si], al
seg000:12F6             add     [bx+si], al
seg000:12F8             add     [bx+si], al
seg000:12FA             add     [bx+si], al
seg000:12FC             add     [bx+si], al
seg000:12FE             add     [bx+si], al
seg000:1300             add     [bx+si], al
seg000:1302             add     [bx+si], al
seg000:1304             add     [bx+si], al
seg000:1306             add     [bx+si], al
seg000:1308
seg000:1308 loc_11308:                              ; CODE XREF: sub_10814+B62↓j
seg000:1308             add     [bx+si], al         ; CODE XREF: sub_10814+B62↓j
seg000:130A             add     [bx+si], al
seg000:130C             add     [bx+si], al
seg000:130E             add     [bx+si], al
seg000:1310             add     [bx+si], al
seg000:1312             add     [bx+si], al
seg000:1314             add     [bx+si], al
seg000:1316             add     [bx+si], al
seg000:1318             add     [bx+si], al
seg000:131A             add     [bx+si], al
seg000:131C             add     [bx+si], al
seg000:131E             add     [bx+si], al
seg000:1320             add     [bx+si], al
seg000:1322             add     al, ah
seg000:1324             add     [bx+si], al
seg000:1326             add     [bx+si], al
seg000:1328             add     [bx+si], al
seg000:132A             add     [bx+si], al
seg000:132C             add     [bx+si], al
seg000:132E             add     [bx+si], al
seg000:1330             add     [bx+si], al
seg000:1332             add     [bx+si], al
seg000:1334             add     [bx+si], al
seg000:1336             add     [bx+si], al
seg000:1338             add     [bx+si], al
seg000:133A             add     [bx+si], al
seg000:133C             add     [bx+si], al
seg000:133E             add     [bx+si], al
seg000:1340             add     [bx+si], al
seg000:1342             add     byte_150A0[bx+si], al
seg000:1346             inc     ax
seg000:1347             les     ax, word_1FF80[bx+si]
seg000:134A             inc     ax
seg000:134B             add     byte ptr [bx+si], 0
seg000:134E             add     [bx+si], al
seg000:1350             add     [si], al
seg000:1352             pushaw
seg000:1353             shl     byte ptr [bx+si+60h], 10h
seg000:1357             db 0F0h
seg000:1358             pushaw
seg000:1359             db 0F0h
seg000:135A             pushaw
seg000:135B             pushaw
seg000:135C             add     [bx+si], al
seg000:135E             add     [bx+si], al
seg000:1360             add     byte ptr start+30h[bx+si], ah
seg000:1363             and     al, ah
seg000:1365             xor     al, ah
seg000:1367             lock xor byte ptr loc_11046+3Ah[bx+si], cl
seg000:136D             nop
seg000:136E             or      byte ptr byte_13088[bx+si], 0E0h
seg000:1373             xor     al, ah
seg000:1375             pushaw
seg000:1376             loopne  loc_11308
seg000:1378             mov     [bp-7D7Ch+si], al
seg000:137C             cld
seg000:137D             rol     byte ptr [bx+si+20C0h], 20h
seg000:1382             add     byte ptr [bx+si], 80h
seg000:1385             add     [bx+si], dl
seg000:1387             add     [bx+si], al
seg000:138A             add     byte ptr [bx+si], 40h
seg000:138D             add     byte ptr start[bx+si], 0
seg000:1392             add     [bx+si], al
seg000:1394             add     [bx+si], al
seg000:1396             add     [bx+si], al
seg000:1398             add     [bx+si], al
seg000:139A             add     [bx+si], al
seg000:139C             add     [bx+si], ah
seg000:139E             add     byte ptr byte_1A800[bx+si], 0
seg000:13A3             add     [bx+si], al
seg000:13A5             add     [bx+si], al
seg000:13A7             add     [bx+si], al
seg000:13A9             add     [bx+si], al
seg000:13AB             add     [bx+si], al
seg000:13AD             add     [bx+si], al
seg000:13AF             add     [bx+si], al
seg000:13B1             add     [bx+si], al
seg000:13B3             add     [bx+si], al
seg000:13B5             add     [bx+si], al
seg000:13B7             add     [bx+si], al
seg000:13B9             add     [bx+si], al
seg000:13BB             add     [bx+si], al
seg000:13BD             add     [bx+si], al
seg000:13BF             add     [bx+si], al
seg000:13C1             add     [bx+si], al
seg000:13C3             and     byte ptr byte_14050[bx+si], 0D0h
seg000:13C8             inc     ax
seg000:13C9             add     byte ptr word_1FF80[bx+si], 0A8h
seg000:13CD             add     [bx+si], al
seg000:13CF             add     [bx+si], al
seg000:13D1             and     al, dh
seg000:13D3             sal     al, 0F0h
seg000:13D6             nop
seg000:13D7             lock add [bx+si], al
seg000:13DE             and     [bx+si], al
seg000:13E0             xor     al, 0F0h
seg000:13E3             db 0F0h
seg000:13E4             db 0F0h
seg000:13E5             db 0F0h
seg000:13E6             loopne  loc_113D8
seg000:13E8             db 0F0h
seg000:13E9             db 0F0h
seg000:13EA             nop
seg000:13EB             adc     byte ptr [bx+si], 90h
seg000:13EE             cmp     al, 90h
seg000:13F1             db 0F0h
seg000:13F2             db 0F0h
seg000:13F3             db 0F0h
seg000:13F4             db 0F0h
seg000:13F5             db 0F0h
seg000:13F6             loopne  loc_11388
seg000:13F8             mov     byte_18888[bx+si], cl
seg000:13FC             clc
seg000:13FD             rol     byte ptr byte_140C0[bx+si], 0
seg000:1402             add     byte ptr [bx+si], 80h
seg000:1405             add     [bx+si], ah
seg000:1407             add     al, al
seg000:1409             add     byte ptr start[bx+si], al
seg000:140D             add     byte ptr start[bx+si], 0
seg000:1412             add     [bx+si], al
seg000:1414             add     [bx+si], al
seg000:1416             inc     ax
seg000:1417             add     [bx+si], al
seg000:1419             add     [bx+si], al
seg000:141B             add     [bx+si], al
seg000:141D             and     [bx+si+80h], al
seg000:1421             mov     al, byte_14000
seg000:1424             add     [bx+si], al
seg000:1426             add     [bx+si], al
seg000:1428             add     [bx+si], al
seg000:142A             add     [bx+si], al
seg000:142C             add     [bx+si], al
seg000:142E             add     [bx+si], al
seg000:1430             add     [bx+si], al
seg000:1432             add     [bx+si], al
seg000:1434             add     [bx+si], al
seg000:1436             add     [bx+si], al
seg000:1438             add     [bx+si], al
seg000:143A             add     [bx+si], al
seg000:143C             add     [bx+si], al
seg000:143E             add     [bx+si], al
seg000:1440             add     [bx+si], al
seg000:1442             add     byte_1F8A0[bx+si], al
seg000:1446             loopne  loc_11410
seg000:1448             mov     al, byte_18080
seg000:144B             inc     ax
seg000:144C             test    al, 0
seg000:144E             add     [bx+si], al
seg000:1450             add     [bx+si], cl
seg000:1452             nop
seg000:1453             inc     ax
seg000:1454             nop
seg000:1455             nop
seg000:1456             xor     byte ptr loc_11046+3Ah[bx+si], al
seg000:145A             nop
seg000:145B             nop
seg000:145C             add     [bx+si], al
seg000:145E             and     [bx+si], al
seg000:1460             adc     byte ptr [bx+si+2048h], 90h
seg000:1465             dec     ax
seg000:1466             nop
seg000:1467             add     byte ptr byte_18848[bx+si], 80h
seg000:146C             adc     byte_1D880[bx+si], ah
seg000:1470             enter   -6FB8h, 48h
seg000:1474             nop
seg000:1475             nop
seg000:1476             inc     ax
seg000:1477             nop
seg000:1478             mov     [bp+4448h+si], al
seg000:147C             or      byte_14040[bx+si], al
seg000:1480             jo      short loc_114E2
seg000:1482             add     byte ptr [bx+si], 80h
seg000:1485             add     [bx+si], dl
seg000:1487             add     byte_18000[bx+si], al
seg000:148B             add     byte ptr [bx+si], 80h
seg000:148E             add     byte ptr [bx+si], 0
seg000:1491             add     [bx+si], al
seg000:1493             add     [bx+si], al
seg000:1495             add     [bx+si], al
seg000:1498             add     [bx+si], al
seg000:149A             add     [bx+si], al
seg000:149C             add     byte ptr word_1FF80[bx+si], al
seg000:149F             inc     ax
seg000:14A0             add     [si], dl
seg000:14A3             add     [bx+si], al
seg000:14A5             add     [bx+si], al
seg000:14A7             add     [bx+si], al
seg000:14A9             add     [bx+si], al
seg000:14AB             add     [bx+si], al
seg000:14AD             add     [bx+si], al
seg000:14AF             add     [bx+si], al
seg000:14B1             add     [bx+si], al
seg000:14B3             add     [bx+si], al
seg000:14B5             add     [bx+si], al
seg000:14B7             add     [bx+si], al
seg000:14B9             add     [bx+si], al
seg000:14BB             add     [bx+si], al
seg000:14BD             add     [bx+si], al
seg000:14BF             add     [bx+si], al
seg000:14C1             add     [bx+si], al
seg000:14C3             and     byte ptr byte_1E0F0[bx+si], 0E0h
seg000:14C8             mov     al, byte_18080
seg000:14CB             inc     ax
seg000:14CC             jo      short loc_1150E
seg000:14CE             add     [bx+si], al
seg000:14D0             add     [bx+si], ah
seg000:14D2             nop
seg000:14D3             inc     ax
seg000:14D4             adc     [bx+si], dl
seg000:14D6             nop
seg000:14D7             add     byte ptr byte_19010[bx+si], 90h
seg000:14DC             add     byte ptr start+40h[bx+si], 0E0h
seg000:14E0             inc     ax
seg000:14E1             adc     al, dh
seg000:14E3             nop
seg000:14E4             nop
seg000:14E5             adc     byte ptr byte_18080[bx+si], 80h
seg000:14EA             nop
seg000:14EB             adc     byte ptr [bx+si], 90h
seg000:14EE             sub     byte ptr byte_190D0[bx+si], 90h
seg000:14F3             nop
seg000:14F4
seg000:14F4 loc_114F4:                              ; CODE XREF: sub_10814+CFE↓j
seg000:14F4             nop                         ; CODE XREF: sub_10814+CFE↓j
seg000:14F5             add     byte ptr byte_1FF90[bx+si], 88h
seg000:14F9             mov     byte_1FF88[bx+si], dl
seg000:14FC             adc     byte_14040[bx+si], al
seg000:1500             loopne  loc_11542
seg000:1502             add     al, ah
seg000:1504             loopne  loc_114E6
seg000:1506             loopne  loc_114E8
seg000:1508             and     al, 0E0h
seg000:150B             add     byte ptr byte_1FFA0[bx+si], 80h
seg000:150F             clc
seg000:1510             loopne  loc_114F2
seg000:1512             loopne  loc_114F4
seg000:1514             loopne  loc_114F6
seg000:1516             loopne  loc_114B8
seg000:1518             mov     al, byte_1A0A8
seg000:151B             mov     al, byte_140E0
seg000:151E             add     byte ptr [bx+si], 50h
seg000:1522             add     [bx+si], al
seg000:1525             add     [bx+si], al
seg000:1527             add     [bx+si], al
seg000:1529             add     [bx+si], al
seg000:152B             add     [bx+si], al
seg000:152D             add     [bx+si], al
seg000:152F             add     [bx+si], al
seg000:1531             add     [bx+si], al
seg000:1533             add     [bx+si], al
seg000:1535             add     [bx+si], al
seg000:1537             add     [bx+si], al
seg000:1539
seg000:1539 loc_11539:                              ; CODE XREF: sub_10814+D43↓j
seg000:1539             add     [bx+si], al         ; CODE XREF: sub_10814+D43↓j
seg000:153B             add     [bx+si], al
seg000:153D             add     [bx+si], al
seg000:153F             add     [bx+si], al
seg000:1541             add     [bx+si], al
seg000:1543             add     byte ptr [bx+si], 50h
seg000:1546             rcl     byte ptr [bx+si], 40h
seg000:1549             add     byte_17040[bx+si], al
seg000:154D             inc     ax
seg000:154E             add     [bx+si], al
seg000:1550             add     [bx+si], dl
seg000:1552             nop
seg000:1553             inc     ax
seg000:1554             adc     [bx+si], ah
seg000:1556             push    ax
seg000:1557             loopne  loc_11539
seg000:1559             and     [bx+si+70h], ah
seg000:155C             add     byte ptr start+40h[bx+si], 0F0h
seg000:1560             inc     ax
seg000:1561             and     byte_1E050[si], dh
seg000:1565             or      byte ptr byte_1F0F0[bx+si], 80h
seg000:156A             clc
seg000:156B             adc     byte ptr [bx+si], 0C0h
seg000:156E             sub     byte ptr byte_184A8[bx+si], 0E0h
seg000:1573             test    al, ah
seg000:1575             inc     ax
seg000:1576             inc     ax
seg000:1577             nop
seg000:1578             push    ax
seg000:1579             push    sp
seg000:157A             xor     [bx+si], ch
seg000:157C             adc     byte_14020[bx+si], al
seg000:1580             clc
seg000:1581             clc
seg000:1582             add     byte ptr dword_1FFE0[bx+si], dh
seg000:1585             pushaw
seg000:1586             jo      short loc_115E8
seg000:1588             sal     byte ptr dword_1FFE0[bx+si], 0
seg000:158C             inc     ax
seg000:158D             nop
seg000:158E             sub     ah, 0E0h
seg000:1591             pushaw
seg000:1592             loopne  loc_11604
seg000:1594             mov     al, 70h
seg000:1596             loopne  loc_11528
seg000:1598             mov     [bp-6F70h+si], al
seg000:159C             lock add byte ptr start+20h[bx+si], 0A8h
seg000:15A2             add     [bx+si], al
seg000:15A4             add     [bx+si], al
seg000:15A6             add     [bx+si], al
seg000:15A8             add     [bx+si], al
seg000:15AA             add     [bx+si], al
seg000:15AC             add     [bx+si], al
seg000:15AE             add     [bx+si], al
seg000:15B0             add     [bx+si], al
seg000:15B2             add     [bx+si], al
seg000:15B4             add     [bx+si], al
seg000:15B6             add     [bx+si], al
seg000:15B8             add     [bx+si], al
seg000:15BA             add     [bx+si], al
seg000:15BC             add     [bx+si], al
seg000:15BE             add     [bx+si], al
seg000:15C0             add     [bx+si], al
seg000:15C2             add     byte_15000[bx+si], al
seg000:15C6             loopne  loc_115E8
seg000:15C8             jo      short loc_115CA
seg000:15CA
seg000:15CA loc_115CA:                              ; CODE XREF: sub_10814+DB4↑j
seg000:15CA             add     byte ptr byte_1FFF8[bx+si], 0E0h; CODE XREF: sub_10814+DB4↑j
seg000:15CE             add     al, ah
seg000:15D0             add     byte_1FF90[bx+si], al
seg000:15D3             inc     ax
seg000:15D4             db 0F0h
seg000:15D5             jo      short loc_115C7
seg000:15D7             db 0F0h
seg000:15D8             db 0F0h
seg000:15D9             and     al, dh
seg000:15DB             lock add [bx+si], al
seg000:15DE             add     byte ptr [bx+si], 20h
seg000:15E1             xor     byte_1E0F0[bx+si], dl
seg000:15E5             adc     byte ptr byte_1F0F0[bx+si], 0B0h
seg000:15EA             lock adc byte ptr [bx+si], 0E0h
seg000:15EE             sub     byte ptr byte_190B0[bx+si], 0F0h
seg000:15F3             nop
seg000:15F4             loopne  loc_115E6
seg000:15F6             inc     ax
seg000:15F7             nop
seg000:15F8             push    ax
seg000:15F9             test    al, 20h
seg000:15FB             clc
seg000:15FC             and     byte_14020[bx+si], al
seg000:1600             inc     ax
seg000:1601             db 0F0h
seg000:1602             add     al, ah
seg000:1604
seg000:1604 loc_11604:                              ; CODE XREF: sub_10814+D7E↑j
seg000:1604             mov     al, byte_1A080      ; CODE XREF: sub_10814+D7E↑j
seg000:1607             loopne  loc_115C9
seg000:1609             mov     al, byte_180A0
seg000:160C             inc     ax
seg000:160D             rol     byte ptr byte_1A0A8[bx+si], 0A0h
seg000:1612             mov     al, byte_180A0
seg000:1615             rol     byte ptr byte_1FFA0[bx+si], 0A0h
seg000:1619             test    al, 40h
seg000:161B             mov     al, byte_1C020
seg000:161E             and     byte ptr dword_1FFE0[bx+si], 0A0h
seg000:1622             add     [bx+si], al
seg000:1625             add     [bx+si], al
seg000:1627             add     [bx+si], al
seg000:1629             add     [bx+si], al
seg000:162B             add     [bx+si], al
seg000:162D             add     [bx+si], al
seg000:162F             add     [bx+si], al
seg000:1631             add     [bx+si], al
seg000:1633             add     [bx+si], al
seg000:1635             add     [bx+si], al
seg000:1637             add     [bx+si], al
seg000:1639             add     [bx+si], al
seg000:163B             add     [bx+si], al
seg000:163D             add     [bx+si], al
seg000:163F             add     [bx+si], al
seg000:1641             add     [bx+si], al
seg000:1643             add     byte ptr [bx+si], 50h
seg000:1646             pushaw
seg000:1647             and     byte_18000[bx+si], ch
seg000:164B             inc     ax
seg000:164C             clc
seg000:164D             loopne  loc_1164F
seg000:164F
seg000:164F loc_1164F:                              ; CODE XREF: sub_10814+E39↑j
seg000:164F             lock add [bx+si], ah        ; CODE XREF: sub_10814+E39↑j
seg000:1652             nop
seg000:1653             inc     ax
seg000:1654             and     [bx+si], dl
seg000:1656             clc
seg000:1657             adc     byte_19040[bx+si], dl
seg000:165B             adc     [bx+si], al
seg000:165D             add     [bx+si+2000h], al
seg000:1661             inc     ax
seg000:1662             mov     ah, 70h
seg000:1664             nop
seg000:1665             or      byte ptr byte_18080[bx+si], 9Ch
seg000:166A             mov     byte_1A010[bx+si], al
seg000:166E             or      byte ptr byte_18498[bx+si], 80h
seg000:1673             test    al, al
seg000:1675             and     byte_1FF90[bx+si], al
seg000:1678             push    ax
seg000:1679             push    sp
seg000:167A             xor     [bx+si], dl
seg000:167C             and     byte_14010[bx+si], al
seg000:1680             and     [bx+si], ah
seg000:1683             nop
seg000:1684             nop
seg000:1685             adc     byte ptr byte_180F0[bx+si], 90h
seg000:168A             nop
seg000:168B             add     byte ptr dword_1FFE0[bx+si], 80h
seg000:168F             xchg    dx, ax
seg000:1690             nop
seg000:1691             nop
seg000:1692             nop
seg000:1693             nop
seg000:1694             shl     al, 40h
seg000:1697             nop
seg000:1698             mov     [bp-6FA0h+si], al
seg000:169C             and     byte ptr word_1FF80[bx+si], al
seg000:169F             inc     ax
seg000:16A0             db 0F0h
seg000:16A1             push    sp
seg000:16A2             add     [bx+si], al
seg000:16A4             add     [bx+si], al
seg000:16A6             add     [bx+si], al
seg000:16A8             add     [bx+si], al
seg000:16AA             add     [bx+si], al
seg000:16AC             add     [bx+si], al
seg000:16AE             add     [bx+si], al
seg000:16B0             add     [bx+si], al
seg000:16B2             add     [bx+si], al
seg000:16B4             add     [bx+si], al
seg000:16B6             add     [bx+si], al
seg000:16B8             add     [bx+si], al
seg000:16BA             add     [bx+si], al
seg000:16BC             add     [bx+si], al
seg000:16BE             add     [bx+si], al
seg000:16C0             add     [bx+si], al
seg000:16C2             add     [bx+si], al
seg000:16C4             add     al, dh
seg000:16C6             and     byte_1FFA0[bx+si], dh
seg000:16C9             add     byte_17040[bx+si], al
seg000:16CD             inc     ax
seg000:16CE             add     [bx+si], al
seg000:16D0             add     byte_14090[bx+si], al
seg000:16D4             adc     byte ptr [bx+si], 10h
seg000:16D7             adc     byte_19040[bx+si], dl
seg000:16DB             adc     byte_14040[bx+si], al
seg000:16DF             loopne  loc_11721
seg000:16E1             inc     ax
seg000:16E2             nop
seg000:16E3             nop
seg000:16E4             nop
seg000:16E5             adc     byte ptr byte_18080[bx+si], 90h
seg000:16EA             nop
seg000:16EB             adc     byte ptr byte_18090[bx+si], 88h
seg000:16F0             nop
seg000:16F1             nop
seg000:16F2             xor     byte ptr [bx+si+1090h], 40h
seg000:16F7             nop
seg000:16F8             push    ax
seg000:16F9             test    al, 50h
seg000:16FB             and     byte ptr word_1FF80[bx+si], al
seg000:16FE             adc     byte ptr start+40h[bx+si], al
seg000:1701             inc     ax
seg000:1702             add     byte_180A0[bx+si], ah
seg000:1706             mov     al, byte_18080
seg000:1709             mov     al, byte_180A0
seg000:170C             inc     ax
seg000:170D             rol     byte ptr byte_1A0A8[bx+si], 0A0h
seg000:1712             mov     al, byte_180A0
seg000:1715             and     byte_1FFA0[bx+si], al
seg000:1718             inc     ax
seg000:1719             test    al, 40h
seg000:171B             mov     al, byte_140C0
seg000:171E             add     byte ptr [bx+si], 50h
seg000:1722             add     [bx+si], al
seg000:1725             add     [bx+si], al
seg000:1727             add     [bx+si], al
seg000:1729             add     [bx+si], al
seg000:172B             add     [bx+si], al
seg000:172D             add     [bx+si], al
seg000:172F             add     [bx+si], al
seg000:1731             add     [bx+si], al
seg000:1733             add     [bx+si], al
seg000:1735             add     [bx+si], al
seg000:1737             add     [bx+si], al
seg000:1739             add     [bx+si], al
seg000:173B             add     [bx+si], al
seg000:173D             add     [bx+si], al
seg000:173F             add     [bx+si], al
seg000:1741             add     [bx+si], al
seg000:1743             add     [bx+si], al
seg000:1745             clc
seg000:1746             loopne  loc_11794
seg000:1748             nop
seg000:1749             add     byte_17040[bx+si], al
seg000:174D             inc     ax
seg000:174E             add     [bx+si], al
seg000:1750             add     byte_1FF90[bx+si], al
seg000:1753             inc     ax
seg000:1754             inc     ax
seg000:1755             nop
seg000:1756             adc     byte_14090[bx+si], dl
seg000:175A             nop
seg000:175B             adc     byte_14040[bx+si], al
seg000:175F             db 0F0h
seg000:1760             inc     ax
seg000:1761             add     byte_1FF88[bx+si], cl
seg000:1764             nop
seg000:1765             dec     ax
seg000:1766             nop
seg000:1767             add     byte ptr byte_18848[bx+si], 80h
seg000:176C             nop
seg000:176D             nop
seg000:176E             or      byte ptr byte_14888[bx+si], 80h
seg000:1773             pop     ax
seg000:1774             mov     al, byte_14090
seg000:1777             nop
seg000:1778
seg000:1778 loc_11778:                              ; CODE XREF: sub_10814+FB2↓j
seg000:1778             and     [bx+si], ch         ; CODE XREF: sub_10814+FB2↓j
seg000:177A             dec     ax
seg000:177B             adc     byte ptr word_1FF80[bx+si], al
seg000:177E             or      byte ptr start+20h[bx+si], al
seg000:1781             and     [bx+si], al
seg000:1783             nop
seg000:1784             nop
seg000:1785             adc     byte ptr byte_18080[bx+si], 90h
seg000:178A             nop
seg000:178B             add     byte ptr dword_1FFE0[bx+si], 80h
seg000:178F             xchg    dx, ax
seg000:1790             nop
seg000:1791             nop
seg000:1792             nop
seg000:1793             nop
seg000:1794
seg000:1794 loc_11794:                              ; CODE XREF: sub_10814+F32↑j
seg000:1794             adc     byte ptr [bx+si], 40h; CODE XREF: sub_10814+F32↑j
seg000:1797             nop
seg000:1798             push    ax
seg000:1799             push    sp
seg000:179A             pushaw
seg000:179B             nop
seg000:179C             inc     ax
seg000:179D             inc     ax
seg000:179E             add     byte ptr [bx+si], 0A8h
seg000:17A2             add     [bx+si], al
seg000:17A4             add     [bx+si], al
seg000:17A6             add     [bx+si], al
seg000:17A8             add     [bx+si], al
seg000:17AA             add     [bx+si], al
seg000:17AC             add     [bx+si], al
seg000:17AE             add     [bx+si], al
seg000:17B0             add     [bx+si], al
seg000:17B2             add     [bx+si], al
seg000:17B4             add     [bx+si], al
seg000:17B6             add     [bx+si], al
seg000:17B8             add     [bx+si], al
seg000:17BA             add     [bx+si], al
seg000:17BC             add     [bx+si], al
seg000:17BE             add     [bx+si], al
seg000:17C0             add     [bx+si], al
seg000:17C2             add     byte_15000[bx+si], al
seg000:17C6             loopne  loc_11778
seg000:17C8             jo      short loc_117CA
seg000:17CA
seg000:17CA loc_117CA:                              ; CODE XREF: sub_10814+FB4↑j
seg000:17CA             inc     ax                  ; CODE XREF: sub_10814+FB4↑j
seg000:17CB             sub     byte ptr byte_14000[bx+si], 0
seg000:17D0             add     byte ptr byte_140F0[bx+si], 0F0h
seg000:17D5             db 0F0h
seg000:17D6             adc     al, dh
seg000:17D8 loc_117D8       db 0F0h                 ; CODE XREF: sub_10814+FD2↓j
seg000:17D9             inc     ax
seg000:17DA             lock add byte ptr start+20h[bx+si], al
seg000:17E0             add     byte ptr [bx+si], 0F0h
seg000:17E3             nop
seg000:17E4             db 0F0h
seg000:17E5             db 0F0h
seg000:17E6             loopne  loc_117D8
seg000:17E8
seg000:17E8 loc_117E8:                              ; CODE XREF: sub_10814+FF2↓j
seg000:17E8             xor     al, 90h             ; CODE XREF: sub_10814+FF2↓j
seg000:17EB             xor     al, 90h
seg000:17EE             db 0F0h
seg000:17EF             mov     byte_180F0[bx+si], dl
seg000:17F3 loc_117F3       db 0F0h                 ; CODE XREF: sub_10814+FFD↓j
seg000:17F4             nop
seg000:17F5             db 0F0h
seg000:17F6             inc     ax
seg000:17F7             db 0F0h
seg000:17F8             and     al, bh
seg000:17FA             mov     [bx+si], ah
seg000:17FC             clc
seg000:17FD             ror     byte ptr [bx+si], 0C0h
seg000:1800             inc     ax
seg000:1801             add     [bx+si], al
seg000:1803             mov     al, byte_1E0E0
seg000:1806             loopne  loc_117E8
seg000:1808             and     al, 0A0h
seg000:180B             add     byte ptr byte_1FFA0[bx+si], 80h
seg000:180F             test    al, 0A0h
seg000:1811             loopne  loc_117F3
seg000:1813             loopne  loc_11795
seg000:1815
seg000:1815 loc_11815:                              ; CODE XREF: sub_10814+107F↓j
seg000:1815             loopne  loc_11857           ; CODE XREF: sub_10814+107F↓j
seg000:1817             loopne  loc_11859
seg000:1819             clc
seg000:181A             mov     al, byte_1E0E0
seg000:181D             and     [bx+si+80h], al
seg000:1821             mov     al, byte_1E000
seg000:1824             add     [bx+si], al
seg000:1826             add     [bx+si], al
seg000:1828             add     [bx+si], al
seg000:182A             add     [bx+si], al
seg000:182C             add     [bx+si], al
seg000:182E             add     [bx+si], al
seg000:1830             add     [bx+si], al
seg000:1832             add     [bx+si], al
seg000:1834             add     [bx+si], al
seg000:1836             add     [bx+si], al
seg000:1838             add     [bx+si], al
seg000:183A             add     [bx+si], al
seg000:183C             add     [bx+si], al
seg000:183E             add     [bx+si], al
seg000:1840             add     [bx+si], al
seg000:1842             add     byte_15000[bx+si], al
seg000:1846             inc     ax
seg000:1847             mov     [bx+si], gs
seg000:184A             inc     ax
seg000:184B             sub     byte ptr byte_14000[bx+si], 0
seg000:1850             add     byte ptr byte_14060[bx+si], 0F0h
seg000:1855             pushaw
seg000:1856             adc     [bx+si+60h], ah
seg000:1859
seg000:1859 loc_11859:                              ; CODE XREF: sub_10814+1003↑j
seg000:1859             inc     ax                  ; CODE XREF: sub_10814+1003↑j
seg000:185A             pushaw
seg000:185B             pushaw
seg000:185C             add     byte ptr start+20h[bx+si], al
seg000:1860             add     byte ptr start+30h[bx+si], 88h
seg000:1864             loopne  loc_11896
seg000:1866             loopne  loc_11858
seg000:1868             xor     byte ptr [bx+si], 88h
seg000:186B             and     byte ptr byte_1FF90[bx+si], 0F0h
seg000:186F             mov     byte_18030[bx+si], cl
seg000:1873             cmp     byte_14060[bx+si], dl
seg000:1877             pushaw
seg000:1878             and     [bx+si], ch
seg000:187A             test    [bx+si], dl
seg000:187C             cld
seg000:187D             rol     byte ptr [si], 0C0h
seg000:1880             and     [bx+si], al
seg000:1882             add     byte ptr dword_1FFE0[bx+si], dh
seg000:1885             pushaw
seg000:1886             jo      short loc_118F8
seg000:1888             xor     byte ptr byte_1FF90[bx+si], 80h
seg000:188C             inc     ax
seg000:188D             nop
seg000:188E             adc     byte ptr [bp+6090h+si], 0E0h
seg000:1893             jo      short loc_11815
seg000:1895             loopne  loc_118D7
seg000:1897             jo      short loc_118B9
seg000:1899             sub     byte_1F070[bx+si], dl
seg000:189D             and     [bx+si+80h], al
seg000:18A1             push    sp
seg000:18A2             add     [bx+si], al
seg000:18A4             add     [bx+si], al
seg000:18A6             add     [bx+si], al
seg000:18A8             add     [bx+si], al
seg000:18AA             add     [bx+si], al
seg000:18AC             add     [bx+si], al
seg000:18AE             add     [bx+si], al
seg000:18B0             add     [bx+si], al
seg000:18B2             add     [bx+si], al
seg000:18B4             add     [bx+si], al
seg000:18B6             add     [bx+si], al
seg000:18B8             add     [bx+si], al
seg000:18BA             add     [bx+si], al
seg000:18BC             add     [bx+si], al
seg000:18BE             add     [bx+si], al
seg000:18C0             add     [bx+si], al
seg000:18C2             add     [bx+si], al
seg000:18C4             add     [bx+si], al
seg000:18C6             inc     ax
seg000:18C7             add     [bx+si], al
seg000:18C9             add     [bx+si], al
seg000:18CB             add     [bx+si], al
seg000:18CD             add     byte ptr start[bx+si], al
seg000:18D1             add     [bx+si], al
seg000:18D3             add     [bx+si], al
seg000:18D5             add     [bx+si], al
seg000:18D7
seg000:18D7 loc_118D7:                              ; CODE XREF: sub_10814+1081↑j
seg000:18D7             add     [bx+si], al         ; CODE XREF: sub_10814+1081↑j
seg000:18D9             add     [bx+si], al
seg000:18DB             add     [bx+si], al
seg000:18DD             add     [bx+si], al
seg000:18DF             add     [bx+si], al
seg000:18E1             inc     ax
seg000:18E2             add     [bx+si], al
seg000:18E4             add     [bx+si], al
seg000:18E6             add     [bx+si], al
seg000:18E8             add     [bx+si], al
seg000:18EA             add     [bx+si], al
seg000:18EC             add     [bx+si], al
seg000:18EE             add     [bx+si], al
seg000:18F0             add     [bx+si], al
seg000:18F2             add     [bx+si], al
seg000:18F4             add     [bx+si], al
seg000:18F6             add     [bx+si], al
seg000:18F8
seg000:18F8 loc_118F8:                              ; CODE XREF: sub_10814+1072↑j
seg000:18F8             add     [bx+si], al         ; CODE XREF: sub_10814+1072↑j
seg000:18FA             add     [bx+si], al
seg000:18FC             add     [bx+si], al
seg000:18FE             add     [bx+si], al
seg000:1900             add     [bx+si], al
seg000:1902             add     [bx+si], al
seg000:1904             add     [bx+si], al
seg000:1906             add     [bx+si], al
seg000:1908             add     [bx+si], ah
seg000:190A             add     [bx+si], al
seg000:190C             add     byte ptr [bx+si], 0
seg000:190F             add     [bx+si], al
seg000:1911             add     byte ptr start+20h[bx+si], al
seg000:1915             add     [bx+si], al
seg000:1917             add     [bx+si], al
seg000:1919             add     [bx+si], al
seg000:191B             and     [bx+si], al
seg000:191D             add     [bx+si], al
seg000:191F             add     [bx+si], al
seg000:1921             push    ax
seg000:1922             add     [bx+si], al
seg000:1924             add     [bx+si], al
seg000:1926             add     [bx+si], al
seg000:1928             add     [bx+si], al
seg000:192A             add     [bx+si], al
seg000:192C             add     [bx+si], al
seg000:192E             add     [bx+si], al
seg000:1930             add     [bx+si], al
seg000:1932             add     [bx+si], al
seg000:1934             add     [bx+si], al
seg000:1936             add     [bx+si], al
seg000:1938             add     [bx+si], al
seg000:193A             add     [bx+si], al
seg000:193C             add     [bx+si], al
seg000:193E             add     [bx+si], al
seg000:1940             add     [bx+si], al
seg000:1942             add     [bx+si], al
seg000:1944             add     [bx+si], al
seg000:1946             add     [bx+si], al
seg000:1948             add     [bx+si], al
seg000:194A             add     [bx+si], al
seg000:194C             add     [bx+si], al
seg000:194E             add     byte ptr [bx+si], 0
seg000:1951             add     [bx+si], al
seg000:1953             add     [bx+si], al
seg000:1955             add     [bx+si], al
seg000:1957             add     [bx+si], al
seg000:1959             add     [bx+si], al
seg000:195B             add     [bx+si], al
seg000:195D             add     [bx+si], al
seg000:195F             add     [bx+si], al
seg000:1961             add     [bx+si], al
seg000:1963             add     [bx+si], al
seg000:1965             add     [bx+si], al
seg000:1967             add     [bx+si], al
seg000:1969             add     [bx+si], al
seg000:196B             add     [bx+si], al
seg000:196D             add     [bx+si], al
seg000:196F             add     [bx+si], al
seg000:1971             add     [bx+si], al
seg000:1973             add     [bx+si], al
seg000:1975             add     [bx+si], al
seg000:1977             add     [bx+si], al
seg000:1979             add     [bx+si], al
seg000:197B             add     [bx+si], al
seg000:197D             add     [bx+si], al
seg000:197F             add     [bx+si], al
seg000:1981             add     [bx+si], al
seg000:1983             add     [bx+si], al
seg000:1985             add     [bx+si], al
seg000:1987             add     [bx+si], al
seg000:1989             adc     [bx+si], al
seg000:198B             add     byte ptr start[bx+si], al
seg000:198F             add     [bx+si], al
seg000:1991             add     byte ptr start+10h[bx+si], al
seg000:1995             add     [bx+si], al
seg000:1997             add     [bx+si], al
seg000:1999             add     [bx+si], al
seg000:199B             adc     [bx+si], al
seg000:199D             add     [bx+si], al
seg000:199F             add     [bx+si], al
seg000:19A1             add     [bx+si], al
seg000:19A3             add     [bx+si], al
seg000:19A5             add     [bx+si], al
seg000:19A7             add     [bx+si], al
seg000:19A9             add     [bx+si], al
seg000:19AB             add     [bx+si], al
seg000:19AD             add     [bx+si], al
seg000:19AF             add     [bx+si], al
seg000:19B1             add     [bx+si], al
seg000:19B3             add     [bx+si], al
seg000:19B5             add     [bx+si], al
seg000:19B7             add     [bx+si], al
seg000:19B9             add     [bx+si], al
seg000:19BB             add     [bx+si], al
seg000:19BD             add     [bx+si], al
seg000:19BF             add     [bx+si], al
seg000:19C1             add     [bx+si], al
seg000:19C3             add     [bx+si], al
seg000:19C5             add     [bx+si], al
seg000:19C7             add     [bx+si], al
seg000:19C9             add     [bx+si], al
seg000:19CB             add     [bx+si], al
seg000:19CD             add     [bx+si], al
seg000:19CF             add     [bx+si], al
seg000:19D1             add     [bx+si], al
seg000:19D3             add     [bx+si], al
seg000:19D5             add     [bx+si], al
seg000:19D7             add     [bx+si], al
seg000:19D9             add     [bx+si], al
seg000:19DB             add     [bx+si], al
seg000:19DD             add     [bx+si], al
seg000:19DF             add     [bx+si], al
seg000:19E1             add     [bx+si], al
seg000:19E3             add     [bx+si], al
seg000:19E5             add     [bx+si], al
seg000:19E7             add     [bx+si], al
seg000:19E9             add     [bx+si], al
seg000:19EB             add     [bx+si], al
seg000:19ED             add     [bx+si], al
seg000:19EF             add     [bx+si], al
seg000:19F1             add     [bx+si], al
seg000:19F3             add     [bx+si], al
seg000:19F5             add     [bx+si], al
seg000:19F7             add     [bx+si], al
seg000:19F9             add     [bx+si], al
seg000:19FB             add     [bx+si], al
seg000:19FD             add     [bx+si], al
seg000:19FF             add     [bx+si], al
seg000:1A01             add     [bx+si], al
seg000:1A03             add     [bx+si], al
seg000:1A05             add     [bx+si], al
seg000:1A07             add     [bx+si], al
seg000:1A09             add     [bx+si], al
seg000:1A0B             add     [bx+si], al
seg000:1A0D             add     [bx+si], al
seg000:1A0F             add     [bx+si], al
seg000:1A11             add     [bx+si], al
seg000:1A13             add     [bx+si], al
seg000:1A15             add     [bx+si], al
seg000:1A17             add     [bx+si], al
seg000:1A19             add     [bx+si], al
seg000:1A1B             add     [bx+si], al
seg000:1A1D             add     [bx+si], al
seg000:1A1F             add     [bx+si], al
seg000:1A21             add     [bx+si], al
seg000:1A23             add     [bx+si], al
seg000:1A25             add     [bx+si], al
seg000:1A27             add     [bx+si], al
seg000:1A29             add     [bx+si], al
seg000:1A2B             add     [bx+si], al
seg000:1A2D             add     [bx+si], al
seg000:1A2F             add     [bx+si], al
seg000:1A31             add     [bx+si], al
seg000:1A33             add     [bx+si], al
seg000:1A35             add     [bx+si], al
seg000:1A37             add     [bx+si], al
seg000:1A39             add     [bx+si], al
seg000:1A3B             add     [bx+si], al
seg000:1A3D             add     [bx+si], al
seg000:1A3F             add     [bx+si], al
seg000:1A41             add     [bx+si], al
seg000:1A43             add     [bx+si], al
seg000:1A45             add     [bx+si], al
seg000:1A47             add     [bx+si], al
seg000:1A49             add     [bx+si], al
seg000:1A4B             add     [bx+si], al
seg000:1A4D             add     [bx+si], al
seg000:1A4F             add     [bx+si], al
seg000:1A51             add     [bx+si], al
seg000:1A53             add     [bx+si], al
seg000:1A55             add     [bx+si], al
seg000:1A57             add     [bx+si], al
seg000:1A59             add     [bx+si], al
seg000:1A5B             add     [bx+si], al
seg000:1A5D             add     [bx+si], al
seg000:1A5F             add     [bx+si], al
seg000:1A61             add     [bx+si], al
seg000:1A63             add     [bx+si], al
seg000:1A65             add     [bx+si], al
seg000:1A67             add     [bx+si], al
seg000:1A69             add     [bx+si], al
seg000:1A6B             add     [bx+si], al
seg000:1A6D             add     [bx+si], al
seg000:1A6F             add     [bx+si], al
seg000:1A71             add     [bx+si], al
seg000:1A73             add     [bx+si], al
seg000:1A75             add     [bx+si], al
seg000:1A77             add     [bx+si], al
seg000:1A79             add     [bx+si], al
seg000:1A7B             add     [bx+si], al
seg000:1A7D             add     [bx+si], al
seg000:1A7F             add     [bx+si], al
seg000:1A81             add     [bx+si], al
seg000:1A83             add     [bx+si], al
seg000:1A85             add     [bx+si], al
seg000:1A87             add     [bx+si], al
seg000:1A89             add     [bx+si], al
seg000:1A8B             add     [bx+si], al
seg000:1A8D             add     [bx+si], al
seg000:1A8F             add     [bx+si], al
seg000:1A91             add     [bx+si], al
seg000:1A93             add     [bx+si], al
seg000:1A95             add     [bx+si], al
seg000:1A97             add     [bx+si], al
seg000:1A99             add     [bx+si], al
seg000:1A9B             add     [bx+si], al
seg000:1A9D             add     [bx+si], al
seg000:1A9F             add     [bx+si], al
seg000:1AA1             add     [bx+si], al
seg000:1AA3             add     [bx+si], al
seg000:1AA5             add     [bx+si], al
seg000:1AA7             add     [bx+si], al
seg000:1AA9             add     [bx+si], al
seg000:1AAB             add     [bx+si], al
seg000:1AAD             add     [bx+si], al
seg000:1AAF             add     [bx+si], al
seg000:1AB1             add     [bx+si], al
seg000:1AB3             add     [bx+si], al
seg000:1AB5             add     [bx+si], al
seg000:1AB7             add     [bx+si], al
seg000:1AB9             add     [bx+si], al
seg000:1ABB             add     [bx+si], al
seg000:1ABD             add     [bx+si], al
seg000:1ABF             add     [bx+si], al
seg000:1AC1             add     [bx+si], al
seg000:1AC3             add     [bx+si], al
seg000:1AC5             add     [bx+si], al
seg000:1AC7             add     [bx+si], al
seg000:1AC9             add     [bx+si], al
seg000:1ACB             add     [bx+si], al
seg000:1ACD             add     [bx+si], al
seg000:1ACF             add     [bx+si], al
seg000:1AD1             add     [bx+si], al
seg000:1AD3             add     [bx+si], al
seg000:1AD5             add     [bx+si], al
seg000:1AD7             add     [bx+si], al
seg000:1AD9             add     [bx+si], al
seg000:1ADB             add     [bx+si], al
seg000:1ADD             add     [bx+si], al
seg000:1ADF             add     [bx+si], al
seg000:1AE1             add     [bx+si], al
seg000:1AE3             add     [bx+si], al
seg000:1AE5             add     [bx+si], al
seg000:1AE7             add     [bx+si], al
seg000:1AE9             add     [bx+si], al
seg000:1AEB             add     [bx+si], al
seg000:1AED             add     [bx+si], al
seg000:1AEF             add     [bx+si], al
seg000:1AF1             add     [bx+si], al
seg000:1AF3             add     [bx+si], al
seg000:1AF5             add     [bx+si], al
seg000:1AF7             add     [bx+si], al
seg000:1AF9             add     [bx+si], al
seg000:1AFB             add     [bx+si], al
seg000:1AFD             add     [bx+si], al
seg000:1AFF             add     [bx+si], al
seg000:1B01             add     [bx+si], al
seg000:1B03             add     [bx+si], al
seg000:1B05             add     [bx+si], al
seg000:1B07             add     [bx+si], al
seg000:1B09             add     [bx+si], al
seg000:1B0B             add     [bx+si], al
seg000:1B0D             add     [bx+si], al
seg000:1B0F             add     [bx+si], al
seg000:1B11             add     [bx+si], al
seg000:1B13             add     [bx+si], al
seg000:1B15             add     [bx+si], al
seg000:1B17             add     [bx+si], al
seg000:1B19             add     [bx+si], al
seg000:1B1B             add     [bx+si], al
seg000:1B1D             add     [bx+si], al
seg000:1B1F             add     [bx+si], al
seg000:1B21             add     [bx+di+6Eh], cl
seg000:1B24             jnb     short loc_11B9B
seg000:1B26             imul    esp, dword ptr [bp+69h+di], 20746E65h
seg000:1B2F             insw
seg000:1B30             insw
seg000:1B32             outsw
seg000:1B33             jb      short loc_11BAE
seg000:1B35             and     [bp+6Fh], ah
seg000:1B38             jb      short loc_11B5A
seg000:1B3A             dec     bp
seg000:1B3B             inc     bx
seg000:1B3C             inc     di
seg000:1B3D             inc     cx
seg000:1B3E             and     [bx+72h], ah
seg000:1B41             popaw
seg000:1B42             jo      short loc_11BAC
seg000:1B44             imul    sp, word ptr [bp+73h+di], 4D24h
seg000:1B49             inc     bx
seg000:1B4A             inc     di
seg000:1B4B             inc     cx
seg000:1B4C             and     [bx+di+73h], ch
seg000:1B4F             and     [bp+6Fh], ch
seg000:1B52             je      short loc_11B74
seg000:1B54             jnb     short loc_11BCB
seg000:1B56             jo      short loc_11BC8
seg000:1B58             outsw
seg000:1B59             jb      short loc_11BCF
seg000:1B5B             and     fs:[bx+6Eh], ch
seg000:1B60             and     [bx+di+6Fh], bh
seg000:1B63             jne     short loc_11BD7
seg000:1B65             and     [di+61h], ch
seg000:1B68             arpl    [bx+si+69h], bp
seg000:1B6B             outsb
seg000:1B6C             and     al, 0
seg000:1B6F             add     [bp+si], dh
seg000:1B71             add     [si], ah
seg000:1B74
seg000:1B74 loc_11B74:                              ; CODE XREF: sub_10814+133E↑j
seg000:1B74             add     [bx+si], al         ; CODE XREF: sub_10814+133E↑j
seg000:1B76             add     [bx+si], al
seg000:1B78             add     [bx+si], al
seg000:1B7A             jnb     loc_1CE99
seg000:1B7E             sbb     sp, bx
seg000:1B80             sbb     dx, word ptr [bp+di]
seg000:1B82             sbb     al, 0
seg000:1B84             add     [bx+si], al
seg000:1B86             add     [bx+si], al
seg000:1B88             sub     al, [bx+si]
seg000:1B8A             sub     al, [bx+si]
seg000:1B8C             add     [bp+si], ch
seg000:1B8E             sub     ch, [bp+si]
seg000:1B90             add     [bx+si], al
seg000:1B92             sub     al, [bx+si]
seg000:1B94             sub     ch, [bp+si]
seg000:1B96             adc     ax, 2A00h
seg000:1B99             sub     ch, [bp+si]
seg000:1B9B
seg000:1B9B loc_11B9B:                              ; CODE XREF: sub_10814+1310↑j
seg000:1B9B             adc     ax, 1515h           ; CODE XREF: sub_10814+1310↑j
seg000:1B9E             adc     ax, 3F15h
seg000:1BA1             adc     ax, 153Fh
seg000:1BA4             adc     ax, 3F3Fh
seg000:1BA7             aas
seg000:1BA8             adc     ax, 3F15h
seg000:1BAB             adc     ax, 3F3Fh
seg000:1BAE
seg000:1BAE loc_11BAE:                              ; CODE XREF: sub_10814+131F↑j
seg000:1BAE             aas                         ; CODE XREF: sub_10814+131F↑j
seg000:1BAF             adc     ax, 3F3Fh
seg000:1BB2             aas
seg000:1BB3             add     [bx+si], al
seg000:1BB5             add     [bx+si], al
seg000:1BB7             add     [bp+si], ch
seg000:1BB9             add     [bp+si], ch
seg000:1BBB             add     [bx+si], al
seg000:1BBD             sub     ch, [bp+si]
seg000:1BBF             sub     al, [bx+si]
seg000:1BC1             add     [bx+si], al
seg000:1BC3             add     [bx+si], al
seg000:1BC5             sub     dl, [di]
seg000:1BC7             add     [bp+si], ch
seg000:1BC9             sub     ch, [bp+si]
seg000:1BCB
seg000:1BCB loc_11BCB:                              ; CODE XREF: sub_10814+1340↑j
seg000:1BCB             adc     ax, 1515h           ; CODE XREF: sub_10814+1340↑j
seg000:1BCE             adc     ax, 3F15h
seg000:1BD1             adc     ax, 153Fh
seg000:1BD4             adc     ax, 3F3Fh
seg000:1BD7
seg000:1BD7 loc_11BD7:                              ; CODE XREF: sub_10814+134F↑j
seg000:1BD7             aas                         ; CODE XREF: sub_10814+134F↑j
seg000:1BD8             adc     ax, 3F15h
seg000:1BDB             adc     ax, 3F3Fh
seg000:1BDE             aas
seg000:1BDF             adc     ax, 3F3Fh
seg000:1BE2             aas
seg000:1BE3             add     [bx+si], al
seg000:1BE5             add     [bx+si], al
seg000:1BE7             add     [bp+si], ch
seg000:1BE9             add     [bp+si], ch
seg000:1BEB             add     [bx+si], al
seg000:1BED             sub     ch, [bp+si]
seg000:1BEF             sub     al, [bx+si]
seg000:1BF1             add     [bp+si], ch
seg000:1BF3             add     [bp+si], ch
seg000:1BF5             sub     dl, [di]
seg000:1BF7             add     [bp+si], ch
seg000:1BF9             sub     ch, [bp+si]
seg000:1BFB             adc     ax, 1515h
seg000:1BFE             adc     ax, 3F15h
seg000:1C01             adc     ax, 153Fh
seg000:1C04             adc     ax, 3F3Fh
seg000:1C07             aas
seg000:1C08             adc     ax, 15h
seg000:1C0B             add     [bx+si], al
seg000:1C0D             aas
seg000:1C0E             aas
seg000:1C0F             adc     ax, 3F3Fh
seg000:1C12             aas
seg000:1C13             add     [bx+si], al
seg000:1C15             add     [bx+si], al
seg000:1C17             add     [bx+si], al
seg000:1C19             add     [bx+si], al
seg000:1C1B             add     [bx+si], al
seg000:1C1D             add     [bx+si], al
seg000:1C1F             add     [bx+si], al
seg000:1C21             add     [bx+si], al
seg000:1C23             add     [bx+si], al
seg000:1C25             add     [bx+si], al
seg000:1C27             add     [bx+si], al
seg000:1C29             add     [bx+si], al
seg000:1C2B             add     [bx+si], al
seg000:1C2D             add     [bx+si], al
seg000:1C2F             add     [bx+si], al
seg000:1C31             add     [bx+si], al
seg000:1C33             add     [bx+si], al
seg000:1C35             add     [bx+si], al
seg000:1C37             add     [bx+si], al
seg000:1C39             add     [bx+si], al
seg000:1C3B             add     [bx+si], al
seg000:1C3D             add     [bx+si], al
seg000:1C3F             add     [bx+si], al
seg000:1C41             add     [bx+si], al
seg000:1C43             add     [bx+si], al
seg000:1C45             add     [bx+si], al
seg000:1C47             add     [bx+si], al
seg000:1C49             add     [bx+si], al
seg000:1C4B             add     [bx+si], al
seg000:1C4D             add     [bx+si], al
seg000:1C4F             add     [bx+si], al
seg000:1C51             add     [bx], al
seg000:1C54             clc
seg000:1C55             add     [bx+si], bh
seg000:1C58             enter   1A00h, 0
seg000:1C5C             sbb     al, [bx+si]
seg000:1C5E             inc     sp
seg000:1C5F             add     [si], al
seg000:1C62             push    si
seg000:1C63             add     [bp], dl
seg000:1C66             bound   ax, [bx+si]
seg000:1C68             bound   ax, [bx+si]
seg000:1C6A             add     [bx+si], al
seg000:1C6C             add     [bx+si], al
seg000:1C6E             add     [bx+si], al
seg000:1C70             add     [bx+si], al
seg000:1C72             add     [bx+si], al
seg000:1C74             add     [bx+si], al
seg000:1C76             add     [bx+si], al
seg000:1C78             add     [bx+si], al
seg000:1C7A             add     [bx+si], al
seg000:1C7C             add     [bx+si], al
seg000:1C7E             add     [bx+si], al
seg000:1C80             add     [bx+si], al
seg000:1C82             add     [bx+si], al
seg000:1C84             add     [bx], al
seg000:1C86             lsl     cx, [bx]
seg000:1C89             add     cl, [bx]
seg000:1C8B             add     [bx], cx
seg000:1C8D             add     bl, [bx]
seg000:1C8F             add     [bx], bx
seg000:1C91             add     [bx], di
seg000:1C93             add     [bx], cl
seg000:1C96             or      al, 4
seg000:1C98             or      al, 0Eh
seg000:1C9A             rol     byte ptr [si], cl
seg000:1C9C             inc     bx
seg000:1C9D             outsw
seg000:1C9E             jo      short loc_11D19
seg000:1CA0             jb      short loc_11D0B
seg000:1CA2             push    2074h
seg000:1CA6             sub     [bp+29h+di], al
seg000:1CA9             and     [bx+di], dh
seg000:1CAB             cmp     [bx+si], di
seg000:1CAD             cmp     [bx+si], ah
seg000:1CAF             bound   di, dword ptr start+20h[bx+di]
seg000:1CB2             dec     bp
seg000:1CB3             imul    sp, word ptr [bp+72h+di], 506Fh
seg000:1CB8             jb      short loc_11D29
seg000:1CBA             jnb     short loc_11D21
seg000:1CBC             and     [bp+6Fh+di], dl
seg000:1CBF             je      loc_11D39
seg000:1CC2             popaw
seg000:1CC3             jb      short loc_11D2A
seg000:1CC5             sub     al, 20h
seg000:1CC7             inc     cx
seg000:1CC8             insb
seg000:1CC9             insb
seg000:1CCA             and     [bp+69h+si], dl
seg000:1CCD             push    7374h
seg000:1CD1             and     [bp+65h+si], dl
seg000:1CD4             jnb     short loc_11D3B
seg000:1CD6             jb      short loc_11D4E
seg000:1CD8             add     cs:[bx+si], al
seg000:1CDD             add     byte ptr start+1h[bx+si], al
seg000:1CE0             add     byte ptr [bp+si], 0C0h
seg000:1CE3             add     ax, [bx+si]
seg000:1CE5             add     ax, 640h
seg000:1CE8             add     byte ptr [bx], 0C0h
seg000:1CEB             or      [bx+si], al
seg000:1CED             or      al, byte ptr start+0Bh[bx+si]
seg000:1CF0             or      byte ptr [si], 0C0h
seg000:1CF3             or      ax, 0F00h
seg000:1CF6             inc     ax
seg000:1CF7             adc     byte_1C011[bx+si], al
seg000:1CFB             adc     al, [bx+si]
seg000:1CFD             adc     al, 40h
seg000:1CFF             adc     ax, 1680h
seg000:1D02             rcl     byte ptr [bx], 0
seg000:1D05             sbb     start+1Ah[bx+si], ax
seg000:1D08             sbb     byte ptr [bp+di], 0C0h
seg000:1D0B
seg000:1D0B loc_11D0B:                              ; CODE XREF: sub_10814+148C↑j
seg000:1D0B             sbb     al, 0               ; CODE XREF: sub_10814+148C↑j
seg000:1D0D             push    ds
seg000:1D0E             inc     ax
seg000:1D0F             pop     ds
seg000:1D10             and     byte ptr [bx+si], 0C0h
seg000:1D13             and     [bx+si], ax
seg000:1D15             and     ax, start+24h[bx+si]
seg000:1D18             and     byte ptr [di], 0C0h
seg000:1D1B             add     es:[bx+si], ch
seg000:1D1E             inc     ax
seg000:1D1F             sub     word_1C02A[bx+si], ax
seg000:1D23             sub     ax, [bx+si]
seg000:1D25             sub     ax, 2E40h
seg000:1D28             sub     byte ptr [bx], 0C0h
seg000:1D2B             xor     [bx+si], al
seg000:1D2D             xor     al, byte ptr start+33h[bx+si]
seg000:1D30             xor     byte ptr [si], 0C0h
seg000:1D33             xor     ax, 3700h
seg000:1D36             inc     ax
seg000:1D37             cmp     byte_1C039[bx+si], al
seg000:1D3B
seg000:1D3B loc_11D3B:                              ; CODE XREF: sub_10814+14C0↑j
seg000:1D3B             cmp     al, [bx+si]         ; CODE XREF: sub_10814+14C0↑j
seg000:1D3D             cmp     al, 40h
seg000:1D3F             cmp     ax, 3E80h
seg000:1D42             sar     byte ptr [bx], 0
seg000:1D45             inc     cx
seg000:1D46             inc     ax
seg000:1D47             inc     dx
seg000:1D48             add     byte ptr [bp-40h+di], 44h
seg000:1D4C             add     [bp+40h], al
seg000:1D4F             inc     di
seg000:1D50             or      byte ptr byte_1FFC0[bx+si], 49h
seg000:1D54             add     [bp+40h+di], cl
seg000:1D57             dec     sp
seg000:1D58             or      byte ptr byte_1FFC0[di], 4Eh
seg000:1D5C             add     byte ptr start+40h[bx+si], dl
seg000:1D5F             push    cx
seg000:1D60             adc     byte ptr [bp-40h+si], 53h
seg000:1D64             add     byte ptr start+40h[di], dl
seg000:1D67             push    si
seg000:1D68             adc     byte ptr byte_1FFC0[bx], 58h
seg000:1D6C             add     [bp+40h+si], bl
seg000:1D6F             pop     bx
seg000:1D70             sbb     byte ptr byte_1FFC0[si], 5Dh
seg000:1D74             add     byte ptr start+40h[bx], bl
seg000:1D77             pushaw
seg000:1D78             and     byte ptr byte_1FFC0[bx+di], 62h
seg000:1D7C             add     byte ptr start+40h[si], ah
seg000:1D7F             and     byte ptr gs:[bp-40h], 67h
seg000:1D84             add     byte ptr start+40h[bx+di], ch
seg000:1D87             push    -80h
seg000:1D89             imul    ax, ax, 6Ch
seg000:1D8C             add     [bp+40h], ch
seg000:1D8F             outsw
seg000:1D90             xor     byte ptr byte_1FFC0[bx+si], 71h
seg000:1D94             add     [bp+40h+di], dh
seg000:1D97             je      short loc_11D19
seg000:1D99             jne     short loc_11D5B
seg000:1D9B             jbe     short loc_11D9D
seg000:1D9D
seg000:1D9D loc_11D9D:                              ; CODE XREF: sub_10814+1587↑j
seg000:1D9D             js      short loc_11DDF     ; CODE XREF: sub_10814+1587↑j
seg000:1D9F             jns     short loc_11D21
seg000:1DA1             jp      short loc_11D63
seg000:1DA3             jnp     short loc_11DA5
seg000:1DA5
seg000:1DA5 loc_11DA5:                              ; CODE XREF: sub_10814+158F↑j
seg000:1DA5             jge     short loc_11DE7     ; CODE XREF: sub_10814+158F↑j
seg000:1DA7             jle     short loc_11D29
seg000:1DA9             jg      short loc_11D6B
seg000:1DAB             add     byte ptr [bx+si], 82h
seg000:1DAE             inc     ax
seg000:1DAF             add     word ptr word_1C084[bx+si], -7Bh
seg000:1DB4             add     byte_18840[bx], al
seg000:1DB8             or      byte ptr byte_18AC0[bx+di], 0
seg000:1DBD             mov     word_1FF8D[bx+si], es
seg000:1DC0             or      byte ptr [bp-7040h], 0
seg000:1DC5             xchg    cx, ax
seg000:1DC6             inc     ax
seg000:1DC7             xchg    dx, ax
seg000:1DC8             adc     byte ptr [bp-6B40h+di], 0
seg000:1DCD             xchg    si, ax
seg000:1DCE             inc     ax
seg000:1DCF             xchg    di, ax
seg000:1DD0             sbb     byte ptr byte_199C0[bx+si], 0
seg000:1DD5             wait
seg000:1DD6             inc     ax
seg000:1DD7             pushf
seg000:1DD8             sbb     byte ptr byte_19EC0[di], 0
seg000:1DDD             mov     al, byte_1A140
seg000:1DE0             and     byte ptr [bp-5C40h+si], 0
seg000:1DE5             movsw
seg000:1DE6             inc     ax
seg000:1DE7
seg000:1DE7 loc_11DE7:                              ; CODE XREF: sub_10814:loc_11DA5↑j
seg000:1DE7             cmpsb                       ; CODE XREF: sub_10814:loc_11DA5↑j
seg000:1DE8             and     byte ptr byte_1A8C0[bx], 0
seg000:1DED             stosb
seg000:1DEE             inc     ax
seg000:1DEF             stosw
seg000:1DF0             sub     byte ptr byte_1ADC0[si], 0
seg000:1DF5             scasw
seg000:1DF6             inc     ax
seg000:1DF7             mov     al, 80h
seg000:1DF9             mov     cl, 0C0h
seg000:1DFB             mov     dl, 0
seg000:1DFD             mov     ah, 40h
seg000:1DFF             mov     ch, 80h
seg000:1E01             mov     dh, 0C0h
seg000:1E03             mov     bh, 0
seg000:1E05             mov     cx, 0BA40h
seg000:1E08             cmp     byte ptr [bp-4340h+di], 0
seg000:1E0D sub_10814       endp
seg000:1E0D
seg000:1E0D
seg000:1E0D ; =============== S U B R O U T I N E =======================================
seg000:1E0D
seg000:1E0D
seg000:1E0D $WHOME          proc near
seg000:1E0D             mov     si, 0BF40h
seg000:1E10             add     al, 0C0h
seg000:1E13             rol     word ptr [bx+si], 0C3h
seg000:1E16             inc     ax
seg000:1E17             les     ax, word_1C0C5[bx+si]
seg000:1E1B             mov     byte ptr [bx+si], 0C8h
seg000:1E1E             inc     ax
seg000:1E1F             leave
seg000:1E20             or      dl, 0C0h
seg000:1E23             retf
seg000:1E24             add     ch, cl
seg000:1E26             inc     ax
seg000:1E27             into
seg000:1E28             or      bh, 0C0h
seg000:1E2B             rol     byte ptr [bx+si], 1
seg000:1E2D             rol     byte ptr byte_1FFD3[bx+si], cl
seg000:1E30             adc     ah, 0C0h
seg000:1E33             aad     0
seg000:1E35             xlat
seg000:1E36             inc     ax
seg000:1E37             fadd    dword ptr dword_1C0D9[bx+si]
seg000:1E3B             fiadd   dword ptr [bx+si]
seg000:1E3D             fadd    qword ptr byte_1FFDD[bx+si]
seg000:1E40             sbb     dh, 0C0h
seg000:1E43             fild    word ptr [bx+si]
seg000:1E45             loope   loc_11E87
seg000:1E47             loop    loc_11DC9
seg000:1E49             jcxz    loc_11E0B
seg000:1E4B             in      al, 0
seg000:1E4D             out     40h, al
seg000:1E4F             out     80h, ax
seg000:1E51             call    sub_10814
seg000:1E54             add     bl, ch
seg000:1E56             inc     ax
seg000:1E57             in      al, dx
seg000:1E58             sub     ch, 0C0h
seg000:1E5B             out     dx, al
seg000:1E5C             add     al, dh
seg000:1E5E             inc     ax
seg000:1E5F             int1
seg000:1E60             xor     dl, 0C0h
seg000:1E63             add     ch, dh
seg000:1E66             inc     ax
seg000:1E67             test    byte ptr byte_1C0F7[bx+si], 0F8h
seg000:1E6C             add     [bx+si], al
seg000:1E6E             add     [bx+si], al
seg000:1E70             add     word_1FF8B[di], dx
seg000:1E73             in      al, dx
seg000:1E74             push    di
seg000:1E75 $WHOME          endp
seg000:1E75
seg000:1E75
seg000:1E75 ; =============== S U B R O U T I N E =======================================
seg000:1E75
seg000:1E75
seg000:1E75 gety            proc near
seg000:1E75             push    ds
seg000:1E76             mov     ax, seg seg000
seg000:1E79             mov     ds, ax
seg000:1E7B             mov     di, word ptr [bp+8]
seg000:1E7E             shl     di, 1
seg000:1E80             mov     bx, loc_100D8+0Ah[di]
seg000:1E84             mov     di, word ptr [bp+6]
seg000:1E87
seg000:1E87 loc_11E87:                              ; CODE XREF: $WHOME+38↑j
seg000:1E87             cmp     di, 80h             ; CODE XREF: $WHOME+38↑j
seg000:1E8B             jb      short loc_11E93
seg000:1E8D             mov     ax, 0
seg000:1E90             jmp     short loc_11E97
seg000:1E92             nop
seg000:1E93
seg000:1E93 loc_11E93:                              ; CODE XREF: gety+16↑j
seg000:1E93             mov     al, [bx+di]         ; CODE XREF: gety+16↑j
seg000:1E95             sub     ah, ah
seg000:1E97
seg000:1E97 loc_11E97:                              ; CODE XREF: gety+1B↑j
seg000:1E97             pop     ds                  ; CODE XREF: gety+1B↑j
seg000:1E98             pop     di
seg000:1E99             mov     sp, bp
seg000:1E9B             pop     bp
seg000:1E9C             retf
seg000:1E9D             retf
seg000:1E9E             retf
seg000:1E9F             retf
seg000:1EA0             add     dl, bh
seg000:1EA2             add     dl, bh
seg000:1EA4             add     [bx+si], al
seg000:1EA6             add     [bx+si], ax
seg000:1EA8             add     [bx+si], ax
seg000:1EAA             add     [bx+si], ax
seg000:1EAC             add     [bx+si], al
seg000:1EAE             mov     ax, word ptr cs:1D0h
seg000:1EB2             retf
seg000:1EB3             retf
seg000:1EB4             mov     ax, word ptr cs:1D2h
seg000:1EB8             retf
seg000:1EB9             mov     ax, word ptr cs:1D4h
seg000:1EBD             retf
seg000:1EBE             mov     ax, word ptr cs:1D6h
seg000:1EC2             retf
seg000:1EC3             mov     ax, word ptr cs:1D8h
seg000:1EC7             retf
seg000:1EC8             mov     ax, word ptr cs:1DAh
seg000:1ECC             retf
seg000:1ECD             mov     ax, word ptr cs:1DCh
seg000:1ED1             retf
seg000:1ED2             mov     ah, 48h
seg000:1ED4             mov     bx, 0FFFFh
seg000:1ED7             int     21h
seg000:1ED9             cmp     ax, 8
seg000:1EDC             jne     short loc_11EE1
seg000:1EDE             mov     ax, bx
seg000:1EE0             retf
seg000:1EE1 ; ---------------------------------------------------------------------------
seg000:1EE1
seg000:1EE1 loc_11EE1:                              ; CODE XREF: gety+67↑j
seg000:1EE1             xor     ax, ax              ; CODE XREF: gety+67↑j
seg000:1EE3             retf
seg000:1EE4             mov     ax, 13h
seg000:1EE7             int     10h
seg000:1EE9             mov     ah, 0Fh
seg000:1EEB             int     10h
seg000:1EED             cmp     al, 13h
seg000:1EEF             jne     short loc_11EF2
seg000:1EF1             retf
seg000:1EF2 ; ---------------------------------------------------------------------------
seg000:1EF2
seg000:1EF2 loc_11EF2:                              ; CODE XREF: gety+7A↑j
seg000:1EF2             mov     dx, 1B48h           ; CODE XREF: gety+7A↑j
seg000:1EF5             jmp     short loc_11F51
seg000:1EF7             nop
seg000:1EF8             mov     dx, 3DAh
seg000:1EFB
seg000:1EFB loc_11EFB:                              ; CODE XREF: gety+89↓j
seg000:1EFB             in      al, dx              ; CODE XREF: gety+89↓j
seg000:1EFC             test    al, 8
seg000:1EFE             je      short loc_11EFB
seg000:1F00             mov     dx, 3D8h
seg000:1F03             mov     al, 2
seg000:1F05             out     dx, al
seg000:1F06             mov     dx, 3C4h
seg000:1F09             mov     al, 1
seg000:1F0B             out     dx, al
seg000:1F0C             inc     dx
seg000:1F0D             in      al, dx
seg000:1F0E             or      al, 20h
seg000:1F10             out     dx, al
seg000:1F11             retf
seg000:1F12             mov     dx, 3DAh
seg000:1F15
seg000:1F15 loc_11F15:                              ; CODE XREF: gety+A3↓j
seg000:1F15             in      al, dx              ; CODE XREF: gety+A3↓j
seg000:1F16             test    al, 8
seg000:1F18             je      short loc_11F15
seg000:1F1A             mov     dx, 3D8h
seg000:1F1D             mov     al, 0Ah
seg000:1F1F             out     dx, al
seg000:1F20             mov     dx, 3C4h
seg000:1F23             mov     al, 1
seg000:1F25             out     dx, al
seg000:1F26             inc     dx
seg000:1F27             in      al, dx
seg000:1F28             and     al, 0DFh
seg000:1F2A             out     dx, al
seg000:1F2B             retf
seg000:1F2C             mov     bx, sp
seg000:1F2E             cmp     word ptr ss:start+4h[bx], 0
seg000:1F33             jne     short loc_11F3A
seg000:1F35             mov     ax, cs:loc_1067F
seg000:1F39             retf
seg000:1F3A ; ---------------------------------------------------------------------------
seg000:1F3A
seg000:1F3A loc_11F3A:                              ; CODE XREF: gety+BE↑j
seg000:1F3A             mov     ah, 48h             ; CODE XREF: gety+BE↑j
seg000:1F3C             mov     bx, word ptr cs:1D2h
seg000:1F41             shr     bx, 1
seg000:1F43             shr     bx, 1
seg000:1F45             shr     bx, 1
seg000:1F47             shr     bx, 1
seg000:1F49             int     21h
seg000:1F4B             jb      short loc_11F4E
seg000:1F4D             retf
seg000:1F4E ; ---------------------------------------------------------------------------
seg000:1F4E
seg000:1F4E loc_11F4E:                              ; CODE XREF: gety+D6↑j
seg000:1F4E             mov     dx, 1B22h           ; CODE XREF: gety+D6↑j
seg000:1F51
seg000:1F51 loc_11F51:                              ; CODE XREF: gety+80↑j
seg000:1F51             mov     ax, 3               ; CODE XREF: gety+80↑j
seg000:1F54             int     10h
seg000:1F56             mov     ax, seg seg000
seg000:1F59             mov     ds, ax
seg000:1F5B             mov     ah, 9
seg000:1F5D             int     21h
seg000:1F5F gety            endp
seg000:1F5F
seg000:1F5F
seg000:1F5F ; =============== S U B R O U T I N E =======================================
seg000:1F5F
seg000:1F5F
seg000:1F5F $RTM_EXIT       proc near
seg000:1F5F             mov     ax, 4C00h
seg000:1F62             int     21h
seg000:1F64             mov     bx, sp
seg000:1F66             mov     bx, ss:start+4h[bx]
seg000:1F6A             push    es
seg000:1F6B             mov     ax, seg seg000
seg000:1F6E             mov     es, ax
seg000:1F70             shl     bx, 1
seg000:1F72             mov     dx, es:[bx+1B7Bh]
seg000:1F77             mov     ax, 1012h
seg000:1F7A             mov     bx, 0
seg000:1F7D             mov     cx, 10h
seg000:1F80             int     10h
seg000:1F82             pop     es
seg000:1F83             call    far ptr 1CDh:242h
seg000:1F88             retf
seg000:1F89             mov     bx, sp
seg000:1F8B             mov     ah, byte ptr ss:start+4h[bx]
seg000:1F8F             push    ds
seg000:1F90             mov     dx, seg seg000
seg000:1F93             mov     ds, dx
seg000:1F95             mov     byte ptr loc_11B74+6h, ah
seg000:1F99             pop     ds
seg000:1F9A             retf
seg000:1F9B             retf
seg000:1F9C             push    ds
seg000:1F9D             push    es
seg000:1F9E             mov     ax, seg seg000
seg000:1FA1             mov     ds, ax
seg000:1FA3             mov     es, word ptr cs:19Ch
seg000:1FA8
seg000:1FA8 loc_11FA8:                              ; CODE XREF: sub_11FAF+3E↓j
seg000:1FA8             call    sub_11FAF           ; CODE XREF: sub_11FAF+3E↓j
seg000:1FAB             stosb
seg000:1FAC             pop     es
seg000:1FAD             pop     ds
seg000:1FAE             retf
seg000:1FAF $RTM_EXIT       endp
seg000:1FAF
seg000:1FAF
seg000:1FAF ; =============== S U B R O U T I N E =======================================
seg000:1FAF
seg000:1FAF
seg000:1FAF sub_11FAF       proc near               ; CODE XREF: $RTM_EXIT:loc_11FA8↑p
seg000:1FAF                                         ; sub_11FAF+60↓p
seg000:1FAF             mov     al, byte ptr loc_11B74+6h; CODE XREF: $RTM_EXIT:loc_11FA8↑p
seg000:1FAF                                         ; sub_11FAF+60↓p
seg000:1FB2             mov     di, word ptr loc_11B5A+16h
seg000:1FB6             shl     di, 1
seg000:1FB8             mov     di, cs:start+0Ch[di]
seg000:1FBD             add     di, word ptr cs:19Eh
seg000:1FC2             add     di, word ptr loc_11B5A+14h
seg000:1FC6             retn
seg000:1FC7             push    ds
seg000:1FC8             push    es
seg000:1FC9             mov     di, seg seg000
seg000:1FCC             mov     ds, di
seg000:1FCE             mov     es, word ptr cs:19Ch
seg000:1FD3             cmp     ax, cx
seg000:1FD5             jbe     short loc_11FDA
seg000:1FD7             xchg    cx, ax
seg000:1FD8             xchg    dx, bx
seg000:1FDA
seg000:1FDA loc_11FDA:                              ; CODE XREF: sub_11FAF+26↑j
seg000:1FDA             mov     word ptr loc_11B5A+14h, ax; CODE XREF: sub_11FAF+26↑j
seg000:1FDD             mov     word ptr loc_11B5A+16h, bx
seg000:1FE1             mov     word ptr loc_11B5A+18h, cx
seg000:1FE5             mov     loc_11B74, dx
seg000:1FE9             jne     short loc_11FEF
seg000:1FEB             cmp     bx, dx
seg000:1FED             je      short loc_11FA8
seg000:1FEF
seg000:1FEF loc_11FEF:                              ; CODE XREF: sub_11FAF+3A↑j
seg000:1FEF             mov     si, 1               ; CODE XREF: sub_11FAF+3A↑j
seg000:1FF2             mov     bp, 140h
seg000:1FF5             sub     cx, ax
seg000:1FF7             sub     dx, bx
seg000:1FF9             jns     short loc_11FFF
seg000:1FFB             neg     bp
seg000:1FFD             neg     dx
seg000:1FFF
seg000:1FFF loc_11FFF:                              ; CODE XREF: sub_11FAF+4A↑j
seg000:1FFF             cmp     cx, dx              ; CODE XREF: sub_11FAF+4A↑j
seg000:2001             jnb     short loc_12007
seg000:2003             xchg    bp, si
seg000:2005             xchg    dx, cx
seg000:2007
seg000:2007 loc_12007:                              ; CODE XREF: sub_11FAF+52↑j
seg000:2007             mov     loc_11B74+2h, cx    ; CODE XREF: sub_11FAF+52↑j
seg000:200B             mov     loc_11B74+4h, dx
seg000:200F             call    sub_11FAF
seg000:2012             mov     bx, loc_11B74+4h
seg000:2016             mov     cx, loc_11B74+2h
seg000:201A             mov     dx, cx
seg000:201C             inc     dx
seg000:201D             shr     dx, 1
seg000:201F             neg     dx
seg000:2021             dec     si
seg000:2022
seg000:2022 loc_12022:                              ; CODE XREF: sub_11FAF+7B↓j
seg000:2022                                         ; sub_11FAF+83↓j
seg000:2022             stosb                       ; CODE XREF: sub_11FAF+7B↓j
seg000:2022                                         ; sub_11FAF+83↓j
seg000:2023             dec     cx
seg000:2024             js      short loc_12034
seg000:2026             add     di, si
seg000:2028             add     dx, bx
seg000:202A             js      short loc_12022
seg000:202C             sub     dx, loc_11B74+2h
seg000:2030             add     di, bp
seg000:2032             jmp     short loc_12022
seg000:2034 ; ---------------------------------------------------------------------------
seg000:2034
seg000:2034 loc_12034:                              ; CODE XREF: sub_11FAF+75↑j
seg000:2034             pop     es                  ; CODE XREF: sub_11FAF+75↑j
seg000:2035             pop     ds
seg000:2036             retf
seg000:2037             push    bp
seg000:2038             mov     bp, sp
seg000:203A             push    si
seg000:203B             push    di
seg000:203C             mov     bx, word ptr [bp+8]
seg000:203F             mov     bp, word ptr [bp+6]
seg000:2042             call    far ptr 1CDh:4A9h
seg000:2047             pop     di
seg000:2048             pop     si
seg000:2049             pop     bp
seg000:204A             retf
seg000:204B             push    bp
seg000:204C             mov     bp, sp
seg000:204E             push    si
seg000:204F             push    di
seg000:2050             mov     bx, word ptr [bp+8]
seg000:2053             mov     bp, word ptr [bp+6]
seg000:2056             call    far ptr 1CDh:3CBh
seg000:205B             pop     di
seg000:205C             pop     si
seg000:205D             pop     bp
seg000:205E             retf
seg000:205F             push    bp
seg000:2060             mov     bp, sp
seg000:2062             push    si
seg000:2063             push    di
seg000:2064             mov     bx, word ptr [bp+8]
seg000:2067             mov     bp, word ptr [bp+6]
seg000:206A             call    far ptr 1CDh:45Fh
seg000:206F             pop     di
seg000:2070             pop     si
seg000:2071             pop     bp
seg000:2072             retf
seg000:2073             push    bp
seg000:2074             mov     bp, sp
seg000:2076             push    si
seg000:2077             push    di
seg000:2078             mov     bx, word ptr [bp+8]
seg000:207B             mov     bp, word ptr [bp+6]
seg000:207E             call    far ptr 1CDh:3DAh
seg000:2083             pop     di
seg000:2084             pop     si
seg000:2085             pop     bp
seg000:2086             retf
seg000:2087             push    bp
seg000:2088             mov     bp, sp
seg000:208A             push    si
seg000:208B             push    di
seg000:208C             mov     bx, word ptr [bp+8]
seg000:208F             mov     bp, word ptr [bp+6]
seg000:2092             call    far ptr 1CDh:416h
seg000:2097             pop     di
seg000:2098             pop     si
seg000:2099             pop     bp
seg000:209A             retf
seg000:209B             call    sub_12289
seg000:209E             call    sub_120B3
seg000:20A1             call    sub_120EF
seg000:20A4             call    sub_12138
seg000:20A7             jmp     loc_1217C
seg000:20AA             call    sub_12289
seg000:20AD             call    sub_120B3
seg000:20B0             jmp     loc_1217C
seg000:20B3 sub_11FAF       endp
seg000:20B3
seg000:20B3
seg000:20B3 ; =============== S U B R O U T I N E =======================================
seg000:20B3
seg000:20B3
seg000:20B3 sub_120B3       proc near               ; CODE XREF: sub_11FAF+EF↑p
seg000:20B3                                         ; sub_11FAF+FE↑p
seg000:20B3             cmp     byte ptr ds:1C4Ah, 0FFh; CODE XREF: sub_11FAF+EF↑p
seg000:20B3                                         ; sub_11FAF+FE↑p
seg000:20B8             je      short loc_120E5
seg000:20BA             mov     ax, word ptr [bp+12h]
seg000:20BD             mov     dx, word ptr [bp+8]
seg000:20C0             cmp     dx, ax
seg000:20C2             jnb     short loc_120E5
seg000:20C4             mov     word ptr [bp+8], ax
seg000:20C7             sub     ax, dx
seg000:20C9             div     byte ptr ds:1C4Ah
seg000:20CD             mov     byte ptr ds:1C4Bh, ah
seg000:20D1             sub     byte ptr ds:1C44h, ah
seg000:20D5             inc     al
seg000:20D7
seg000:20D7 loc_120D7:                              ; CODE XREF: sub_120B3+2D↓j
seg000:20D7             dec     al                  ; CODE XREF: sub_120B3+2D↓j
seg000:20D9             je      short loc_120E5
seg000:20DB             inc     bx
seg000:20DC             cmp     byte ptr ss:[bx], 0
seg000:20E0             jne     short loc_120D7
seg000:20E2             jmp     loc_12285
seg000:20E5 ; ---------------------------------------------------------------------------
seg000:20E5
seg000:20E5 loc_120E5:                              ; CODE XREF: sub_120B3+5↑j
seg000:20E5                                         ; sub_120B3+F↑j ...
seg000:20E5             retn                        ; CODE XREF: sub_120B3+5↑j
seg000:20E5                                         ; sub_120B3+F↑j ...
seg000:20E6             call    sub_12289
seg000:20E9             call    sub_120EF
seg000:20EC             jmp     loc_1217C
seg000:20EF sub_120B3       endp
seg000:20EF
seg000:20EF
seg000:20EF ; =============== S U B R O U T I N E =======================================
seg000:20EF
seg000:20EF
seg000:20EF sub_120EF       proc near               ; CODE XREF: sub_11FAF+F2↑p
seg000:20EF                                         ; sub_120B3+36↑p
seg000:20EF             cmp     byte ptr ds:1C4Ah, 0FFh; CODE XREF: sub_11FAF+F2↑p
seg000:20EF                                         ; sub_120B3+36↑p
seg000:20F4             je      short loc_1212B
seg000:20F6             mov     cx, word ptr [bp+14h]
seg000:20F9             mov     dx, word ptr [bp+8]
seg000:20FC             cmp     dx, cx
seg000:20FE             jnb     short loc_1212C
seg000:2100             mov     di, 0FFFFh
seg000:2103
seg000:2103 loc_12103:                              ; CODE XREF: sub_120EF+19↓j
seg000:2103             inc     di                  ; CODE XREF: sub_120EF+19↓j
seg000:2104             cmp     byte ptr ss:[bx+di], 0
seg000:2108             jne     short loc_12103
seg000:210A             mov     ax, di
seg000:210C             mul     byte ptr ds:1C4Ah
seg000:2110             add     ax, dx
seg000:2112             dec     ax
seg000:2113             sub     ax, cx
seg000:2115             jbe     short loc_1212B
seg000:2117             mov     cl, byte ptr ds:1C4Ah
seg000:211B             div     cl
seg000:211D             sub     cl, ah
seg000:211F             mov     byte ptr ds:1C4Ch, cl
seg000:2123             mov     dx, di
seg000:2125             sub     dl, al
seg000:2127             mov     byte ptr ds:1C45h, dl
seg000:212B
seg000:212B loc_1212B:                              ; CODE XREF: sub_120EF+5↑j
seg000:212B                                         ; sub_120EF+26↑j
seg000:212B             retn                        ; CODE XREF: sub_120EF+5↑j
seg000:212B                                         ; sub_120EF+26↑j
seg000:212C ; ---------------------------------------------------------------------------
seg000:212C
seg000:212C loc_1212C:                              ; CODE XREF: sub_120EF+F↑j
seg000:212C             jmp     loc_12285           ; CODE XREF: sub_120EF+F↑j
seg000:212F             call    sub_12289
seg000:2132             call    sub_12138
seg000:2135             jmp     short loc_1217C
seg000:2137             nop
seg000:2138 sub_120EF       endp
seg000:2138
seg000:2138
seg000:2138 ; =============== S U B R O U T I N E =======================================
seg000:2138
seg000:2138
seg000:2138 sub_12138       proc near               ; CODE XREF: sub_11FAF+F5↑p
seg000:2138                                         ; sub_120EF+43↑p
seg000:2138             mov     cl, [bp+0Eh]        ; CODE XREF: sub_11FAF+F5↑p
seg000:2138                                         ; sub_120EF+43↑p
seg000:213B             mov     ch, [bp+10h]
seg000:213E             mov     dh, byte ptr ds:1C4Dh
seg000:2142             dec     dh
seg000:2144             mov     dl, [bp+0Ah]
seg000:2147             add     dh, dl
seg000:2149             cmp     dl, ch
seg000:214B             ja      short loc_12176
seg000:214D             cmp     dh, cl
seg000:214F             jb      short loc_12176
seg000:2151             cmp     dl, cl
seg000:2153             jnb     short loc_12169
seg000:2155             mov     al, dh
seg000:2157             sub     al, cl
seg000:2159             inc     al
seg000:215B             mov     byte ptr ds:1C4Dh, al
seg000:215E             mov     [bp+0Ah], cl
seg000:2161             sub     cl, dl
seg000:2163             shl     cl, 1
seg000:2165             mov     byte ptr ds:1C4Eh, cl
seg000:2169
seg000:2169 loc_12169:                              ; CODE XREF: sub_12138+1B↑j
seg000:2169             cmp     dh, ch              ; CODE XREF: sub_12138+1B↑j
seg000:216B             jbe     short loc_12175
seg000:216D             sub     ch, dl
seg000:216F             inc     ch
seg000:2171             mov     byte ptr ds:1C4Dh, ch
seg000:2175
seg000:2175 loc_12175:                              ; CODE XREF: sub_12138+33↑j
seg000:2175             retn                        ; CODE XREF: sub_12138+33↑j
seg000:2176 ; ---------------------------------------------------------------------------
seg000:2176
seg000:2176 loc_12176:                              ; CODE XREF: sub_12138+13↑j
seg000:2176                                         ; sub_12138+17↑j
seg000:2176             jmp     loc_12285           ; CODE XREF: sub_12138+13↑j
seg000:2176                                         ; sub_12138+17↑j
seg000:2179             call    sub_12289
seg000:217C
seg000:217C loc_1217C:                              ; CODE XREF: sub_11FAF+F8↑j
seg000:217C                                         ; sub_11FAF+101↑j ...
seg000:217C             mov     ah, [bp+4]          ; CODE XREF: sub_11FAF+F8↑j
seg000:217C                                         ; sub_11FAF+101↑j ...
seg000:217F             call    far ptr 1CDh:2BFh
seg000:2184             mov     di, word ptr ds:1C4Eh
seg000:2188             mov     di, loc_100D8+3Ah[di]
seg000:218C             add     di, word ptr ds:1C48h
seg000:2190             mov     word ptr ds:1C46h, di
seg000:2194             mov     di, word ptr [bp+0Ah]
seg000:2197             shl     di, 1
seg000:2199             mov     si, bx
seg000:219B
seg000:219B loc_1219B:                              ; CODE XREF: sub_12138+14A↓j
seg000:219B             cmp     byte ptr ds:1C45h, 1; CODE XREF: sub_12138+14A↓j
seg000:21A0             jne     short loc_121A8
seg000:21A2             mov     al, byte ptr ds:1C4Ch
seg000:21A5             mov     byte ptr ds:1C44h, al
seg000:21A8
seg000:21A8 loc_121A8:                              ; CODE XREF: sub_12138+68↑j
seg000:21A8             mov     al, ss:[si]         ; CODE XREF: sub_12138+68↑j
seg000:21AB             inc     si
seg000:21AC             or      al, al
seg000:21AE             jne     short loc_121B3
seg000:21B0             jmp     loc_12286
seg000:21B3 ; ---------------------------------------------------------------------------
seg000:21B3
seg000:21B3 loc_121B3:                              ; CODE XREF: sub_12138+76↑j
seg000:21B3             test    al, 80h             ; CODE XREF: sub_12138+76↑j
seg000:21B5             je      short loc_121CB
seg000:21B7             and     al, 7Fh
seg000:21B9             mov     [bp+4], al
seg000:21BC             mov     ah, al
seg000:21BE             call    far ptr 1CDh:2BFh
seg000:21C3             mov     byte ptr ds:1C44h, 0
seg000:21C8             jmp     loc_12269
seg000:21CB ; ---------------------------------------------------------------------------
seg000:21CB
seg000:21CB loc_121CB:                              ; CODE XREF: sub_12138+7D↑j
seg000:21CB             push    si                  ; CODE XREF: sub_12138+7D↑j
seg000:21CC             push    di
seg000:21CD             xor     ah, ah
seg000:21CF             mov     si, ax
seg000:21D1             mov     dl, [bp+4]
seg000:21D4             mov     dh, [bp+6]
seg000:21D7             cmp     byte ptr ds:1C4Ah, 0FFh
seg000:21DC             jne     short loc_121E7
seg000:21DE             mov     bx, word ptr ds:1C50h
seg000:21E2             mov     al, [bx+si]
seg000:21E4             mov     byte ptr ds:1C44h, al
seg000:21E7
seg000:21E7 loc_121E7:                              ; CODE XREF: sub_12138+A4↑j
seg000:21E7             cmp     byte ptr [bp+2], 1  ; CODE XREF: sub_12138+A4↑j
seg000:21EB             je      short loc_1222B
seg000:21ED             mov     ch, byte ptr ds:1C4Dh
seg000:21F1
seg000:21F1 loc_121F1:                              ; CODE XREF: sub_12138+EE↓j
seg000:21F1             mov     bx, word ptr ds:1C46h; CODE XREF: sub_12138+EE↓j
seg000:21F5             mov     bx, [bx+si]
seg000:21F7             xchg    bl, bh
seg000:21F9             mov     cl, byte ptr ds:1C4Bh
seg000:21FD             shl     bx, cl
seg000:21FF             push    di
seg000:2200             mov     di, cs:start+0Ch[di]
seg000:2205             add     di, word ptr [bp+8]
seg000:2208             mov     cl, byte ptr ds:1C44h
seg000:220C             dec     cl
seg000:220E             je      short loc_1221C
seg000:2210
seg000:2210 loc_12210:                              ; CODE XREF: sub_12138+E2↓j
seg000:2210             shl     bx, 1               ; CODE XREF: sub_12138+E2↓j
seg000:2212             jnb     short loc_12217
seg000:2214             mov     es:[di], dl
seg000:2217
seg000:2217 loc_12217:                              ; CODE XREF: sub_12138+DA↑j
seg000:2217             inc     di                  ; CODE XREF: sub_12138+DA↑j
seg000:2218             dec     cl
seg000:221A             jne     short loc_12210
seg000:221C
seg000:221C loc_1221C:                              ; CODE XREF: sub_12138+D6↑j
seg000:221C             pop     di                  ; CODE XREF: sub_12138+D6↑j
seg000:221D             add     di, 2
seg000:2220             add     si, 100h
seg000:2224             dec     ch
seg000:2226             jne     short loc_121F1
seg000:2228             jmp     short loc_12267
seg000:222A             nop
seg000:222B
seg000:222B loc_1222B:                              ; CODE XREF: sub_12138+B3↑j
seg000:222B             mov     ch, byte ptr ds:1C4Dh; CODE XREF: sub_12138+B3↑j
seg000:222F
seg000:222F loc_1222F:                              ; CODE XREF: sub_12138+12D↓j
seg000:222F             mov     bx, word ptr ds:1C46h; CODE XREF: sub_12138+12D↓j
seg000:2233             mov     bx, [bx+si]
seg000:2235             xchg    bl, bh
seg000:2237             mov     cl, byte ptr ds:1C4Bh
seg000:223B             shl     bx, cl
seg000:223D             push    di
seg000:223E             mov     di, cs:start+0Ch[di]
seg000:2243             add     di, word ptr [bp+8]
seg000:2246             mov     cl, byte ptr ds:1C44h
seg000:224A             or      cl, cl
seg000:224C             je      short loc_1225B
seg000:224E
seg000:224E loc_1224E:                              ; CODE XREF: sub_12138+121↓j
seg000:224E             mov     ax, dx              ; CODE XREF: sub_12138+121↓j
seg000:2250             shl     bx, 1
seg000:2252             jb      short loc_12256
seg000:2254             xchg    al, ah
seg000:2256
seg000:2256 loc_12256:                              ; CODE XREF: sub_12138+11A↑j
seg000:2256             stosb                       ; CODE XREF: sub_12138+11A↑j
seg000:2257             dec     cl
seg000:2259             jne     short loc_1224E
seg000:225B
seg000:225B loc_1225B:                              ; CODE XREF: sub_12138+114↑j
seg000:225B             pop     di                  ; CODE XREF: sub_12138+114↑j
seg000:225C             add     di, 2
seg000:225F             add     si, 100h
seg000:2263             dec     ch
seg000:2265             jne     short loc_1222F
seg000:2267
seg000:2267 loc_12267:                              ; CODE XREF: sub_12138+F0↑j
seg000:2267             pop     di                  ; CODE XREF: sub_12138+F0↑j
seg000:2268             pop     si
seg000:2269
seg000:2269 loc_12269:                              ; CODE XREF: sub_12138+90↑j
seg000:2269             dec     byte ptr ds:1C45h   ; CODE XREF: sub_12138+90↑j
seg000:226D             je      short loc_12286
seg000:226F             mov     byte ptr ds:1C4Bh, 0
seg000:2274             xor     ah, ah
seg000:2276             mov     al, byte ptr ds:1C44h
seg000:2279             add     word ptr [bp+8], ax
seg000:227C             mov     al, byte ptr ds:1C4Ah
seg000:227F             mov     byte ptr ds:1C44h, al
seg000:2282             jmp     loc_1219B
seg000:2285 ; ---------------------------------------------------------------------------
seg000:2285
seg000:2285 loc_12285:                              ; CODE XREF: sub_120B3+2F↑j
seg000:2285                                         ; sub_120EF:loc_1212C↑j ...
seg000:2285             pop     ax                  ; CODE XREF: sub_120B3+2F↑j
seg000:2285                                         ; sub_120EF:loc_1212C↑j ...
seg000:2286
seg000:2286 loc_12286:                              ; CODE XREF: sub_12138+78↑j
seg000:2286                                         ; sub_12138+135↑j ...
seg000:2286             pop     es                  ; CODE XREF: sub_12138+78↑j
seg000:2286                                         ; sub_12138+135↑j ...
seg000:2287             pop     ds
seg000:2288             retf
seg000:2289 sub_12138       endp
seg000:2289
seg000:2289
seg000:2289 ; =============== S U B R O U T I N E =======================================
seg000:2289
seg000:2289
seg000:2289 sub_12289       proc near               ; CODE XREF: sub_11FAF+EC↑p
seg000:2289                                         ; sub_11FAF+FB↑p ...
seg000:2289             pop     cx                  ; CODE XREF: sub_11FAF+EC↑p
seg000:2289                                         ; sub_11FAF+FB↑p ...
seg000:228A             push    ds
seg000:228B             push    es
seg000:228C             cmp     byte ptr ss:[bx], 0
seg000:2290             je      short loc_12286
seg000:2292             mov     ax, seg seg000
seg000:2295             mov     ds, ax
seg000:2297             mov     di, word ptr [bp]
seg000:229A             shl     di, 1
seg000:229C             mov     es, cs:loc_1067F[di]
seg000:22A1             mov     byte ptr ds:1C45h, 0FFh
seg000:22A6             mov     word ptr ds:1C4Eh, 0
seg000:22AC             mov     byte ptr ds:1C4Bh, 0
seg000:22B1             mov     di, word ptr [bp+0Ch]
seg000:22B4             shl     di, 1
seg000:22B6             mov     ax, loc_100D8+16h[di]
seg000:22BA             mov     word ptr ds:1C48h, ax
seg000:22BD             mov     al, byte ptr loc_100D8+2Eh[di]
seg000:22C1             mov     byte ptr ds:1C4Ah, al
seg000:22C4             mov     byte ptr ds:1C44h, al
seg000:22C7             mov     byte ptr ds:1C4Ch, al
seg000:22CA             mov     ax, loc_100D8+0Ah[di]
seg000:22CE             mov     word ptr ds:1C50h, ax
seg000:22D1             mov     ax, word ptr [bp+2]
seg000:22D4             and     ax, 1
seg000:22D7             add     di, ax
seg000:22D9             mov     ah, byte ptr loc_100D8+22h[di]
seg000:22DD             mov     byte ptr ds:1C4Dh, ah
seg000:22E1             jmp     cx
seg000:22E3             push    ds
seg000:22E4             push    es
seg000:22E5             mov     ax, seg seg000
seg000:22E8             mov     ds, ax
seg000:22EA             mov     es, word ptr cs:19Ch
seg000:22EF             std
seg000:22F0             or      si, si
seg000:22F2             je      short loc_122F5
seg000:22F4             cld
seg000:22F5
seg000:22F5 loc_122F5:                              ; CODE XREF: sub_12289+69↑j
seg000:22F5             dec     bx                  ; CODE XREF: sub_12289+69↑j
seg000:22F6             cmp     dl, 1
seg000:22F9             jl      short loc_122FE
seg000:22FB             add     bx, 14h
seg000:22FE
seg000:22FE loc_122FE:                              ; CODE XREF: sub_12289+70↑j
seg000:22FE             or      cl, cl              ; CODE XREF: sub_12289+70↑j
seg000:2300             je      short loc_12306
seg000:2302             add     si, 4
seg000:2305             inc     bx
seg000:2306
seg000:2306 loc_12306:                              ; CODE XREF: sub_12289+77↑j
seg000:2306             mov     al, 0Fh             ; CODE XREF: sub_12289+77↑j
seg000:2308             mov     ah, al
seg000:230A             mov     dx, [si+1C52h]
seg000:230E             mov     ch, 0Ah
seg000:2310
seg000:2310 loc_12310:                              ; CODE XREF: sub_12289+C0↓j
seg000:2310             cmp     bx, [si+1C5Ah]      ; CODE XREF: sub_12289+C0↓j
seg000:2314             jb      short loc_1234B
seg000:2316             cmp     bx, [si+1C62h]
seg000:231A             ja      short loc_1233D
seg000:231C             mov     di, bx
seg000:231E             shl     di, 1
seg000:2320             mov     di, cs:start+0Ch[di]
seg000:2325             add     di, dx
seg000:2327             cmp     ch, 5
seg000:232A             jne     short loc_12331
seg000:232C             stosb
seg000:232D             stosb
seg000:232E             jmp     short loc_1233D
seg000:2330             nop
seg000:2331
seg000:2331 loc_12331:                              ; CODE XREF: sub_12289+A1↑j
seg000:2331             cmp     ch, 0Ah             ; CODE XREF: sub_12289+A1↑j
seg000:2334             jne     short loc_1233C
seg000:2336             stosb
seg000:2337             stosb
seg000:2338             or      cl, cl
seg000:233A             jne     short loc_1233D
seg000:233C
seg000:233C loc_1233C:                              ; CODE XREF: sub_12289+AB↑j
seg000:233C             stosb                       ; CODE XREF: sub_12289+AB↑j
seg000:233D
seg000:233D loc_1233D:                              ; CODE XREF: sub_12289+91↑j
seg000:233D                                         ; sub_12289+A5↑j ...
seg000:233D             sub     bx, 2               ; CODE XREF: sub_12289+91↑j
seg000:233D                                         ; sub_12289+A5↑j ...
seg000:2340             cmp     ch, 0Ah
seg000:2343             jne     short loc_12347
seg000:2345             xor     ch, ch
seg000:2347
seg000:2347 loc_12347:                              ; CODE XREF: sub_12289+BA↑j
seg000:2347             inc     ch                  ; CODE XREF: sub_12289+BA↑j
seg000:2349             jmp     short loc_12310
seg000:234B ; ---------------------------------------------------------------------------
seg000:234B
seg000:234B loc_1234B:                              ; CODE XREF: sub_12289+8B↑j
seg000:234B             cld                         ; CODE XREF: sub_12289+8B↑j
seg000:234C             pop     es
seg000:234D             pop     ds
seg000:234E             retf
seg000:234F             add     byte ptr start[bx+si], ah
seg000:2353             add     [bx+si], al
seg000:2355             add     [bx+si], al
seg000:2357             add     [bx+si], al
seg000:2359             mov     bx, sp
seg000:235B             mov     ax, ss:start+4h[bx]
seg000:235F             mov     bx, ss:start+6h[bx]
seg000:2363             shl     bx, 1
seg000:2365             mov     cs:loc_1067F[bx], ax
seg000:236A             retf
seg000:236B             mov     ax, cs:loc_1067F+2h
seg000:236F             mov     word ptr cs:19Ch, ax
seg000:2373             retf
seg000:2374             mov     bx, sp
seg000:2376             mov     ax, ss:start+4h[bx]
seg000:237A             push    bx
seg000:237B             mov     bx, ax
seg000:237D             shl     bx, 1
seg000:237F             mov     ax, cs:loc_1067F[bx]
seg000:2384             mov     word ptr cs:19Ch, ax
seg000:2388             pop     bx
seg000:2389             retf
seg000:238A             retf
seg000:238B             mov     word ptr cs:19Ch, ax
seg000:238F             retf
seg000:2390             mov     ax, word ptr cs:19Ch
seg000:2394             retf
seg000:2395 sub_12289       endp
seg000:2395
seg000:2395
seg000:2395 ; =============== S U B R O U T I N E =======================================
seg000:2395
seg000:2395
seg000:2395 $DCA            proc near
seg000:2395             mov     word ptr cs:19Eh, 0
seg000:239C             retf
seg000:239D             mov     bx, sp
seg000:239F             mov     ax, ss:start+4h[bx]
seg000:23A3             mov     word ptr cs:19Eh, ax
seg000:23A7             retf
seg000:23A8             mov     ax, 5580h
seg000:23AB             retf
seg000:23AC             mov     ax, 1950h
seg000:23AF             retf
seg000:23B0             mov     ax, word ptr cs:19Eh
seg000:23B4             retf
seg000:23B5             mov     bx, sp
seg000:23B7             mov     ax, ss:start+4h[bx]
seg000:23BB             push    ds
seg000:23BC             mov     dx, seg seg000
seg000:23BF             mov     ds, dx
seg000:23C1             mov     word ptr ds:0CCh, ax
seg000:23C4             pop     ds
seg000:23C5             retf
seg000:23C6             mov     bx, sp
seg000:23C8             mov     ax, ss:start+4h[bx]
seg000:23CC             push    ds
seg000:23CD             mov     dx, seg seg000
seg000:23D0             mov     ds, dx
seg000:23D2             mov     word ptr ds:0CEh, ax
seg000:23D5             pop     ds
seg000:23D6             retf
seg000:23D7             mov     al, byte ptr cs:1A0h
seg000:23DB             retf
seg000:23DC             mov     bx, sp
seg000:23DE             mov     ax, ss:start+4h[bx]
seg000:23E2             mov     bx, ss:start+6h[bx]
seg000:23E6             shl     bx, 1
seg000:23E8             add     ax, cs:start+0Ch[bx]
seg000:23ED             retf
seg000:23EE             mov     ax, 3
seg000:23F1             retf
seg000:23F2             retf
seg000:23F3             push    bp
seg000:23F4             mov     bp, sp
seg000:23F6             push    si
seg000:23F7             push    di
seg000:23F8             mov     bp, word ptr [bp+6]
seg000:23FB             call    far ptr 1CDh:734h
seg000:2400             pop     di
seg000:2401             pop     si
seg000:2402             pop     bp
seg000:2403             retf
seg000:2404             push    ds
seg000:2405             push    es
seg000:2406             push    [bp+0Ch]
seg000:2409             push    [bp+0Eh]
seg000:240C             mov     cx, word ptr [bp+14h]
seg000:240F             mov     ax, word ptr [bp+8]
seg000:2412             cmp     ax, cx
seg000:2414             jge     short loc_12431
seg000:2416             mov     bx, ax
seg000:2418             add     bx, word ptr [bp+0Ch]
seg000:241B             dec     bx
seg000:241C             cmp     bx, cx
seg000:241E             jge     short loc_12423
seg000:2420             jmp     short loc_1248F
seg000:2422             nop
seg000:2423
seg000:2423 loc_12423:                              ; CODE XREF: $DCA+89↑j
seg000:2423             sub     cx, ax              ; CODE XREF: $DCA+89↑j
seg000:2425             add     word ptr [bp+8], cx
seg000:2428             add     word ptr [bp+2], cx
seg000:242B             sub     word ptr [bp+0Ch], cx
seg000:242E             jmp     short loc_12437
seg000:2430             nop
seg000:2431
seg000:2431 loc_12431:                              ; CODE XREF: $DCA+7F↑j
seg000:2431             mov     bx, ax              ; CODE XREF: $DCA+7F↑j
seg000:2433             add     bx, word ptr [bp+0Ch]
seg000:2436             dec     bx
seg000:2437
seg000:2437 loc_12437:                              ; CODE XREF: $DCA+99↑j
seg000:2437             mov     cx, word ptr [bp+16h]; CODE XREF: $DCA+99↑j
seg000:243A             cmp     bx, cx
seg000:243C             jle     short loc_1244A
seg000:243E             cmp     ax, cx
seg000:2440             jle     short loc_12445
seg000:2442             jmp     short loc_1248F
seg000:2444             nop
seg000:2445
seg000:2445 loc_12445:                              ; CODE XREF: $DCA+AB↑j
seg000:2445             sub     bx, cx              ; CODE XREF: $DCA+AB↑j
seg000:2447             sub     word ptr [bp+0Ch], bx
seg000:244A
seg000:244A loc_1244A:                              ; CODE XREF: $DCA+A7↑j
seg000:244A             mov     cx, word ptr [bp+10h]; CODE XREF: $DCA+A7↑j
seg000:244D             mov     ax, word ptr [bp+0Ah]
seg000:2450             cmp     ax, cx
seg000:2452             jge     short loc_1246F
seg000:2454             mov     bx, ax
seg000:2456             add     bx, word ptr [bp+0Eh]
seg000:2459             dec     bx
seg000:245A             cmp     bx, cx
seg000:245C             jge     short loc_12461
seg000:245E             jmp     short loc_1248F
seg000:2460             nop
seg000:2461
seg000:2461 loc_12461:                              ; CODE XREF: $DCA+C7↑j
seg000:2461             sub     cx, ax              ; CODE XREF: $DCA+C7↑j
seg000:2463             add     word ptr [bp+0Ah], cx
seg000:2466             add     word ptr [bp+4], cx
seg000:2469             sub     word ptr [bp+0Eh], cx
seg000:246C             jmp     short loc_12475
seg000:246E             nop
seg000:246F
seg000:246F loc_1246F:                              ; CODE XREF: $DCA+BD↑j
seg000:246F             mov     bx, ax              ; CODE XREF: $DCA+BD↑j
seg000:2471             add     bx, word ptr [bp+0Eh]
seg000:2474             dec     bx
seg000:2475
seg000:2475 loc_12475:                              ; CODE XREF: $DCA+D7↑j
seg000:2475             mov     cx, word ptr [bp+12h]; CODE XREF: $DCA+D7↑j
seg000:2478             cmp     bx, cx
seg000:247A             jle     short loc_12488
seg000:247C             cmp     ax, cx
seg000:247E             jle     short loc_12483
seg000:2480             jmp     short loc_1248F
seg000:2482             nop
seg000:2483
seg000:2483 loc_12483:                              ; CODE XREF: $DCA+E9↑j
seg000:2483             sub     bx, cx              ; CODE XREF: $DCA+E9↑j
seg000:2485             sub     word ptr [bp+0Eh], bx
seg000:2488
seg000:2488 loc_12488:                              ; CODE XREF: $DCA+E5↑j
seg000:2488             push    bp                  ; CODE XREF: $DCA+E5↑j
seg000:2489             call    far ptr 1CDh:7D9h
seg000:248E             pop     bp
seg000:248F
seg000:248F loc_1248F:                              ; CODE XREF: $DCA+8B↑j
seg000:248F                                         ; $DCA+AD↑j ...
seg000:248F             pop     [bp+0Eh]            ; CODE XREF: $DCA+8B↑j
seg000:248F                                         ; $DCA+AD↑j ...
seg000:2492             pop     [bp+0Ch]
seg000:2495             pop     es
seg000:2496             pop     ds
seg000:2497             retf
seg000:2498             push    bp
seg000:2499             mov     bp, sp
seg000:249B             push    si
seg000:249C             push    di
seg000:249D             mov     bp, word ptr [bp+6]
seg000:24A0             call    far ptr 1CDh:7D9h
seg000:24A5             pop     di
seg000:24A6             pop     si
seg000:24A7             pop     bp
seg000:24A8             retf
seg000:24A9             push    ds
seg000:24AA             push    es
seg000:24AB             push    bp
seg000:24AC             mov     ax, word ptr [bp]
seg000:24AF             mov     ds, ax
seg000:24B1             mov     di, word ptr [bp+6]
seg000:24B4             shl     di, 1
seg000:24B6             mov     es, cs:loc_1067F[di]
seg000:24BB             mov     bx, word ptr [bp+0Ch]
seg000:24BE             mov     cx, word ptr [bp+0Eh]
seg000:24C1             mov     dx, word ptr [bp+8]
seg000:24C4             mov     si, word ptr [bp+4]
seg000:24C7             shl     si, 1
seg000:24C9             mov     di, word ptr [bp+0Ah]
seg000:24CC             shl     di, 1
seg000:24CE             mov     bp, word ptr [bp+2]
seg000:24D1
seg000:24D1 loc_124D1:                              ; CODE XREF: $DCA+163↓j
seg000:24D1             push    si                  ; CODE XREF: $DCA+163↓j
seg000:24D2             push    di
seg000:24D3             push    cx
seg000:24D4             mov     cx, bx
seg000:24D6             mov     si, cs:start+0Ch[si]
seg000:24DB             add     si, bp
seg000:24DD             mov     di, cs:start+0Ch[di]
seg000:24E2             add     di, dx
seg000:24E4
seg000:24E4 loc_124E4:                              ; CODE XREF: $DCA+158↓j
seg000:24E4             lodsb                       ; CODE XREF: $DCA+158↓j
seg000:24E5             or      al, al
seg000:24E7             je      short loc_124EC
seg000:24E9             mov     es:[di], al
seg000:24EC
seg000:24EC loc_124EC:                              ; CODE XREF: $DCA+152↑j
seg000:24EC             inc     di                  ; CODE XREF: $DCA+152↑j
seg000:24ED             loop    loc_124E4
seg000:24EF             pop     cx
seg000:24F0             pop     di
seg000:24F1             pop     si
seg000:24F2             add     di, 2
seg000:24F5             add     si, 2
seg000:24F8             loop    loc_124D1
seg000:24FA             pop     bp
seg000:24FB             pop     es
seg000:24FC             pop     ds
seg000:24FD             retf
seg000:24FE             push    ds
seg000:24FF             push    es
seg000:2500             mov     dx, seg seg000
seg000:2503             mov     ds, dx
seg000:2505             mov     es, word ptr cs:19Ch
seg000:250A $DCA            endp
seg000:250A
seg000:250A
seg000:250A ; =============== S U B R O U T I N E =======================================
seg000:250A
seg000:250A
seg000:250A B$CheckReturn   proc near
seg000:250A             or      ax, ax
seg000:250C             js      short loc_1255A
seg000:250E             mov     dx, ax
seg000:2510             shl     dx, 1
seg000:2512             mov     si, cx
seg000:2514             shl     si, 1
seg000:2516             mov     al, byte ptr loc_11B74+6h
seg000:2519             mov     ah, al
seg000:251B
seg000:251B loc_1251B:                              ; CODE XREF: B$CheckReturn+4E↓j
seg000:251B             mov     bp, ss:[bx+si]      ; CODE XREF: B$CheckReturn+4E↓j
seg000:251E             mov     cx, ss:[bx+si+1B8h]
seg000:2523             cmp     cx, bp
seg000:2525             jb      short loc_12553
seg000:2527             ja      short loc_12533
seg000:2529             or      cx, cx
seg000:252B             je      short loc_12553
seg000:252D             cmp     cx, 13Fh
seg000:2531             je      short loc_12553
seg000:2533
seg000:2533 loc_12533:                              ; CODE XREF: B$CheckReturn+1D↑j
seg000:2533             sub     cx, bp              ; CODE XREF: B$CheckReturn+1D↑j
seg000:2535             inc     cx
seg000:2536             mov     di, cs:start+0Ch[si]
seg000:253B             add     di, word ptr cs:19Eh
seg000:2540             add     di, bp
seg000:2542             test    di, 1
seg000:2546             je      short loc_1254C
seg000:2548             stosb
seg000:2549             dec     cx
seg000:254A             je      short loc_12553
seg000:254C
seg000:254C loc_1254C:                              ; CODE XREF: B$CheckReturn+3C↑j
seg000:254C             shr     cx, 1               ; CODE XREF: B$CheckReturn+3C↑j
seg000:254E             rep stosw
seg000:2550             jnb     short loc_12553
seg000:2552             stosb
seg000:2553
seg000:2553 loc_12553:                              ; CODE XREF: B$CheckReturn+1B↑j
seg000:2553                                         ; B$CheckReturn+21↑j ...
seg000:2553             sub     si, 2               ; CODE XREF: B$CheckReturn+1B↑j
seg000:2553                                         ; B$CheckReturn+21↑j ...
seg000:2556             cmp     si, dx
seg000:2558             jge     short loc_1251B
seg000:255A
seg000:255A loc_1255A:                              ; CODE XREF: B$CheckReturn+2↑j
seg000:255A             pop     es                  ; CODE XREF: B$CheckReturn+2↑j
seg000:255B             pop     ds
seg000:255C             retf
seg000:255D             mov     cx, 7D00h
seg000:2560             xor     ax, ax
seg000:2562             xor     di, di
seg000:2564             rep stosw
seg000:2566             retf
seg000:2567             push    es
seg000:2568             push    di
seg000:2569             mov     ax, 0A000h
seg000:256C             mov     es, ax
seg000:256E             call    far ptr 1CDh:88Dh
seg000:2573             pop     di
seg000:2574             pop     es
seg000:2575             retf
seg000:2576             push    bp
seg000:2577             mov     bp, sp
seg000:2579             push    ds
seg000:257A             push    es
seg000:257B             push    si
seg000:257C             push    di
seg000:257D             mov     bx, word ptr [bp+6]
seg000:2580             shl     bx, 1
seg000:2582             mov     ds, cs:loc_1067F[bx]
seg000:2587             mov     si, word ptr [bp+0Ah]
seg000:258A             shl     si, 1
seg000:258C             mov     bx, word ptr [bp+0Ch]
seg000:258F             shl     bx, 1
seg000:2591             mov     es, cs:loc_1067F[bx]
seg000:2596             mov     dx, word ptr [bp+0Eh]
seg000:2599             mov     di, word ptr [bp+10h]
seg000:259C             shl     di, 1
seg000:259E             mov     bx, word ptr [bp+12h]
seg000:25A1             mov     cx, word ptr [bp+14h]
seg000:25A4             mov     bp, word ptr [bp+8]
seg000:25A7
seg000:25A7 loc_125A7:                              ; CODE XREF: B$CheckReturn+BB↓j
seg000:25A7             push    si                  ; CODE XREF: B$CheckReturn+BB↓j
seg000:25A8             push    di
seg000:25A9             push    cx
seg000:25AA             mov     si, cs:start+0Ch[si]
seg000:25AF             add     si, bp
seg000:25B1             mov     di, cs:start+0Ch[di]
seg000:25B6             add     di, dx
seg000:25B8             mov     cx, bx
seg000:25BA             rep movsb
seg000:25BC             pop     cx
seg000:25BD             pop     di
seg000:25BE             pop     si
seg000:25BF             add     di, 2
seg000:25C2             add     si, 2
seg000:25C5             loop    loc_125A7
seg000:25C7             pop     di
seg000:25C8             pop     si
seg000:25C9             pop     es
seg000:25CA             pop     ds
seg000:25CB             pop     bp
seg000:25CC             retf
seg000:25CD             push    bp
seg000:25CE             mov     bp, sp
seg000:25D0             push    ds
seg000:25D1             push    es
seg000:25D2             push    si
seg000:25D3             push    di
seg000:25D4             mov     dx, seg seg000
seg000:25D7             mov     ds, dx
seg000:25D9             mov     bx, word ptr [bp+6]
seg000:25DC             mov     bx, ss:[bx]
seg000:25DF             shl     bx, 1
seg000:25E1             mov     es, cs:loc_1067F[bx]
seg000:25E6             mov     si, word ptr [bp+0Ah]
seg000:25E9             mov     cx, word ptr [bp+0Eh]
seg000:25EC             sub     cx, si
seg000:25EE             inc     cx
seg000:25EF             shl     si, 1
seg000:25F1             mov     di, word ptr [bp+8]
seg000:25F4             mov     bx, word ptr [bp+0Ch]
seg000:25F7             sub     bx, di
seg000:25F9             inc     bx
seg000:25FA             mov     ah, [bp+10h]
seg000:25FD             mov     al, [bp+12h]
seg000:2600
seg000:2600 loc_12600:                              ; CODE XREF: B$CheckReturn+10F↓j
seg000:2600             push    cx                  ; CODE XREF: B$CheckReturn+10F↓j
seg000:2601             push    di
seg000:2602             add     di, cs:start+0Ch[si]
seg000:2607             mov     cx, bx
seg000:2609
seg000:2609 loc_12609:                              ; CODE XREF: B$CheckReturn+108↓j
seg000:2609             cmp     ah, es:[di]         ; CODE XREF: B$CheckReturn+108↓j
seg000:260C             jne     short loc_12611
seg000:260E             mov     es:[di], al
seg000:2611
seg000:2611 loc_12611:                              ; CODE XREF: B$CheckReturn+102↑j
seg000:2611             inc     di                  ; CODE XREF: B$CheckReturn+102↑j
seg000:2612             loop    loc_12609
seg000:2614             pop     di
seg000:2615             pop     cx
seg000:2616             add     si, 2
seg000:2619             loop    loc_12600
seg000:261B             pop     di
seg000:261C             pop     si
seg000:261D             pop     es
seg000:261E             pop     ds
seg000:261F             pop     bp
seg000:2620             retf
seg000:2621             mov     bx, sp
seg000:2623             push    ds
seg000:2624             push    es
seg000:2625             mov     ds, ss:start+4h[bx]
seg000:2629             mov     es, word ptr cs:19Ch
seg000:262E             jmp     short loc_12643
seg000:2630             nop
seg000:2631             push    ds
seg000:2632             push    es
seg000:2633             mov     byte ptr cs:1A0h, 1
seg000:2639             mov     ds, cs:loc_1067F+2h
seg000:263E             mov     es, cs:loc_1067F
seg000:2643
seg000:2643 loc_12643:                              ; CODE XREF: B$CheckReturn+124↑j
seg000:2643             push    si                  ; CODE XREF: B$CheckReturn+124↑j
seg000:2644             push    di
seg000:2645             xor     si, si
seg000:2647             xor     di, di
seg000:2649             mov     cx, 7D00h
seg000:264C             rep movsw
seg000:264E             pop     di
seg000:264F             pop     si
seg000:2650             pop     es
seg000:2651             pop     ds
seg000:2652             retf
seg000:2653             mov     bx, sp
seg000:2655             push    ds
seg000:2656             push    es
seg000:2657             mov     ds, ss:start+4h[bx]
seg000:265B             mov     es, word ptr cs:19Ch
seg000:2660             mov     bx, 1
seg000:2663             mov     cx, 0FA00h
seg000:2666
seg000:2666 loc_12666:                              ; CODE XREF: B$CheckReturn+168↓j
seg000:2666                                         ; B$CheckReturn+171↓j
seg000:2666             shr     bx, 1               ; CODE XREF: B$CheckReturn+168↓j
seg000:2666                                         ; B$CheckReturn+171↓j
seg000:2668             jnb     short loc_1266E
seg000:266A             xor     bx, 0B400h
seg000:266E
seg000:266E loc_1266E:                              ; CODE XREF: B$CheckReturn+15E↑j
seg000:266E             cmp     bx, 0FA00h          ; CODE XREF: B$CheckReturn+15E↑j
seg000:2672             ja      short loc_12666
seg000:2674             dec     bx
seg000:2675             mov     al, [bx]
seg000:2677             mov     es:[bx], al
seg000:267A             inc     bx
seg000:267B             loop    loc_12666
seg000:267D             pop     es
seg000:267E             pop     ds
seg000:267F             retf
seg000:2680             add     [bp+36DCh+di], cl
seg000:2684             mov     al, byte ptr start+4h[bx]
seg000:2687             mov     cs:loc_109A5+0Bh, al
seg000:268B             retf
seg000:268C             push    ds
seg000:268D             push    si
seg000:268E             mov     ax, seg seg000
seg000:2691             mov     ds, ax
seg000:2693             mov     ax, word ptr ds:1C9Ah
seg000:2696             shl     ax, 1
seg000:2698             shl     ax, 1
seg000:269A             add     ax, word ptr ds:1C9Ah
seg000:269E             inc     ax
seg000:269F             mov     word ptr ds:1C9Ah, ax
seg000:26A2             mov     bl, al
seg000:26A4             and     bx, 3
seg000:26A7             mov     bl, [bx+1C96h]
seg000:26AB             mov     si, 1B83h
seg000:26AE             add     si, bx
seg000:26B0             add     si, bx
seg000:26B2             add     si, bx
seg000:26B4             lodsb
seg000:26B5             mov     ch, al
seg000:26B7             lodsb
seg000:26B8             mov     cl, al
seg000:26BA             lodsb
seg000:26BB             mov     bh, al
seg000:26BD             mov     bl, 8Dh
seg000:26BF
seg000:26BF loc_126BF:                              ; CODE XREF: B$CheckReturn+1CB↓j
seg000:26BF             mov     dx, 3C8h            ; CODE XREF: B$CheckReturn+1CB↓j
seg000:26C2             mov     al, bl
seg000:26C4             out     dx, al
seg000:26C5             inc     dx
seg000:26C6             mov     al, ch
seg000:26C8             out     dx, al
seg000:26C9             mov     al, cl
seg000:26CB             out     dx, al
seg000:26CC             mov     al, bh
seg000:26CE             out     dx, al
seg000:26CF             add     bl, 10h
seg000:26D2             cmp     bl, 1Dh
seg000:26D5             jne     short loc_126BF
seg000:26D7             cmp     byte ptr cs:loc_109A5+0Bh, 0
seg000:26DD             je      short loc_126F1
seg000:26DF             and     ah, 3
seg000:26E2             dec     byte ptr cs:loc_109A5+0Bh
seg000:26E7             jne     short loc_126EB
seg000:26E9             xor     ah, ah
seg000:26EB
seg000:26EB loc_126EB:                              ; CODE XREF: B$CheckReturn+1DD↑j
seg000:26EB             mov     dx, 3D4h            ; CODE XREF: B$CheckReturn+1DD↑j
seg000:26EE             mov     al, 0Dh
seg000:26F0             out     dx, ax
seg000:26F1
seg000:26F1 loc_126F1:                              ; CODE XREF: B$CheckReturn+1D3↑j
seg000:26F1             pop     si                  ; CODE XREF: B$CheckReturn+1D3↑j
seg000:26F2             pop     ds
seg000:26F3             retf
seg000:26F4             shl     di, 1
seg000:26F6             mov     ax, cs:start+0Ch[di]
seg000:26FB             retf
seg000:26FC             mov     bx, sp
seg000:26FE             mov     ax, ss:start+6h[bx]
seg000:2702             mov     bx, ss:start+4h[bx]
seg000:2706             shl     bx, 1
seg000:2708             mov     cs:loc_1067F[bx], ax
seg000:270D             retf
seg000:270E             retf
seg000:270F             shl     si, 1
seg000:2711             mov     es, cs:loc_1067F[si]
seg000:2716             retf
seg000:2717             retf
seg000:2718             retf
seg000:2719             retf
seg000:271A             push    ds
seg000:271B             mov     ax, ss
seg000:271D             mov     ds, ax
seg000:271F             mov     si, bp
seg000:2721             mov     cx, 0A0h
seg000:2724             rep movsw
seg000:2726             pop     ds
seg000:2727             retf
seg000:2727 B$CheckReturn   endp
seg000:2727
seg000:2727 seg000          ends
seg000:2727
seg_stack:0000 ; ===========================================================================
seg_stack:0000
seg_stack:0000 ; Segment type: Uninitialized
seg_stack:0000 seg_stack       segment byte public 'STACK' use16
seg_stack:0000
seg_stack:0000 start:
seg_stack:0000          dec     bp
seg_stack:0001          inc     di
seg_stack:0002          push    dx
seg_stack:0003          inc     cx
seg_stack:0004          push    ax
seg_stack:0005          dec     ax
seg_stack:0006          dec     cx
seg_stack:0007          inc     bx
seg_stack:0008          inc     bp
seg_stack:000A          pop     ax
seg_stack:000B          inc     bp
seg_stack:000C          xor     [bx+di], bh
seg_stack:000E          sub     ax, 3931h
seg_stack:0011          sub     ax, 3838h
seg_stack:0014          add     [bx+si], al
seg_stack:0016          add     [bx+si], al
seg_stack:0018          int     1
seg_stack:001A          add     [bx+si], al
seg_stack:001C          add     [bx+si], al
seg_stack:001E          fistp   dword ptr [si]
seg_stack:0020          pop     ax
seg_stack:0021          or      dl, [si]
seg_stack:0024          pop     sp
seg_stack:0025          add     bl, byte ptr start+4h[bx]
seg_stack:0028          fiadd   dword ptr [bp+di]
seg_stack:002A          push    ss
seg_stack:002B          add     al, 0A9h
seg_stack:002D          add     al, 67h
seg_stack:002F          add     cx, bx
seg_stack:0031          add     cx, word_1A303[bx]
seg_stack:0035          add     di, word ptr [bp+3+di]
seg_stack:0038          mov     bh, 3
seg_stack:003A          adc     ax, word ptr ds:69Bh
seg_stack:003E          stosb
seg_stack:003F          push    es
seg_stack:0040          movsb
seg_stack:0041          push    es
seg_stack:0042          mov     bx, 0C006h
seg_stack:0045          push    es
seg_stack:0046          enter   -26F9h, 7
seg_stack:004A          and     ax, [bx]
seg_stack:004C          xor     al, 7
seg_stack:004E          and     al, [bx]
seg_stack:0050          and     al, [bx]
seg_stack:0052          fiadd   word ptr [bx+di]
seg_stack:0054          lds     ax, ds:6C5h
seg_stack:0058          int     6
seg_stack:005A          rol     word ptr ds:6D8h, cl
seg_stack:005E          fadd    qword ptr ds:6E0h
seg_stack:0062          test    word ptr [bp+si], 2BFh
seg_stack:0066          mov     cx, 0CB02h
seg_stack:0069          add     cl, bl
seg_stack:006B          add     cl, ah
seg_stack:006D          add     ch, byte_1EB08
seg_stack:0071          push    es
seg_stack:0072          cld
seg_stack:0073          push    es
seg_stack:0074          or      ch, bh
seg_stack:0077          or      [bp-68F8h], ah
seg_stack:007B          or      byte ptr start+9h[bx+di], ah
seg_stack:007E          pop     es
seg_stack:007F          pop     es
seg_stack:0080          mov     sp, 0A109h
seg_stack:0083          add     start+9h[bx+di], dx
seg_stack:0086          in      al, 1
seg_stack:0088          add     al, [bp+si]
seg_stack:008A          dec     dx
seg_stack:008B          or      cl, [bp+0Ah+si]
seg_stack:008E          inc     di
seg_stack:008F          or      cl, byte ptr start+0Ah[bx+si]
seg_stack:0092          dec     cx
seg_stack:0093          or      bh, [bx]
seg_stack:0095          or      ch, [si]
seg_stack:0097          or      ah, [si]
seg_stack:0099          or      cl, [di+1408h]
seg_stack:009D          add     bh, byte ptr ds:0C0Ah
seg_stack:00A1          pop     es
seg_stack:00A2          push    ds
seg_stack:00A3          pop     es
seg_stack:00A4          in      ax, 6
seg_stack:00A6          test    byte ptr ds:1E9h, 0EEh
seg_stack:00AB          add     word_12802[si], dx
seg_stack:00AF          add     al, [bp+2+si]
seg_stack:00B2          and     ax, [bx]
seg_stack:00B4          xor     al, 7
seg_stack:00B6          enter   -26F9h, 7
seg_stack:00BA          mov     word ptr ds:1F3h, ax
seg_stack:00BE          clc
seg_stack:00BF          add     bp, di
seg_stack:00C1          add     word_1CD09[bx+di], si
seg_stack:00C5          add     si, cx
seg_stack:00C7          add     di, cx
seg_stack:00C9          add     word ptr [bp+6+si], di
seg_stack:00CD          add     [bx+si], al
seg_stack:00CF          add     [bx+si], al
seg_stack:00D1          add     [bx+si], ch
seg_stack:00D3          add     [bx+si], dl
seg_stack:00D6          js      short loc_100D8
seg_stack:00D8
seg_stack:00D8 loc_100D8:                              ; CODE XREF: seg000+D6↑j
seg_stack:00D8          mov     al, byte_1C800         ; CODE XREF: seg000+D6↑j
seg_stack:00DB          add     al, dh
seg_stack:00DD          add     [bx+si], bl
seg_stack:00DF          add     start+1h[bx+si], ax
seg_stack:00E2          add     [bx+si], al
seg_stack:00E4          and     al, [bx+di]
seg_stack:00E6          add     [bx+si], al
seg_stack:00E8          mov     byte ptr ds:2201h, al
seg_stack:00EB          add     ah, [bp+2202h+si]
seg_stack:00EF          add     sp, word ptr [bp+2203h+si]
seg_stack:00F3          or      sp, word ptr [bp+220Bh+si]
seg_stack:00F7          adc     sp, word ptr [bp+513h+si]
seg_stack:00FB          push    es
seg_stack:00FC          or      [bx+si], cl
seg_stack:00FE          add     al, 5
seg_stack:0100          push    es
seg_stack:0101          push    es
seg_stack:0102          pop     es
seg_stack:0103          pop     es
seg_stack:0104          push    es
seg_stack:0105          push    es
seg_stack:0106          add     al, 0
seg_stack:0108          db 0FFh
seg_stack:0109          db 0FFh
seg_stack:010A          db    4
seg_stack:010B          db    0
seg_stack:010C          db 0FFh
seg_stack:010D          db 0FFh
seg_stack:010E          db 0FFh
seg_stack:010F          db 0FFh
seg_stack:0110          db 0FFh
seg_stack:0111          db 0FFh
seg_stack:0112          db    0
seg_stack:0113
seg_stack:0113 ; =============== S U B R O U T I N E =======================================
seg_stack:0113
seg_stack:0113
seg_stack:0113 indices         proc near
seg_stack:0113          add     [bx+si], al
seg_stack:0115          add     [bx+si], ax
seg_stack:0117          add     al, [bx+si]
seg_stack:0119          add     ax, [bx+si]
seg_stack:011B          add     al, 0
seg_stack:011D          add     ax, 600h
seg_stack:0120          add     [bx], al
seg_stack:0122          add     [si], al
seg_stack:0124          add     [bx+si], al
seg_stack:0126          add     [bx+si], al
seg_stack:0128          add     [bx+si], al
seg_stack:012A          add     [bx+si], al
seg_stack:012C          add     [bx+si], al
seg_stack:012E          add     [bx+si], al
seg_stack:0130          add     [bx+si], al
seg_stack:0132          add     [bx+si], al
seg_stack:0134          add     [bx+si], al
seg_stack:0136          add     [bx+si], al
seg_stack:0138          add     [bx+si], al
seg_stack:013A          add     [bx+si], al
seg_stack:013C          add     [bx+si], al
seg_stack:013E          add     [bx+si], al
seg_stack:0140          add     [bx+si], al
seg_stack:0142          add     ax, 402h
seg_stack:0145          pop     es
seg_stack:0146          push    es
seg_stack:0147          or      [bx+si], cl
seg_stack:0149          add     al, [bp+di]
seg_stack:014B          add     ax, word ptr ds:306h
seg_stack:014F          add     al, 2
seg_stack:0151          or      [bx+si], cl
seg_stack:0153          add     ax, word ptr ds:706h
seg_stack:0157          push    es
seg_stack:0158          push    es
seg_stack:0159          push    es
seg_stack:015A          push    es
seg_stack:015B          push    es
seg_stack:015C          add     al, [bp+di]
seg_stack:015E          add     ax, 505h
seg_stack:0161          push    es
seg_stack:0162          or      [bx+si], cl
seg_stack:0164          push    es
seg_stack:0165          pop     es
seg_stack:0166          or      byte ptr ds:806h, al
seg_stack:016A          or      [bp+si], al
seg_stack:016C          push    es
seg_stack:016D          push    es
seg_stack:016E          push    es
seg_stack:016F          or      [bx+si], cl
seg_stack:0171          or      byte ptr ds:608h, al
seg_stack:0175          push    es
seg_stack:0176          push    es
seg_stack:0177          push    es
seg_stack:0178          push    es
seg_stack:0179          or      [bx+si], cl
seg_stack:017B          or      [bx+si], cl
seg_stack:017D          add     al, 8
seg_stack:017F          add     al, 6
seg_stack:0181          or      [bp+si], al
seg_stack:0183          push    es
seg_stack:0184          push    es
seg_stack:0185          add     ax, 606h
seg_stack:0188          add     al, 6
seg_stack:018A          push    es
seg_stack:018B          add     al, [bp+di]
seg_stack:018D          push    es
seg_stack:018E          add     cl, [bx+si]
seg_stack:0190          push    es
seg_stack:0191          push    es
seg_stack:0192          push    es
seg_stack:0193          push    es
seg_stack:0194          add     ax, 406h
seg_stack:0197          push    es
seg_stack:0198          push    es
seg_stack:0199          or      byte ptr ds:606h, al
seg_stack:019D          add     al, 2
seg_stack:019F          add     al, 5
seg_stack:01A1          or      [bx+si], al
seg_stack:01A3          add     [di], al
seg_stack:01A5          add     ax, 0
seg_stack:01A8          add     [bx+si], al
seg_stack:01AA          add     [bx+si], al
seg_stack:01AC          add     [bx+si], al
seg_stack:01AE          add     [bx+si], al
seg_stack:01B0          add     [bx+si], al
seg_stack:01B2          add     [bx+si], al
seg_stack:01B4          add     [bx+si], al
seg_stack:01B6          add     [bx+si], al
seg_stack:01B8          add     [bx+si], al
seg_stack:01BA          add     [bx+si], al
seg_stack:01BC          add     [bx+si], al
seg_stack:01BE          add     [bx+si], al
seg_stack:01C0          add     [bx+si], al
seg_stack:01C2          add     ax, word ptr [bp+si]
seg_stack:01C4          add     al, 5
seg_stack:01C6          add     al, 5
seg_stack:01C8          add     ax, 302h
seg_stack:01CB          add     ax, word ptr ds:304h
seg_stack:01CF          add     al, 2
seg_stack:01D1          add     al, 5
seg_stack:01D3          add     ax, [di]
seg_stack:01D5          add     ax, 505h
seg_stack:01D8          add     ax, 505h
seg_stack:01DB          add     ax, 302h
seg_stack:01DE          add     al, 4
seg_stack:01E0          add     al, 5
seg_stack:01E2          add     ax, 505h
seg_stack:01E5          add     ax, 505h
seg_stack:01E8          add     ax, 505h
seg_stack:01EB          add     al, [di]
seg_stack:01ED          add     ax, 605h
seg_stack:01F0          add     ax, 505h
seg_stack:01F3          add     ax, 505h
seg_stack:01F6          add     al, 5
seg_stack:01F8          push    es
seg_stack:01F9          push    es
seg_stack:01FA          push    es
seg_stack:01FB          push    es
seg_stack:01FC          push    es
seg_stack:01FD          add     ax, word ptr loc_103EF+14h
seg_stack:0201          add     ax, 402h
seg_stack:0204          add     al, 4
seg_stack:0206          add     al, 4
seg_stack:0208          add     ax, [si]
seg_stack:020A          add     al, 2
seg_stack:020C          add     ax, [si]
seg_stack:020E          add     al, loc_103EF+15h
seg_stack:0212          add     al, 4
seg_stack:0214          add     al, 4
seg_stack:0216          add     al, 4
seg_stack:0218          add     al, 6
seg_stack:021A          add     al, 4
seg_stack:021C          add     al, 4
seg_stack:021E          add     al, [bp+di]
seg_stack:0220          add     ax, [di]
seg_stack:0222          add     [si], al
seg_stack:0224          add     [bx+si], al
seg_stack:0226          add     [bx+si], al
seg_stack:0228          add     [bx+si], al
seg_stack:022A          add     [bx+si], al
seg_stack:022C          add     [bx+si], al
seg_stack:022E          add     [bx+si], al
seg_stack:0230          add     [bx+si], al
seg_stack:0232          add     [bx+si], al
seg_stack:0234          add     [bx+si], al
seg_stack:0236          add     [bx+si], al
seg_stack:0238          add     [bx+si], al
seg_stack:023A          add     [bx+si], al
seg_stack:023C          add     [bx+si], al
seg_stack:023E          add     [bx+si], al
seg_stack:0240          add     [bx+si], al
seg_stack:0242          add     al, 2
seg_stack:0244          add     al, 6
seg_stack:0246          add     al, 7
seg_stack:0248          push    es
seg_stack:0249          add     al, [bp+di]
seg_stack:024B          add     al, 4
seg_stack:024D          add     al, 3
seg_stack:024F          add     ax, 702h
seg_stack:0252          add     ax, 503h
seg_stack:0255          add     ax, 506h
seg_stack:0258          add     ax, 505h
seg_stack:025B          add     ax, 302h
seg_stack:025E          add     al, 5
seg_stack:0260          add     al, 5
seg_stack:0262          pop     es
seg_stack:0263          push    es
seg_stack:0264          add     ax, 606h
seg_stack:0267          add     ax, 705h
seg_stack:026A          pop     es
seg_stack:026B          add     al, [di]
seg_stack:026D          add     ax, 605h
seg_stack:0270          push    es
seg_stack:0271          pop     es
seg_stack:0272          add     ax, 507h
seg_stack:0275          add     ax, 504h
seg_stack:0278          push    es
seg_stack:0279          or      [bx], al
seg_stack:027B          or      [bx], al
seg_stack:027D          add     ax, [bx]
seg_stack:027F          add     ax, word ptr ds:206h
seg_stack:0283          add     ax, 405h
seg_stack:0286          add     ax, 305h
seg_stack:0289          add     ax, 205h
seg_stack:028C          add     ax, [di]
seg_stack:028E          add     cl, [bx+si]
seg_stack:0290          add     ax, 505h
seg_stack:0293          add     ax, 505h
seg_stack:0296          add     al, 5
seg_stack:0298          push    es
seg_stack:0299          or      [di], al
seg_stack:029B          add     ax, 405h
seg_stack:029E          add     al, [si]
seg_stack:02A0          add     ax, 7
seg_stack:02A3          add     [bx+si], al
seg_stack:02A5          add     [bx+si], al
seg_stack:02A7          add     [bx+si], al
seg_stack:02A9          add     [bx+si], al
seg_stack:02AB          add     [bx+si], al
seg_stack:02AD          add     [bx+si], al
seg_stack:02AF          add     [bx+si], al
seg_stack:02B1          add     [bx+si], al
seg_stack:02B3          add     [bx+si], al
seg_stack:02B5          add     [bx+si], al
seg_stack:02B7          add     [bx+si], al
seg_stack:02B9          add     [bx+si], al
seg_stack:02BB          add     [bx+si], al
seg_stack:02BD          add     [bx+si], al
seg_stack:02BF          add     [bx+si], al
seg_stack:02C1          add     [bp+di], al
seg_stack:02C3          add     al, [si]
seg_stack:02C5          add     ax, 504h
seg_stack:02C8          add     ax, 302h
seg_stack:02CB          add     ax, word ptr ds:304h
seg_stack:02CF          add     al, 2
seg_stack:02D1          add     al, 5
seg_stack:02D3          add     ax, [di]
seg_stack:02D5          add     ax, 505h
seg_stack:02D8          add     ax, 505h
seg_stack:02DB          add     ax, 302h
seg_stack:02DE          add     al, 4
seg_stack:02E0          add     al, 5
seg_stack:02E2          add     ax, 505h
seg_stack:02E5          add     ax, 505h
seg_stack:02E8          add     ax, 505h
seg_stack:02EB          add     al, [di]
seg_stack:02ED          add     ax, 605h
seg_stack:02F0          add     ax, 505h
seg_stack:02F3          add     ax, 505h
seg_stack:02F6          add     al, 5
seg_stack:02F8          push    es
seg_stack:02F9          push    es
seg_stack:02FA          push    es
seg_stack:02FB          push    es
seg_stack:02FC          push    es
seg_stack:02FD          add     ax, word ptr loc_103EF+14h
seg_stack:0301          add     ax, 402h
seg_stack:0304          add     al, 4
seg_stack:0306          add     al, 4
seg_stack:0308          add     ax, [si]
seg_stack:030A          add     al, 2
seg_stack:030C          add     ax, [si]
seg_stack:030E          add     al, loc_103EF+15h
seg_stack:0312          add     al, 4
seg_stack:0314          add     al, 4
seg_stack:0316          add     al, 4
seg_stack:0318          add     al, 6
seg_stack:031A          add     al, 4
seg_stack:031C          add     al, 4
seg_stack:031E          add     al, [bp+di]
seg_stack:0320          add     ax, [di]
seg_stack:0322          add     byte_1A820[bx+si], ah
seg_stack:0326          pop     ds
seg_stack:0327
seg_stack:0327 loc_10327:                              ; CODE XREF: sub_101CD+198↓j
seg_stack:0327          loopne  loc_10329              ; CODE XREF: sub_101CD+198↓j
seg_stack:0329 loc_10329       db 0FFh                 ; CODE XREF: sub_101CD:loc_10327↑j
seg_stack:032A          push    ax
seg_stack:032C          cld
seg_stack:032D          lock inc word ptr [bp+di]
seg_stack:0330          add     [bx+si], al
seg_stack:0332          add     byte ptr [bx+di], 0
seg_stack:0335          db 0FFh
seg_stack:0336
seg_stack:0336 loc_10336:                              ; CODE XREF: sub_101CD+187↓j
seg_stack:0336          cmp     al, ah                 ; CODE XREF: sub_101CD+187↓j
seg_stack:0338          pop     es
seg_stack:0339          db 0FFh
seg_stack:033A          inc     word ptr [bx+si]
seg_stack:033C          add     [bx+si], ax
seg_stack:033E          nop     ax
seg_stack:0341          lock add [bx+si], al
seg_stack:0344          add     [bx+si], bh
seg_stack:0347          add     [si], bl
seg_stack:0349
seg_stack:0349 loc_10349:                              ; CODE XREF: sub_101CD+19A↓j
seg_stack:0349          cmp     [bx+si], al            ; CODE XREF: sub_101CD+19A↓j
seg_stack:034B          add     [bx+si], al
seg_stack:034D          add     [bx+si], al
seg_stack:034F          add     [bx+si], al
seg_stack:0351          out     dx, al
seg_stack:0352          loopne  loc_10394
seg_stack:0354          loopne  loc_10336
seg_stack:0356          mov     al, byte_180E0
seg_stack:0359          loopne  loc_1033B
seg_stack:035B          loopne  loc_1035D
seg_stack:035D
seg_stack:035D loc_1035D:                              ; CODE XREF: sub_101CD+18E↑j
seg_stack:035D          add     byte_17000, cl         ; CODE XREF: sub_101CD+18E↑j
seg_stack:0361          add     [bx+si], al
seg_stack:0363          loopne  loc_10345
seg_stack:0365          loopne  loc_10327
seg_stack:0367          loopne  loc_10349
seg_stack:0369          loopne  loc_1030B
seg_stack:036B          loopne  loc_103CD
seg_stack:036D          mov     al, byte_1A080
seg_stack:0370          shl     al, 0E0h
seg_stack:0373          loopne  loc_10355
seg_stack:0375          loopne  loc_10357
seg_stack:0377          mov     al, byte_1A0A0
seg_stack:037A          mov     al, byte_1E0A0
seg_stack:037D          add     [bx+si], al
seg_stack:037F          add     [bx+si], al
seg_stack:0381          add     [si], bh
seg_stack:0383          add     al, ah
seg_stack:0385          add     byte ptr loc_11BD7+29h, cl
seg_stack:0389          add     al, ah
seg_stack:038B          sbb     byte_138E0, al
seg_stack:038F          add     [bx+si], al
seg_stack:0391          add     [bx+si], al
seg_stack:0393          add     [bx+si], al
seg_stack:0395          add     [bx+si], bl
seg_stack:0397          add     [bx+si], al
seg_stack:0399          add     [bx+si], al
seg_stack:039B          add     [bx+si], al
seg_stack:039D          add     [bx+si], bl
seg_stack:039F          add     [bx+si], cl
seg_stack:03A1          adc     [bx+si], al
seg_stack:03A3          loopne  loc_103A5
seg_stack:03A5
seg_stack:03A5 loc_103A5:                              ; CODE XREF: sub_101CD+1D6↑j
seg_stack:03A5          add     [bx+si], al            ; CODE XREF: sub_101CD+1D6↑j
seg_stack:03A7          add     [bx+si], al
seg_stack:03A9          add     [bx+si], al
seg_stack:03AB          add     [bx+si], al
seg_stack:03AD          add     [bx+si], al
seg_stack:03AF          add     [bx+si], al
seg_stack:03B1          add     [bx+si], al
seg_stack:03B3          add     [bx+si], al
seg_stack:03B5          add     [bx+si], al
seg_stack:03B7          add     [bx+si], al
seg_stack:03B9          add     [bx+si], al
seg_stack:03BB          add     [bx+si], al
seg_stack:03BD          add     [bx+si], al
seg_stack:03BF          add     [bx+si], al
seg_stack:03C1          add     [bx+si], al
seg_stack:03C3          and     byte ptr loc_11FFF+1h[bx+si], 42h
seg_stack:03C8          xor     byte_18040[bx+si], al
seg_stack:03CC          add     [bx+si], al
seg_stack:03CE          add     [bx+si], al
seg_stack:03D0          add     [bp+si], al
seg_stack:03D2          cmp     al, al
seg_stack:03D4          jo      short loc_10446
seg_stack:03D6          or      al, bh
seg_stack:03D8          xor     al, bh
seg_stack:03DA          jo      short loc_1044C
seg_stack:03DC          add     [bx+si], al
seg_stack:03DE          adc     [bx+si], al
seg_stack:03E0          xor     byte ptr start+38h[bx+si], 10h
seg_stack:03E4          db 0F0h
seg_stack:03E5          cmp     al, bh
seg_stack:03E7          clc
seg_stack:03E8          clc
seg_stack:03E9          cmp     [bp+880h+si], al
seg_stack:03ED          mov     byte_18282[bx+si], al
seg_stack:03F1          cmp     al, dh
seg_stack:03F3          cmp     al, dh
seg_stack:03F5          jo      short loc_103EF
seg_stack:03F7          mov     byte_18282[bx+si], cl
seg_stack:03FB          cmp     dh, 0E0h
seg_stack:03FE          and     al, 20h
seg_stack:0401          add     byte_18000[bx+si], al
seg_stack:0405          add     [bx+si], cl
seg_stack:0407          add     [bx+si], ah
seg_stack:0409          add     byte_14080[bx+si], al
seg_stack:040D          add     byte ptr start[bx+si], 0
seg_stack:0412          add     [bx+si], al
seg_stack:0414          add     [bx+si], al
seg_stack:0416          add     [bx+si], al
seg_stack:0418          add     [bx+si], al
seg_stack:041A          add     [bx+si], al
seg_stack:041C          add     [bx+si], ah
seg_stack:041E          add     byte ptr byte_15500[bx+si], 0
seg_stack:0423          mov     al, byte_1AB20
seg_stack:0426          jg      short loc_10420
seg_stack:0428          add     bh, bh
seg_stack:042A          push    ax
seg_stack:042C          cld
seg_stack:042D          lock inc word ptr [bp+di]
seg_stack:0430          add     [bx+si], al
seg_stack:0432          rol     byte ptr [bp+di], 0
seg_stack:0435          call    dword ptr dword_1FFE0[si]
seg_stack:0438          pop     es
seg_stack:0439          db 0FFh
seg_stack:043A          inc     word ptr [bx+si]
seg_stack:043C          add     ax, [bx+si]
seg_stack:043E          nop     ax
seg_stack:0441          add     [bx+si], al
seg_stack:0443          sbb     ah, cl
seg_stack:0445          insb
seg_stack:0447          cmp     ss:byte_16670, cl
seg_stack:044D          sbb     [bx+si], al
seg_stack:044F          add     [bx+si], al
seg_stack:0451          out     dx, al
seg_stack:0452          mov     al, byte ptr loc_12034+0Ch
seg_stack:0455          and     byte_18080[bx+si], ah
seg_stack:0459          and     byte_140A0[bx+si], ah
seg_stack:045D          inc     ax
seg_stack:045E          sbb     [bx+si], al
seg_stack:0460          sbb     [si], bh
seg_stack:0462          cmp     al, 0A0h
seg_stack:0464          mov     al, byte_1A080
seg_stack:0467          add     byte ptr byte_1A080[bx+si], 40h
seg_stack:046C          and     byte_1E080[bx+si], ah
seg_stack:0470          mov     al, byte_1A0A0
seg_stack:0473          mov     al, byte_180A0
seg_stack:0476          inc     ax
seg_stack:0477          mov     al, byte_1A0A0
seg_stack:047A          mov     al, byte ptr ds:20A0h
seg_stack:047D          push    ds
seg_stack:047E          inc     ax
seg_stack:047F          js      short loc_10489
seg_stack:0481          add     [bp], ah
seg_stack:0484          pushaw
seg_stack:0485          add     [si], cl
seg_stack:0487          add     [bx+si], dh
seg_stack:0489
seg_stack:0489 loc_10489:                              ; CODE XREF: sub_101CD+2B2↑j
seg_stack:0489          push    es                     ; CODE XREF: sub_101CD+2B2↑j
seg_stack:048A          pushaw
seg_stack:048B          add     [bx+si], al
seg_stack:048D          pushaw
seg_stack:048E          sbb     [bx+si], al
seg_stack:0490          add     [bx+si], al
seg_stack:0492          add     [bx+si], al
seg_stack:0494          add     [bx+si], al
seg_stack:0496          sbb     [bx+si], al
seg_stack:0498          add     [bx+si], al
seg_stack:049A          add     [bx+si], al
seg_stack:049C          add     [bx+si], bl
seg_stack:049E          sbb     [bx+si], al
seg_stack:04A0          sbb     [bx+si], al
seg_stack:04A2          add     [bx+si], al
seg_stack:04A5          add     [bx+si], al
seg_stack:04A7          add     [bx+si], al
seg_stack:04A9          add     [bx+si], al
seg_stack:04AB          add     [bx+si], al
seg_stack:04AD          add     [bx+si], al
seg_stack:04AF          add     [bx+si], al
seg_stack:04B1          add     [bx+si], al
seg_stack:04B3          add     [bx+si], al
seg_stack:04B5          add     [bx+si], al
seg_stack:04B7          add     [bx+si], al
seg_stack:04B9          add     [bx+si], al
seg_stack:04BB          add     [bx+si], al
seg_stack:04BD          add     [bx+si], al
seg_stack:04BF          add     [bx+si], al
seg_stack:04C1          add     [bx+si], al
seg_stack:04C3          and     byte ptr byte_17848[bx+si], 0A4h
seg_stack:04C8          dec     ax
seg_stack:04C9          add     byte ptr byte_1A840[bx+si], 20h
seg_stack:04CE          add     [bx+si], al
seg_stack:04D0          add     [si], al
seg_stack:04D2          inc     sp
seg_stack:04D3          inc     ax
seg_stack:04D4          mov     byte_18018[bx+si], cl
seg_stack:04D8          inc     ax
seg_stack:04D9          or      [bx+si+88h], cl
seg_stack:04DD          add     [bx+si], ah
seg_stack:04DF          add     byte_1FF88[bx+si], al
seg_stack:04E2          inc     sp
seg_stack:04E3          adc     byte_18444[bx+si], cl
seg_stack:04E7          add     byte ptr byte_18244[bx+si], 80h
seg_stack:04EC          or      byte_1C680[bx+si], dl
seg_stack:04F0          retn    8844h
seg_stack:04F3          inc     sp
seg_stack:04F4          mov     byte_18820[bx+si], cl
seg_stack:04F8          mov     [bp+4444h+si], al
seg_stack:04FC          add     al, 80h
seg_stack:04FE          inc     ax
seg_stack:04FF          and     [bx+si], dh
seg_stack:0502          add     byte ptr [bx+si], 80h
seg_stack:0505          add     [bx+si], cl
seg_stack:0507          add     [bx+si], al
seg_stack:050A          add     byte ptr [bx+si], 0
seg_stack:050D          add     byte ptr start[bx+si], 0
seg_stack:0512          add     [bx+si], al
seg_stack:0514          add     [bx+si], al
seg_stack:0516          inc     ax
seg_stack:0517          add     [bx+si], al
seg_stack:0519          add     [bx+si], al
seg_stack:051B          add     [bx+si], al
seg_stack:051D          inc     ax
seg_stack:051E          add     byte ptr [bx+si], 0AAh
seg_stack:0522          add     al, al
seg_stack:0524          and     [bp-301h+di], ch
seg_stack:0528          add     bh, bh
seg_stack:052A          add     al, dh
seg_stack:052C          cld
seg_stack:052D          lock inc word ptr [bp+di]
seg_stack:0530          add     [bx+si], al
seg_stack:0532          db 0F0h
seg_stack:0533          db  0Fh
seg_stack:0534          add     bh, bh
seg_stack:0536          mov     si, 7E0h
seg_stack:0539          add     bh, bh
seg_stack:053B          add     byte ptr loc_10EF0+10h, al
seg_stack:053F          sbb     al, dh
seg_stack:0541          add     [bx+si], al
seg_stack:0543          sbb     dh, ch
seg_stack:0545          jmp     dword ptr [si+6Ch]
seg_stack:0548          sbb     al, 18h
seg_stack:054A          sbb     al, 38h
seg_stack:054C          cmp     al, 18h
seg_stack:054E          add     al, al
seg_stack:0550          add     [bp-60h], ah
seg_stack:0553          inc     ax
seg_stack:0554          loopne  loc_105B6
seg_stack:0556          loopne  loc_10538
seg_stack:0558          loopne  loc_1059A
seg_stack:055A          loopne  loc_1053C
seg_stack:055C          add     [bx+si], al
seg_stack:055E          xor     [bp+0Ch], bh
seg_stack:0561          loopne  loc_10525
seg_stack:0565          and     byte ptr byte_1C0E0[bx+si], 80h
seg_stack:056A          loopne  loc_105AC
seg_stack:056C          and     al, al
seg_stack:056E          and     byte ptr byte_1A0A0[bx+si], 0E0h
seg_stack:0573          mov     al, byte_1E0C0
seg_stack:0576          inc     ax
seg_stack:0577          mov     al, byte_1E0A0
seg_stack:057A          inc     ax
seg_stack:057B          loopne  loc_105BD
seg_stack:057D          sbb     byte ptr start+18h[bx+si], ah
seg_stack:0580          sbb     al, 0
seg_stack:0582          outsb
seg_stack:0583          cmp     al, 7Ch
seg_stack:0585          jl      loc_105C4
seg_stack:0588          xor     [si], bh
seg_stack:058A          jl      short loc_105C4
seg_stack:058C          push    cs
seg_stack:058D          insb
seg_stack:058E          sbb     ah, cl
seg_stack:0590          cld
seg_stack:0591          cmp     al, 0FCh
seg_stack:0593          jle     short loc_10571
seg_stack:0595          jle     loc_10586
seg_stack:0598          db  66h ; f
seg_stack:0599          db 0C6h
seg_stack:059A
seg_stack:059A loc_1059A:                              ; CODE XREF: sub_101CD+38B↑j
seg_stack:059A          jle     loc_105DA              ; CODE XREF: sub_101CD+38B↑j
seg_stack:059E          sbb     [bx+si], al
seg_stack:05A0          cmp     [bx+si], al
seg_stack:05A2          add     [bx+si], al
seg_stack:05A5          add     [bx+si], al
seg_stack:05A7          add     [bx+si], al
seg_stack:05A9          add     [bx+si], al
seg_stack:05AB          add     [bx+si], al
seg_stack:05AD          add     [bx+si], al
seg_stack:05AF          add     [bx+si], al
seg_stack:05B1          add     [bx+si], al
seg_stack:05B3          add     [bx+si], al
seg_stack:05B5          add     [bx+si], al
seg_stack:05B7          add     [bx+si], al
seg_stack:05B9          add     [bx+si], al
seg_stack:05BB          add     [bx+si], al
seg_stack:05BD
seg_stack:05BD loc_105BD:                              ; CODE XREF: sub_101CD+3AE↑j
seg_stack:05BD          add     [bx+si], al            ; CODE XREF: sub_101CD+3AE↑j
seg_stack:05BF          add     [bx+si], al
seg_stack:05C1          add     [bx+si], al
seg_stack:05C3          add     byte ptr [bx+si], 0FCh
seg_stack:05C6          mov     al, byte_130A8
seg_stack:05C9          add     byte_17040[bx+si], al
seg_stack:05CD          and     [bx+si], al
seg_stack:05CF          add     [bx+si], al
seg_stack:05D1          or      [bp+840h+si], al
seg_stack:05D5          or      [bx+si], ch
seg_stack:05D7          add     byte ptr byte_18808[bx+si], 88h
seg_stack:05DC          add     byte ptr start+40h[bx+si], 0F0h
seg_stack:05E0          and     [bx+si], cl
seg_stack:05E2          call    far ptr 8280h:8828h
seg_stack:05E7          add     byte ptr byte_18280[bx+si], 80h
seg_stack:05EC          or      byte_1AA80[bx+si], ah
seg_stack:05F0          mov     byte_18882, al
seg_stack:05F3          or      byte ptr [bx+si+2080h], 88h
seg_stack:05F8          mov     [bp+2828h+si], al
seg_stack:05FC          or      byte ptr loc_12007+19h[bx+si], al
seg_stack:0600          clc
seg_stack:0601          add     [bx+si], al
seg_stack:0603
seg_stack:0603 loc_10603:                              ; CODE XREF: sub_101CD+444↓j
seg_stack:0603          js      short loc_105F5        ; CODE XREF: sub_101CD+444↓j
seg_stack:0605          jo      short loc_1067F
seg_stack:0607          jo      short loc_105E9
seg_stack:0609          js      short loc_105FB
seg_stack:060B          add     byte ptr byte_1FF88[bx+si], 80h
seg_stack:060F          in      al, dx
seg_stack:0610          db 0F0h
seg_stack:0611          jo      short loc_10603
seg_stack:0613          js      short loc_105C5
seg_stack:0615          js      short loc_105F7
seg_stack:0617          mov     byte_18882[bx+si], cl
seg_stack:061B          mov     al, bh
seg_stack:061D          inc     ax
seg_stack:061E          add     byte ptr [bx+si], 55h
seg_stack:0622          add     byte_1AB00[bx+si], ah
seg_stack:0626          db 0FFh
seg_stack:0627          inc     byte ptr [bx+di]
seg_stack:0629          inc     word ptr [bx+si]
seg_stack:062B          db 0F0h
seg_stack:062C          cld
seg_stack:062D          lock inc word ptr [bp+di]
seg_stack:0630          inc     word ptr [bx+si]
seg_stack:0632          db 0FFh
seg_stack:0633          db 0FFh
seg_stack:0634          db 0FFh
seg_stack:0635          db 0FFh
seg_stack:0636          db 0FEh
seg_stack:0637          loopne  loc_10640
seg_stack:0639          add     [bx+si], al
seg_stack:063B          add     [si], ch
seg_stack:063E          psubb   mm6, mm0
seg_stack:0641          add     [bx+si], al
seg_stack:0643          sbb     dh, ch
seg_stack:0645          cmp     [bx+si], bl
seg_stack:0648          cmp     [bx+si], dh
seg_stack:064A          sbb     [bx+si], bl
seg_stack:064C          db 0FFh
seg_stack:064D          jle     short loc_1064F
seg_stack:064F
seg_stack:064F loc_1064F:                              ; CODE XREF: sub_101CD+480↑j
seg_stack:064F          add     [bx+si], al            ; CODE XREF: sub_101CD+480↑j
seg_stack:0651          int3
seg_stack:0652          mov     al, byte_18040
seg_stack:0655          and     [bx+si], ah
seg_stack:0657          and     byte_1A040[bx+si], ah
seg_stack:065B          and     byte ptr start+40h[bx+si], al
seg_stack:065E          pushaw
seg_stack:065F          add     byte_16E0C, al
seg_stack:0663          mov     al, byte_180A0
seg_stack:0666          mov     al, byte_18080
seg_stack:0669          mov     al, byte_140A0
seg_stack:066C          mov     al, byte_180A0
seg_stack:066F          mov     al, byte_1A0A0
seg_stack:0672          and     byte ptr [bx+si+20A0h], 40h
seg_stack:0677          mov     al, byte_1E0A0
seg_stack:067A          mov     al, byte_18040
seg_stack:067D          sbb     [bx+si], dh
seg_stack:067F
seg_stack:067F loc_1067F:                              ; CODE XREF: sub_101CD+438↑j
seg_stack:067F          sbb     byte_16E00, dh         ; CODE XREF: sub_101CD+438↑j
seg_stack:0683          push    es
seg_stack:0684          int3
seg_stack:0687          jl      loc_106F0
seg_stack:068A          sbb     byte ptr loc_11859+1Fh, al
seg_stack:068F          db 0FEh
seg_stack:0690          int3
seg_stack:0694          pushal
seg_stack:0696          sbb     [bp+66h], ah
seg_stack:0699          salc
seg_stack:069A          cmp     al, 66h
seg_stack:069C          dec     sp
seg_stack:069D          jle     short loc_106B7
seg_stack:069F          sbb     [bx+si], bh
seg_stack:06A2          add     [bx+si], al
seg_stack:06A5          add     [bx+si], al
seg_stack:06A7          add     [bx+si], al
seg_stack:06A9          add     [bx+si], al
seg_stack:06AB          add     [bx+si], al
seg_stack:06AD          add     [bx+si], al
seg_stack:06AF          add     [bx+si], al
seg_stack:06B1          add     [bx+si], al
seg_stack:06B3          add     [bx+si], al
seg_stack:06B5          add     [bx+si], al
seg_stack:06B7
seg_stack:06B7 loc_106B7:                              ; CODE XREF: sub_101CD+4D0↑j
seg_stack:06B7          add     [bx+si], al            ; CODE XREF: sub_101CD+4D0↑j
seg_stack:06B9          add     [bx+si], al
seg_stack:06BB          add     [bx+si], al
seg_stack:06BD          add     [bx+si], al
seg_stack:06BF          add     [bx+si], al
seg_stack:06C1          add     [bx+si], al
seg_stack:06C3          add     byte ptr [bx+si], 48h
seg_stack:06C6          jo      short loc_1071C
seg_stack:06C8          dec     dx
seg_stack:06C9
seg_stack:06C9 loc_106C9:                              ; CODE XREF: sub_101CD+50A↓j
seg_stack:06C9          add     byte_1F840[bx+si], al  ; CODE XREF: sub_101CD+50A↓j
seg_stack:06CD          clc
seg_stack:06CE          add     al, ah
seg_stack:06D0          add     [bx+si], dl
seg_stack:06D2          add     byte ptr start+10h[bx+si], 30h
seg_stack:06D6          dec     ax
seg_stack:06D7          jo      short loc_106C9
seg_stack:06D9          adc     [bx+si+78h], dh
seg_stack:06DC          add     [bx+si], al
seg_stack:06DE          add     byte ptr [bx+si], 10h
seg_stack:06E1          adc     [bp-0FC8h+si], ch
seg_stack:06E5          add     byte ptr [bp-708h+si], 9Eh
seg_stack:06EA          inc     byte ptr byte_1C008[bx+si]
seg_stack:06EE          adc     byte ptr [bp-7D6Eh+si], 0F0h
seg_stack:06F3          xor     al, 70h
seg_stack:06F6          and     byte_15450[bx+si], cl
seg_stack:06FA          adc     [bx+si], dl
seg_stack:06FC          adc     byte ptr loc_12007+9h[bx+si], al
seg_stack:0700          and     [bx+si], al
seg_stack:0702          add     byte_18088[bx+si], cl
seg_stack:0706          mov     byte_18840[bx+si], cl
seg_stack:070A          mov     byte_19040[bx+si], al
seg_stack:070E          adc     byte ptr [bp-7778h+si], 88h
seg_stack:0713          mov     al, al
seg_stack:0715          add     byte ptr byte_1FF88[bx+si], 88h
seg_stack:0719          adc     byte ptr byte_1FF88[bx+si], 10h
seg_stack:071D          add     byte ptr byte_1F020[bx+si], 0AAh
seg_stack:0722          add     byte_1AB00[bx+si], ah
seg_stack:0726          db 0FFh
seg_stack:0727          inc     byte ptr [bx+di]
seg_stack:0729          inc     word ptr [bx+si]
seg_stack:072B          db 0F0h
seg_stack:072C          cld
seg_stack:072D          lock inc word ptr [bp+di]
seg_stack:0730          add     bh, bh
seg_stack:0732          db 0FFh
seg_stack:0733          db 0FFh
seg_stack:0734          db 0FFh
seg_stack:0735          db 0FFh
seg_stack:0736 loc_10736       db 0FEh                 ; CODE XREF: sub_101CD+587↓j
seg_stack:0737          loopne  loc_10740
seg_stack:0739          add     [bx+si], al
seg_stack:073B          add     byte ptr word_1FFF0[bx+si], bh
seg_stack:073E          add     al, bh
seg_stack:0740
seg_stack:0740 loc_10740:                              ; CODE XREF: sub_101CD+56A↑j
seg_stack:0740          add     [bx+si], al            ; CODE XREF: sub_101CD+56A↑j
seg_stack:0742          add     [bx+si], bl
seg_stack:0744          add     [bp], ah
seg_stack:0747          xor     [bx], ch
seg_stack:074A          sbb     [bx+si], bl
seg_stack:074C          cmp     al, 18h
seg_stack:074E          add     [bx+si], al
seg_stack:0750          inc     ax
seg_stack:0751          add     al, ah
seg_stack:0753          inc     ax
seg_stack:0754          loopne  loc_10736
seg_stack:0756          and     al, ah
seg_stack:0758          loopne  loc_1079A
seg_stack:075A          loopne  loc_1077C
seg_stack:075C          add     byte ptr start+30h[bx+si], al
seg_stack:0760          or      al, 18h
seg_stack:0762          outsb
seg_stack:0763          mov     al, byte_1E0E0
seg_stack:0766          shl     al, 80h
seg_stack:0769          loopne  loc_1070B
seg_stack:076B          loopne  loc_1074D
seg_stack:076D          mov     al, byte_1A0E0
seg_stack:0770          mov     al, byte_180E0
seg_stack:0773          shl     byte ptr byte_140E0[bx+si], 0E0h
seg_stack:0778          inc     ax
seg_stack:0779          mov     al, byte_140A0
seg_stack:077C
seg_stack:077C loc_1077C:                              ; CODE XREF: sub_101CD+58D↑j
seg_stack:077C          loopne  loc_10796              ; CODE XREF: sub_101CD+58D↑j
seg_stack:077E          sbb     [bx+si], bl
seg_stack:0780          arpl    [bx+si], ax
seg_stack:0782          pushaw
seg_stack:0783          pushal
seg_stack:0786          int3
seg_stack:0787          jle     short loc_107B9
seg_stack:0789          sbb     byte ptr loc_11859+1Fh, al
seg_stack:078F loc_1078F       db 0FEh                 ; CODE XREF: sub_101CD+640↓j
seg_stack:0790          int3
seg_stack:0794          pushaw
seg_stack:0795          cmp     al, 18h
seg_stack:0797          db  66h ; f
seg_stack:0798          db  66h ; f
seg_stack:0799          db 0FEh
seg_stack:079A
seg_stack:079A loc_1079A:                              ; CODE XREF: sub_101CD+58B↑j
seg_stack:079A          sbb     [bp+18h], ah           ; CODE XREF: sub_101CD+58B↑j
seg_stack:079D          jle     short loc_107B7
seg_stack:079F          sbb     [bx+si], bh
seg_stack:07A1          add     [bx+si], al
seg_stack:07A3          inc     ax
seg_stack:07A4          add     [bx+si], al
seg_stack:07A6          add     [bx+si], al
seg_stack:07A8          add     [bx+si], al
seg_stack:07AA          add     [bx+si], al
seg_stack:07AC          add     [bx+si], al
seg_stack:07AE          add     [bx+si], al
seg_stack:07B0          add     [bx+si], al
seg_stack:07B2          add     [bx+si], al
seg_stack:07B4          add     [bx+si], al
seg_stack:07B6          add     [bx+si], al
seg_stack:07B8          add     [bx+si], al
seg_stack:07BA          add     [bx+si], al
seg_stack:07BC          add     [bx+si], al
seg_stack:07BE          add     [bx+si], al
seg_stack:07C0          add     [bx+si], al
seg_stack:07C2          add     byte_14800[bx+si], al
seg_stack:07C6          sub     [bp+si], ch
seg_stack:07C8          test    [bx+si], al
seg_stack:07CA          add     byte ptr [bx+si+70h], 20h
seg_stack:07CE          add     [bx+si], al
seg_stack:07D0          add     [bx+si], ah
seg_stack:07D2          add     byte ptr start+20h[bx+si], 8
seg_stack:07D6          cld
seg_stack:07D7          or      byte_18820[bx+si], cl
seg_stack:07DB          or      [bx+si], al
seg_stack:07DD          add     byte ptr word_1FFF0[bx+si], al
seg_stack:07E0          and     [bx+si], ah
seg_stack:07E2          sahf
seg_stack:07E3          inc     sp
seg_stack:07E4          mov     byte_18082[bx+si], al
seg_stack:07E8          add     byte ptr [bp-7F7Eh+si], 8
seg_stack:07ED          mov     al, byte_18280
seg_stack:07F0          mov     al, [bp-7580h+si]
seg_stack:07F4          mov     al, byte ptr loc_12007+1h
seg_stack:07F7          mov     [bx+si+54h], dl
seg_stack:07FA          sub     [bx+si], dl
seg_stack:07FC          and     byte ptr loc_12007+1h[bx+si], al
seg_stack:0800          and     [bx+si], al
seg_stack:0802          add     byte_18088[bx+si], cl
seg_stack:0806          mov     al, bh
seg_stack:0808          inc     ax
seg_stack:0809          mov     byte_14080[bx+si], cl
seg_stack:080D          loopne  loc_1078F
seg_stack:080F          xchg    dx, ax
seg_stack:0810          mov     byte_18888[bx+si], cl
seg_stack:0814 indices         endp
seg_stack:0814
seg_stack:0814
seg_stack:0814 ; =============== S U B R O U T I N E =======================================
seg_stack:0814
seg_stack:0814
seg_stack:0814 sub_10814       proc near               ; CODE XREF: $WHOME+44↓p
seg_stack:0814          xor     byte ptr start+40h[bx+si], 88h; CODE XREF: $WHOME+44↓p
seg_stack:0818
seg_stack:0818 loc_10818:                              ; CODE XREF: sub_10814+22↓j
seg_stack:0818          push    ax                     ; CODE XREF: sub_10814+22↓j
seg_stack:0819          push    sp
seg_stack:081A          and     byte_14020[bx+si], cl
seg_stack:081E          add     byte ptr [bx+si], 55h
seg_stack:0822          add     [bx+si], cl
seg_stack:0825          stosw
seg_stack:0826          db 0FFh
seg_stack:0827          inc     word ptr [bx+di]
seg_stack:0829          add     [bx+si], al
seg_stack:082B          db 0F0h
seg_stack:082C          cld
seg_stack:082D          add     bh, bh
seg_stack:082F          add     ax, [bx+si]
seg_stack:0831          add     al, dh
seg_stack:0833          db  0Fh
seg_stack:0834          add     bh, bh
seg_stack:0836          jl      short loc_10818
seg_stack:0838          pop     es
seg_stack:0839          add     [bx+si], al
seg_stack:083B          push    word_1FFF0[bx+si]
seg_stack:083E          add     [bx+si], al
seg_stack:0840          add     [bx+si], al
seg_stack:0842          add     [bx+si], al
seg_stack:0844          add     bh, bh
seg_stack:0846          add     [bp+66h], ah
seg_stack:0849          add     [si], bl
seg_stack:084B          cmp     [bp+18h], ah
seg_stack:084E          sbb     [bx+si], al
seg_stack:0850          sbb     [bx+si], al
seg_stack:0852          add     [bx+si], al
seg_stack:0854          add     [bx+si], al
seg_stack:0856          add     [bx+si], al
seg_stack:0858          add     [bx+si], al
seg_stack:085A          add     [bx+si], al
seg_stack:085C          sbb     [bx+si], bl
seg_stack:085E          sbb     [bp+18h], bh
seg_stack:0861          add     [bx+si], ah
seg_stack:0864          add     [bx+si], al
seg_stack:0866          add     [bx+si], al
seg_stack:0868          add     [bx+si], al
seg_stack:086A          add     [bx+si], al
seg_stack:086C          add     [bx+si], al
seg_stack:086E          add     [bx+si], al
seg_stack:0870          add     [bx+si], al
seg_stack:0872          add     [bx+si], al
seg_stack:0874          add     [bx+si], al
seg_stack:0876          add     [bx+si], al
seg_stack:0878          add     [bx+si], al
seg_stack:087A          add     [bx+si], al
seg_stack:087C          add     [bx+si], bl
seg_stack:087E          or      al, 18h
seg_stack:0880          add     [bx+si], al
seg_stack:0882          bound   sp, dword ptr [bp+66h]
seg_stack:0885          int3
seg_stack:0887          pushaw
seg_stack:0888          xor     byte ptr ds:1866h, bh
seg_stack:088C          push    es
seg_stack:088D          insb
seg_stack:088E          sbb     dh, dl
seg_stack:0890          jl      loc_10910
seg_stack:0894          pushaw
seg_stack:0895          push    es
seg_stack:0896          sbb     [bp+3Ch], ah
seg_stack:0899          jl      short loc_108D7
seg_stack:089B          xor     bl, ds:[bx+si]
seg_stack:089E          sbb     [bx+si], al
seg_stack:08A0          sbb     [bx+si], al
seg_stack:08A2          add     [bx+si], al
seg_stack:08A5          add     [bx+si], al
seg_stack:08A7          add     [bx+si], al
seg_stack:08A9          add     [bx+si], al
seg_stack:08AB          add     [bx+si], al
seg_stack:08AD          add     [bx+si], al
seg_stack:08AF          add     [bx+si], al
seg_stack:08B1          add     [bx+si], al
seg_stack:08B3          add     [bx+si], al
seg_stack:08B5          add     [bx+si], al
seg_stack:08B7          add     [bx+si], al
seg_stack:08B9          add     [bx+si], al
seg_stack:08BB          add     [bx+si], al
seg_stack:08BD          add     [bx+si], al
seg_stack:08BF          add     [bx+si], al
seg_stack:08C1          add     [bx+si], al
seg_stack:08C3          add     [bx+si], al
seg_stack:08C5          cld
seg_stack:08C6          db 0F0h
seg_stack:08C7          dec     dx
seg_stack:08C8          inc     sp
seg_stack:08C9          add     byte_1A840[bx+si], al
seg_stack:08CD          and     [bx+si], al
seg_stack:08CF          add     [bx+si], al
seg_stack:08D1          inc     ax
seg_stack:08D2          inc     sp
seg_stack:08D3          inc     ax
seg_stack:08D4          inc     ax
seg_stack:08D5          mov     [bx+si], cl
seg_stack:08D7
seg_stack:08D7 loc_108D7:                              ; CODE XREF: sub_10814+85↑j
seg_stack:08D7          mov     byte_18840[bx+si], cl  ; CODE XREF: sub_10814+85↑j
seg_stack:08DB          adc     [bx+si+2040h], al
seg_stack:08DF          add     [bx+si], al
seg_stack:08E2          inc     sp
seg_stack:08E3          inc     sp
seg_stack:08E4          mov     byte_1FF84[si], al
seg_stack:08E7          add     byte ptr byte_18244[bx+si], 80h
seg_stack:08EC          mov     byte_18280[bx+si], dl
seg_stack:08F0          xchg    byte ptr word_1FF80[si], al
seg_stack:08F3          inc     sp
seg_stack:08F4          nop
seg_stack:08F5          mov     [bx+si], ah
seg_stack:08F7          mov     [bx+si], ah
seg_stack:08F9          sub     byte ptr start+10h[si], al
seg_stack:08FC          inc     ax
seg_stack:08FD          add     byte ptr [si], 20h
seg_stack:0900          and     [bx+si], al
seg_stack:0902          add     byte_18088[bx+si], cl
seg_stack:0906          mov     byte_18840[bx+si], al
seg_stack:090A          mov     byte_19040[bx+si], al
seg_stack:090E          adc     byte ptr [bp-7778h+si], 88h
seg_stack:0913          mov     byte_14008[bx+si], al
seg_stack:0917          mov     [bx+si+54h], dl
seg_stack:091A          push    ax
seg_stack:091B          mov     byte ptr start+40h[bx+si], al
seg_stack:091E          add     byte ptr [bx+si], 0AAh
seg_stack:0922          add     [si], al
seg_stack:0925          db 0FFh
seg_stack:0926          db 0FFh
seg_stack:0927          inc     word ptr [bp+di]
seg_stack:0929          add     [bx+si], al
seg_stack:092B          lock add [bx+si], al
seg_stack:092E          add     [bp+di], al
seg_stack:0930          add     [bx+si], al
seg_stack:0932          rol     byte ptr [bp+di], 0
seg_stack:0935          db 0FFh
seg_stack:0936          cmp     al, ah
seg_stack:0938          pop     es
seg_stack:0939          add     [bx+si], al
seg_stack:093B          jmp     word ptr word_1FFF0[bx+si]
seg_stack:093E          add     [bx+si], al
seg_stack:0940          add     [bx+si], al
seg_stack:0942          add     [bx+si], bl
seg_stack:0944          add     [bp], ah
seg_stack:0947          inc     si
seg_stack:0948          cmp     ax, [bx+si]
seg_stack:094A          push    cs
seg_stack:094B          jo      short loc_1094D
seg_stack:094D
seg_stack:094D loc_1094D:                              ; CODE XREF: sub_10814+137↑j
seg_stack:094D          add     [bx+si], bl            ; CODE XREF: sub_10814+137↑j
seg_stack:094F          add     [bx+si], bl
seg_stack:0951          add     byte ptr start+10h[si], bh
seg_stack:0954          jl      short loc_109D2
seg_stack:0956          or      [si+7Ch], bh
seg_stack:0959          adc     byte ptr start+4h[si], bh
seg_stack:095C          sbb     [bx+si], bl
seg_stack:095E          push    cs
seg_stack:095F          add     byte ptr start+18h[bx+si], dh
seg_stack:0962          out     0FCh, ax
seg_stack:0965          cmp     al, 0FCh
seg_stack:0967          db 0FEh
seg_stack:0968          db 0F0h
seg_stack:0969          jl      short loc_10952
seg_stack:096B          jle     short loc_109E5
seg_stack:096D          idiv    si
seg_stack:096F          db 0C6h
seg_stack:0970          out     3Ch, ax
seg_stack:0972          db 0F0h
seg_stack:0973          idiv    word ptr ss:start+3Ch[si]
seg_stack:0977          cmp     al, 18h
seg_stack:0979          mov     bl, 18h
seg_stack:097C          db 0FEh
seg_stack:097D          push    ds
seg_stack:097E          push    es
seg_stack:097F          js      short loc_10981
seg_stack:0981
seg_stack:0981 loc_10981:                              ; CODE XREF: sub_10814+16B↑j
seg_stack:0981          add     [si], bh               ; CODE XREF: sub_10814+16B↑j
seg_stack:0983          aas
seg_stack:0984          cld
seg_stack:0985          cmp     al, 76h
seg_stack:0987          xor     ds:byte_1FFF7[bx+si], ah
seg_stack:098B          cmp     al, 66h
seg_stack:098D          idiv    byte ptr [si]
seg_stack:098F          db 0C6h
seg_stack:0990          idiv    word ptr [si]
seg_stack:0992          pushaw
seg_stack:0993
seg_stack:0993 loc_10993:                              ; CODE XREF: sub_10814+1F5↓j
seg_stack:0993          or      al, 0F0h               ; CODE XREF: sub_10814+1F5↓j
seg_stack:0995
seg_stack:0995 loc_10995:                              ; CODE XREF: sub_10814+1FF↓j
seg_stack:0995          jl      short loc_109A5        ; CODE XREF: sub_10814+1FF↓j
seg_stack:0997          cmp     bx, [bx+si]
seg_stack:0999          insb
seg_stack:099A          push    es
seg_stack:099C          jle     short loc_109DA
seg_stack:099E          sbb     [bx+si], al
seg_stack:09A0          or      [bx+si], al
seg_stack:09A2          add     al, ah
seg_stack:09A4          add     [bx+si], al
seg_stack:09A6          add     [bx+si], al
seg_stack:09A8          add     [bx+si], al
seg_stack:09AA          add     [bx+si], al
seg_stack:09AC          add     [bx+si], al
seg_stack:09AE          add     [bx+si], al
seg_stack:09B0          add     [bx+si], al
seg_stack:09B2          add     [bx+si], al
seg_stack:09B4          add     [bx+si], al
seg_stack:09B6          add     [bx+si], al
seg_stack:09B8          add     [bx+si], al
seg_stack:09BA          add     [bx+si], al
seg_stack:09BC          add     [bx+si], al
seg_stack:09BE          add     [bx+si], al
seg_stack:09C0          add     [bx+si], al
seg_stack:09C2          add     byte_14800[bx+si], al
seg_stack:09C6          and     byte ptr start+3Ah[si], al
seg_stack:09CA          inc     ax
seg_stack:09CB          add     byte ptr [bx+si], 0
seg_stack:09CE          inc     ax
seg_stack:09CF          add     byte_13880[bx+si], al
seg_stack:09D3          inc     ax
seg_stack:09D4          clc
seg_stack:09D5          jo      short loc_109DF
seg_stack:09D7          jo      short loc_10A49
seg_stack:09D9          xor     byte ptr [bx+si+60h], 0
seg_stack:09DD          adc     byte ptr [bx+si], 0
seg_stack:09E0          and     byte ptr [bx+si], 38h
seg_stack:09E3          xor     al, 38h
seg_stack:09E6          clc
seg_stack:09E7          clc
seg_stack:09E8          cmp     byte ptr [bx+si], 82h
seg_stack:09EB          xor     byte ptr byte_1FF88[bx+si], 0F8h
seg_stack:09EF          add     byte ptr [bp-7FC8h+si], 3Ah
seg_stack:09F4          mov     byte ptr start+20h[bx+si], dh
seg_stack:09F7          jo      short loc_10A19
seg_stack:09F9          sub     [bp-1F0h+si], al
seg_stack:09FD          loopne  loc_10A01
seg_stack:09FF          loopne  loc_10A21
seg_stack:0A01
seg_stack:0A01 loc_10A01:                              ; CODE XREF: sub_10814+1E9↑j
seg_stack:0A01          add     [bx+si], al            ; CODE XREF: sub_10814+1E9↑j
seg_stack:0A03          js      short loc_109F5
seg_stack:0A05          jo      short loc_10A7F
seg_stack:0A07          jo      short loc_10A49
seg_stack:0A09          js      short loc_10993
seg_stack:0A0B          add     byte ptr byte_1FF88[bx+si], 80h
seg_stack:0A0F          xchg    dx, ax
seg_stack:0A10          mov     byte ptr word_1FFF0[bx+si], dh
seg_stack:0A13          js      short loc_10995
seg_stack:0A15          db 0F0h
seg_stack:0A16          inc     ax
seg_stack:0A17          js      short loc_10A39
seg_stack:0A19
seg_stack:0A19 loc_10A19:                              ; CODE XREF: sub_10814+1E3↑j
seg_stack:0A19          sub     byte_1F878[bx+si], cl  ; CODE XREF: sub_10814+1E3↑j
seg_stack:0A1D          and     [bx+si+80h], al
seg_stack:0A21
seg_stack:0A21 loc_10A21:                              ; CODE XREF: sub_10814+1EB↑j
seg_stack:0A21          push    bp                     ; CODE XREF: sub_10814+1EB↑j
seg_stack:0A22          add     [bx+si], al
seg_stack:0A24          add     [bx+si], al
seg_stack:0A26          db 0FFh
seg_stack:0A27          inc     word ptr [bp+di]
seg_stack:0A29          add     [bx+si], al
seg_stack:0A2B          lock add [bx+si], al
seg_stack:0A2E          add     [bp+di], al
seg_stack:0A30          add     [bx+si], al
seg_stack:0A32          add     byte ptr [bx+di], 0
seg_stack:0A35          inc     word ptr [bx+si]
seg_stack:0A37          loopne  loc_10A40
seg_stack:0A39
seg_stack:0A39 loc_10A39:                              ; CODE XREF: sub_10814+203↑j
seg_stack:0A39          add     [bx+si], al            ; CODE XREF: sub_10814+203↑j
seg_stack:0A3B          inc     word ptr [bx+si]
seg_stack:0A3D          lock add [bx+si], al
seg_stack:0A40
seg_stack:0A40 loc_10A40:                              ; CODE XREF: sub_10814+223↑j
seg_stack:0A40          add     [bx+si], al            ; CODE XREF: sub_10814+223↑j
seg_stack:0A42          add     [bx+si], al
seg_stack:0A44          add     [bx+si], al
seg_stack:0A46          add     [bx+si], al
seg_stack:0A48          add     [bx+si], al
seg_stack:0A4A          add     [bx+si], al
seg_stack:0A4C          add     [bx+si], al
seg_stack:0A4E          xor     [bx+si], al
seg_stack:0A50          add     [bx+si], al
seg_stack:0A52          add     [bx+si], al
seg_stack:0A54          add     [bx+si], al
seg_stack:0A56          add     [bx+si], al
seg_stack:0A58          add     [bx+si], al
seg_stack:0A5A          add     [bx+si], al
seg_stack:0A5C          add     [bx+si], dh
seg_stack:0A5E          add     [bx+si], al
seg_stack:0A60          add     [bx+si], al
seg_stack:0A62          add     [bx+si], al
seg_stack:0A64          add     [bx+si], al
seg_stack:0A66          add     [bx+si], al
seg_stack:0A68          add     [bx+si], al
seg_stack:0A6A          add     [bx+si], al
seg_stack:0A6C          add     [bx+si], al
seg_stack:0A6E          add     [bx+si], al
seg_stack:0A70          add     [bx+si], al
seg_stack:0A72          add     [bx+di], al
seg_stack:0A74          add     [bx+si], al
seg_stack:0A76          add     [bx+si], al
seg_stack:0A78          add     [bx+si], al
seg_stack:0A7A          add     [bx+si], al
seg_stack:0A7C          add     [bx+si], al
seg_stack:0A7E          add     [bx+si], al
seg_stack:0A80          add     [bx+si], al
seg_stack:0A82          add     [bx+si], al
seg_stack:0A84          add     [bx+si], al
seg_stack:0A86          add     [bx+si], al
seg_stack:0A88          add     [bp], bh
seg_stack:0A8B          add     [si], bh
seg_stack:0A8D          add     [bx+si], al
seg_stack:0A8F          add     [bx+si], al
seg_stack:0A91          add     al, dh
seg_stack:0A93          push    cs
seg_stack:0A94          add     [bx+si], al
seg_stack:0A96          add     [bx+si], al
seg_stack:0A98          add     [bx+si], al
seg_stack:0A9A          add     [si], bh
seg_stack:0A9D          add     [bx+si], bl
seg_stack:0A9F          add     [bx+si], al
seg_stack:0AA1          add     [bx+si], al
seg_stack:0AA3          add     [bx+si], al
seg_stack:0AA5          add     [bx+si], al
seg_stack:0AA7          add     [bx+si], al
seg_stack:0AA9          add     [bx+si], al
seg_stack:0AAB          add     [bx+si], al
seg_stack:0AAD          add     [bx+si], al
seg_stack:0AAF          add     [bx+si], al
seg_stack:0AB1          add     [bx+si], al
seg_stack:0AB3          add     [bx+si], al
seg_stack:0AB5          add     [bx+si], al
seg_stack:0AB7          add     [bx+si], al
seg_stack:0AB9          add     [bx+si], al
seg_stack:0ABB          add     [bx+si], al
seg_stack:0ABD          add     [bx+si], al
seg_stack:0ABF          add     [bx+si], al
seg_stack:0AC1          add     [bx+si], al
seg_stack:0AC3          add     [bx+si], al
seg_stack:0AC5          add     [bx+si], al
seg_stack:0AC7          add     [bx+si], al
seg_stack:0AC9          add     [bx+si], al
seg_stack:0ACB          add     [bx+si], al
seg_stack:0ACD          add     byte ptr start[bx+si], al
seg_stack:0AD1          add     [bx+si], al
seg_stack:0AD3          add     [bx+si], al
seg_stack:0AD5          add     [bx+si], al
seg_stack:0AD7          add     [bx+si], al
seg_stack:0AD9          add     [bx+si], al
seg_stack:0ADB          add     [bx+si], al
seg_stack:0ADD          add     [bx+si], al
seg_stack:0ADF          add     [bx+si], al
seg_stack:0AE1          add     [bx+si], al
seg_stack:0AE3          add     [bx+si], al
seg_stack:0AE5          add     [bx+si], al
seg_stack:0AE7          add     [bx+si], al
seg_stack:0AE9          add     [bx+si], al
seg_stack:0AEB          add     [bx+si], al
seg_stack:0AED          add     [bx+si], al
seg_stack:0AEF          add     [bx+si], al
seg_stack:0AF1          add     [bx+si], al
seg_stack:0AF3          add     [bx+si], al
seg_stack:0AF5          add     [bx+si], al
seg_stack:0AF7          add     [bx+si], al
seg_stack:0AF9          add     [bx+si], al
seg_stack:0AFB          add     [bx+si], al
seg_stack:0AFD          add     [bx+si], al
seg_stack:0AFF          add     [bx+si], al
seg_stack:0B01          inc     word ptr [bx+si]
seg_stack:0B03          add     [bx+si], al
seg_stack:0B05          add     [bx+si], al
seg_stack:0B07          add     [bx+si], al
seg_stack:0B09          or      [bx+si], al
seg_stack:0B0B
seg_stack:0B0B loc_10B0B:                              ; CODE XREF: sub_10814+355↓j
seg_stack:0B0B          add     byte ptr start[bx+si], al; CODE XREF: sub_10814+355↓j
seg_stack:0B0F          add     [bx+si], al
seg_stack:0B11          add     byte ptr start+8h[bx+si], al
seg_stack:0B15          add     [bx+si], al
seg_stack:0B17          add     [bx+si], al
seg_stack:0B19          add     [bx+si], al
seg_stack:0B1B          or      [bx+si], al
seg_stack:0B1D          add     [bx+si], al
seg_stack:0B1F          add     [bx+si], al
seg_stack:0B21          stosb
seg_stack:0B22          add     byte_1A820[bx+si], ah
seg_stack:0B26          pop     ds
seg_stack:0B27
seg_stack:0B27 loc_10B27:                              ; CODE XREF: sub_10814+351↓j
seg_stack:0B27          loopne  loc_10B29              ; CODE XREF: sub_10814+351↓j
seg_stack:0B29 loc_10B29       db 0FFh                 ; CODE XREF: sub_10814:loc_10B27↑j
seg_stack:0B2A          push    ax
seg_stack:0B2C          cld
seg_stack:0B2D          lock inc word ptr [bp+di]
seg_stack:0B30          add     [bx+si], al
seg_stack:0B32          add     byte ptr [bx+di], 0
seg_stack:0B35          db 0FFh
seg_stack:0B36
seg_stack:0B36 loc_10B36:                              ; CODE XREF: sub_10814+340↓j
seg_stack:0B36          cmp     al, ah                 ; CODE XREF: sub_10814+340↓j
seg_stack:0B38          pop     es
seg_stack:0B39          db 0FFh
seg_stack:0B3A          inc     word ptr [bx+si]
seg_stack:0B3C          add     [bx+si], ax
seg_stack:0B3E          nop     ax
seg_stack:0B41          lock add [bx+si], al
seg_stack:0B44          add     [bx+si], bh
seg_stack:0B47          add     [si], bl
seg_stack:0B49
seg_stack:0B49 loc_10B49:                              ; CODE XREF: sub_10814+353↓j
seg_stack:0B49          cmp     [bx+si], al            ; CODE XREF: sub_10814+353↓j
seg_stack:0B4B          add     [bx+si], al
seg_stack:0B4D          add     [bx+si], al
seg_stack:0B4F          add     [bx+si], al
seg_stack:0B51          out     dx, al
seg_stack:0B52          loopne  loc_10B94
seg_stack:0B54          loopne  loc_10B36
seg_stack:0B56          mov     al, byte_180E0
seg_stack:0B59          loopne  loc_10B3B
seg_stack:0B5B          loopne  loc_10B5D
seg_stack:0B5D
seg_stack:0B5D loc_10B5D:                              ; CODE XREF: sub_10814+347↑j
seg_stack:0B5D          add     byte_17000, cl         ; CODE XREF: sub_10814+347↑j
seg_stack:0B61          add     [bx+si], al
seg_stack:0B63          loopne  loc_10B45
seg_stack:0B65          loopne  loc_10B27
seg_stack:0B67          loopne  loc_10B49
seg_stack:0B69          loopne  loc_10B0B
seg_stack:0B6B          loopne  loc_10BCD
seg_stack:0B6D          mov     al, byte_1A080
seg_stack:0B70          shl     al, 0E0h
seg_stack:0B73          loopne  loc_10B55
seg_stack:0B75          loopne  loc_10B57
seg_stack:0B77          mov     al, byte_1A0A0
seg_stack:0B7A          mov     al, byte_1E0A0
seg_stack:0B7D          add     [bx+si], al
seg_stack:0B7F          add     [bx+si], al
seg_stack:0B81          add     [si], bh
seg_stack:0B83          add     al, ah
seg_stack:0B85          add     byte ptr ds:1C00h, cl
seg_stack:0B89          add     al, ah
seg_stack:0B8B          sbb     byte_138E0, al
seg_stack:0B8F          add     [bx+si], al
seg_stack:0B91          add     [bx+si], al
seg_stack:0B93          add     [bx+si], al
seg_stack:0B95          add     [bx+si], bl
seg_stack:0B97          add     [bx+si], al
seg_stack:0B99          add     [bx+si], al
seg_stack:0B9B          add     [bx+si], al
seg_stack:0B9D          add     [bx+si], bl
seg_stack:0B9F          add     [bx+si], cl
seg_stack:0BA1          adc     [bx+si], al
seg_stack:0BA3          add     [bx+si], ah
seg_stack:0BA5          inc     ax
seg_stack:0BA6          add     [bx+si], al
seg_stack:0BA8          add     [bx+si], al
seg_stack:0BAA          add     [bx+si], al
seg_stack:0BAC          add     [bx+si], al
seg_stack:0BAE          add     [bx+si], al
seg_stack:0BB0          add     [bx+si], al
seg_stack:0BB2          add     [bx+si], al
seg_stack:0BB4          add     [bx+si], al
seg_stack:0BB6          add     [bx+si], al
seg_stack:0BB8          add     [bx+si], al
seg_stack:0BBA          add     [bx+si], al
seg_stack:0BBC          add     [bx+si], al
seg_stack:0BBE          add     [bx+si], al
seg_stack:0BC0          add     [bx+si], al
seg_stack:0BC2          add     byte_150A0[bx+si], al
seg_stack:0BC6          inc     ax
seg_stack:0BC7          rol     byte ptr word_1FF80[bx+si], 1
seg_stack:0BCA          inc     ax
seg_stack:0BCB          sub     byte ptr start[bx+si], 0
seg_stack:0BD0          add     [bx+si], ah
seg_stack:0BD2          pushaw
seg_stack:0BD3          shl     al, 0E0h
seg_stack:0BD6          xor     al, dh
seg_stack:0BD8
seg_stack:0BD8 loc_10BD8:                              ; CODE XREF: sub_10814+3D2↓j
seg_stack:0BD8          pushaw                         ; CODE XREF: sub_10814+3D2↓j
seg_stack:0BD9          db 0F0h
seg_stack:0BDA          pushaw
seg_stack:0BDB          pushaw
seg_stack:0BDC          add     [bx+si], al
seg_stack:0BDE          and     [bx+si], al
seg_stack:0BE0          and     al, 60h
seg_stack:0BE3          pushaw
seg_stack:0BE4          loopne  loc_10C46
seg_stack:0BE6          loopne  loc_10BD8
seg_stack:0BE8          db 0F0h
seg_stack:0BE9          pushaw
seg_stack:0BEA          nop
seg_stack:0BEB          adc     byte ptr [bx+si], 90h
seg_stack:0BEE          or      byte ptr byte_16090[bx+si], 0E0h
seg_stack:0BF3          pushaw
seg_stack:0BF4          loopne  loc_10C66
seg_stack:0BF6          loopne  loc_10B88
seg_stack:0BF8          mov     byte_18888[bx+si], cl
seg_stack:0BFC          clc
seg_stack:0BFD          rol     byte ptr byte_140C0[bx+si], 0
seg_stack:0C02          add     byte ptr [bx+si], 80h
seg_stack:0C05          add     [bx+si], ah
seg_stack:0C07          add     [bx+si], al
seg_stack:0C0A          add     byte ptr [bx+si], 0
seg_stack:0C0D          add     byte ptr start[bx+si], 0
seg_stack:0C12          add     [bx+si], al
seg_stack:0C14          add     [bx+si], al
seg_stack:0C16          inc     ax
seg_stack:0C17          add     [bx+si], al
seg_stack:0C19          add     [bx+si], al
seg_stack:0C1B          add     [bx+si], al
seg_stack:0C1D          and     [bx+si+80h], al
seg_stack:0C21          mov     al, byte_1A000
seg_stack:0C24          and     [bp-781h+di], ch
seg_stack:0C28          add     bh, bh
seg_stack:0C2A          push    ax
seg_stack:0C2C          cld
seg_stack:0C2D          lock inc word ptr [bp+di]
seg_stack:0C30          add     [bx+si], al
seg_stack:0C32          rol     byte ptr [bp+di], 0
seg_stack:0C35          call    dword ptr dword_1FFE0[si]
seg_stack:0C38          pop     es
seg_stack:0C39          db 0FFh
seg_stack:0C3A          inc     word ptr [bx+si]
seg_stack:0C3C          add     ax, [bx+si]
seg_stack:0C3E          nop     ax
seg_stack:0C41          add     [bx+si], al
seg_stack:0C43          sbb     ah, cl
seg_stack:0C45          insb
seg_stack:0C47          cmp     ss:byte_16670, cl
seg_stack:0C4D          sbb     [bx+si], al
seg_stack:0C4F          rol     byte ptr [bx+si], 0EEh
seg_stack:0C52          mov     al, byte ptr ds:2040h
seg_stack:0C55          pushaw
seg_stack:0C56          mov     al, byte_18080
seg_stack:0C59          and     al, ah
seg_stack:0C5B          loopne  loc_10C5D
seg_stack:0C5D
seg_stack:0C5D loc_10C5D:                              ; CODE XREF: sub_10814+447↑j
seg_stack:0C5D          inc     ax                     ; CODE XREF: sub_10814+447↑j
seg_stack:0C5E          sbb     [bx+si], al
seg_stack:0C60          sbb     [si], bh
seg_stack:0C62          cmp     al, 0A0h
seg_stack:0C64          mov     al, byte_1A080
seg_stack:0C67          add     byte ptr byte_1A080[bx+si], 40h
seg_stack:0C6C          and     al, al
seg_stack:0C6E          and     al, 0A0h
seg_stack:0C71          mov     al, byte_1A0A0
seg_stack:0C74          mov     al, byte_14080
seg_stack:0C77          mov     al, byte_1A0A0
seg_stack:0C7A          mov     al, byte ptr ds:20A0h
seg_stack:0C7D          push    ds
seg_stack:0C7E          inc     ax
seg_stack:0C7F          js      short loc_10C89
seg_stack:0C81          add     [bp], ah
seg_stack:0C84          pushaw
seg_stack:0C85          add     [si], cl
seg_stack:0C87          add     [bx+si], dh
seg_stack:0C89
seg_stack:0C89 loc_10C89:                              ; CODE XREF: sub_10814+46B↑j
seg_stack:0C89          push    es                     ; CODE XREF: sub_10814+46B↑j
seg_stack:0C8A          pushaw
seg_stack:0C8B          add     [bx+si], al
seg_stack:0C8D          pushaw
seg_stack:0C8E          sbb     [bx+si], al
seg_stack:0C90          add     [bx+si], al
seg_stack:0C92          add     [bx+si], al
seg_stack:0C94          add     [bx+si], al
seg_stack:0C96          sbb     [bx+si], al
seg_stack:0C98          add     [bx+si], al
seg_stack:0C9A          add     [bx+si], al
seg_stack:0C9C          add     [bx+si], bl
seg_stack:0C9E          sbb     [bx+si], al
seg_stack:0CA0          sbb     [bx+si], al
seg_stack:0CA2          add     [bx+si], al
seg_stack:0CA4          inc     ax
seg_stack:0CA5          and     [bx+si], al
seg_stack:0CA7          add     [bx+si], al
seg_stack:0CA9          add     [bx+si], al
seg_stack:0CAB          add     [bx+si], al
seg_stack:0CAD          add     [bx+si], al
seg_stack:0CAF          add     [bx+si], al
seg_stack:0CB1          add     [bx+si], al
seg_stack:0CB3          add     [bx+si], al
seg_stack:0CB5          add     [bx+si], al
seg_stack:0CB7          add     [bx+si], al
seg_stack:0CB9          add     [bx+si], al
seg_stack:0CBB          add     [bx+si], al
seg_stack:0CBD          add     [bx+si], al
seg_stack:0CBF          add     [bx+si], al
seg_stack:0CC1          add     [bx+si], al
seg_stack:0CC3          and     byte ptr byte_1E0F0[bx+si], 0E0h
seg_stack:0CC8          mov     al, byte_18080
seg_stack:0CCB          inc     ax
seg_stack:0CCC          jo      short loc_10D0E
seg_stack:0CCE          add     [bx+si], al
seg_stack:0CD0          add     [bx+si], ah
seg_stack:0CD2          nop
seg_stack:0CD3          inc     ax
seg_stack:0CD4          adc     [bx+si], dl
seg_stack:0CD6          push    ax
seg_stack:0CD7          add     byte ptr byte_19010[bx+si], 90h
seg_stack:0CDC          add     byte ptr start+40h[bx+si], 0E0h
seg_stack:0CE0          inc     ax
seg_stack:0CE1          adc     al, dh
seg_stack:0CE3          nop
seg_stack:0CE4          nop
seg_stack:0CE5          nop
seg_stack:0CE6          nop
seg_stack:0CE7          add     byte ptr byte_19080[bx+si], 80h
seg_stack:0CEC          adc     byte_1D880[bx+si], ah
seg_stack:0CF0          rcl     byte ptr byte_19090[bx+si], 1
seg_stack:0CF4          nop
seg_stack:0CF5          add     byte ptr byte_1FF90[bx+si], 88h
seg_stack:0CF9          mov     [bx+si+50h], dl
seg_stack:0CFC          adc     byte_14040[bx+si], al
seg_stack:0D00          loopne  loc_10D42
seg_stack:0D02          add     byte_1FFC0[bx+si], ah
seg_stack:0D05          pushaw
seg_stack:0D06          pushaw
seg_stack:0D07          inc     ax
seg_stack:0D08          and     byte ptr byte_1FFC0[bx+si], 80h
seg_stack:0D0C          inc     ax
seg_stack:0D0D          mov     al, byte_1D080
seg_stack:0D10          rol     byte ptr byte_1FFC0[bx+si], 60h
seg_stack:0D14          loopne  loc_10D76
seg_stack:0D16          loopne  loc_10CB8
seg_stack:0D18          mov     al, byte_1A0A8
seg_stack:0D1B          mov     al, byte_140E0
seg_stack:0D1E          add     byte ptr [bx+si], 50h
seg_stack:0D22          add     al, al
seg_stack:0D24          and     [bp-301h+di], ch
seg_stack:0D28          add     bh, bh
seg_stack:0D2A          add     al, dh
seg_stack:0D2C          cld
seg_stack:0D2D          lock inc word ptr [bp+di]
seg_stack:0D30          add     [bx+si], al
seg_stack:0D32          db 0F0h
seg_stack:0D33          db  0Fh
seg_stack:0D34          add     bh, bh
seg_stack:0D36          mov     si, 7E0h
seg_stack:0D39          add     bh, bh
seg_stack:0D3B          add     byte ptr ds:0F00h, al
seg_stack:0D3F          sbb     al, dh
seg_stack:0D41          add     [bx+si], al
seg_stack:0D43          sbb     dh, ch
seg_stack:0D45          jmp     dword ptr [si+6Ch]
seg_stack:0D48          sbb     al, 18h
seg_stack:0D4A          sbb     al, 38h
seg_stack:0D4C          cmp     al, 18h
seg_stack:0D4E          add     [bx+si], al
seg_stack:0D50          add     [bp-60h], ah
seg_stack:0D53          inc     ax
seg_stack:0D54          shl     byte ptr [bx+si], 0E0h
seg_stack:0D57          pushaw
seg_stack:0D58          loopne  loc_10D9A
seg_stack:0D5A          mov     al, byte ptr ds:1820h
seg_stack:0D5D          add     [bx+si], dh
seg_stack:0D5F          jle     short loc_10D6D
seg_stack:0D61          loopne  loc_10D25
seg_stack:0D65          and     byte ptr byte_1C0E0[bx+si], 0A0h
seg_stack:0D6A          loopne  loc_10DAC
seg_stack:0D6C          and     al, al
seg_stack:0D6E          and     byte ptr byte_1A0A0[bx+si], 0E0h
seg_stack:0D73          mov     al, byte_1E0C0
seg_stack:0D76
seg_stack:0D76 loc_10D76:                              ; CODE XREF: sub_10814+500↑j
seg_stack:0D76          inc     ax                     ; CODE XREF: sub_10814+500↑j
seg_stack:0D77          mov     al, byte_1E0A0
seg_stack:0D7A          mov     al, byte_140E0
seg_stack:0D7D          sbb     byte ptr start+18h[bx+si], ah
seg_stack:0D80          sbb     al, 0
seg_stack:0D82          outsb
seg_stack:0D83          cmp     al, 7Ch
seg_stack:0D85          jl      loc_10DC4
seg_stack:0D88          xor     [si], bh
seg_stack:0D8A          jl      short loc_10DC4
seg_stack:0D8C          push    cs
seg_stack:0D8D          insb
seg_stack:0D8E          sbb     ah, cl
seg_stack:0D90          cld
seg_stack:0D91          cmp     al, 0FCh
seg_stack:0D93          jle     short loc_10D71
seg_stack:0D95          jle     loc_10D86
seg_stack:0D98          db  66h ; f
seg_stack:0D99          db 0C6h
seg_stack:0D9A
seg_stack:0D9A loc_10D9A:                              ; CODE XREF: sub_10814+544↑j
seg_stack:0D9A          jle     loc_10DDA              ; CODE XREF: sub_10814+544↑j
seg_stack:0D9E          sbb     [bx+si], al
seg_stack:0DA0          cmp     [bx+si], al
seg_stack:0DA2          add     [bx+si], al
seg_stack:0DA4          lock add [bx+si], al
seg_stack:0DA8          add     [bx+si], al
seg_stack:0DAA          add     [bx+si], al
seg_stack:0DAC
seg_stack:0DAC loc_10DAC:                              ; CODE XREF: sub_10814+556↑j
seg_stack:0DAC          add     [bx+si], al            ; CODE XREF: sub_10814+556↑j
seg_stack:0DAE          add     [bx+si], al
seg_stack:0DB0          add     [bx+si], al
seg_stack:0DB2          add     [bx+si], al
seg_stack:0DB4          add     [bx+si], al
seg_stack:0DB6          add     [bx+si], al
seg_stack:0DB8          add     [bx+si], al
seg_stack:0DBA          add     [bx+si], al
seg_stack:0DBC          add     [bx+si], al
seg_stack:0DBE          add     [bx+si], al
seg_stack:0DC0          add     [bx+si], al
seg_stack:0DC2          add     byte_15000[bx+si], al
seg_stack:0DC6          loopne  loc_10DE8
seg_stack:0DC8          jo      short loc_10DCA
seg_stack:0DCA
seg_stack:0DCA loc_10DCA:                              ; CODE XREF: sub_10814+5B4↑j
seg_stack:0DCA          add     byte ptr byte_1FFF8[bx+si], 0E0h; CODE XREF: sub_10814+5B4↑j
seg_stack:0DCE          add     al, ah
seg_stack:0DD0          add     byte_1FF90[bx+si], al
seg_stack:0DD3          inc     ax
seg_stack:0DD4          pushaw
seg_stack:0DD5          pushaw
seg_stack:0DD6          db 0F0h
seg_stack:0DD7          loopne  loc_10DB9
seg_stack:0DD9          and     [bx+si+70h], ah
seg_stack:0DDC          add     [bx+si], al
seg_stack:0DDE          add     byte ptr [bx+si], 20h
seg_stack:0DE1          and     byte_1E0F0[bx+si], dl
seg_stack:0DE5          adc     byte ptr byte_1F0F0[bx+si], 0B0h
seg_stack:0DEA          lock adc byte ptr [bx+si], 0C0h
seg_stack:0DEE          sub     byte ptr byte_190B0[bx+si], 0E0h
seg_stack:0DF3          nop
seg_stack:0DF4          loopne  loc_10E56
seg_stack:0DF6          inc     ax
seg_stack:0DF7          nop
seg_stack:0DF8          push    ax
seg_stack:0DF9          test    al, 20h
seg_stack:0DFB          and     [bx+si], ah
seg_stack:0DFD          and     byte ptr [bx+si], 40h
seg_stack:0E00          inc     ax
seg_stack:0E01          lock add byte_180A0[bx+si], ah
seg_stack:0E06          mov     al, byte_1C0E0
seg_stack:0E09          mov     al, byte_180A0
seg_stack:0E0C          inc     ax
seg_stack:0E0D          rol     byte ptr byte_1A0A8[bx+si], 0A0h
seg_stack:0E12          mov     al, byte_180A0
seg_stack:0E15          rol     byte ptr byte_1FFA0[bx+si], 0A0h
seg_stack:0E19          test    al, 40h
seg_stack:0E1B          mov     al, byte_1C020
seg_stack:0E1E          and     byte ptr dword_1FFE0[bx+si], 0A0h
seg_stack:0E22          add     byte_1AB00[bx+si], ah
seg_stack:0E26          db 0FFh
seg_stack:0E27          inc     byte ptr [bx+di]
seg_stack:0E29          inc     word ptr [bx+si]
seg_stack:0E2B          db 0F0h
seg_stack:0E2C          cld
seg_stack:0E2D          lock inc word ptr [bp+di]
seg_stack:0E30          inc     word ptr [bx+si]
seg_stack:0E32          db 0FFh
seg_stack:0E33          db 0FFh
seg_stack:0E34          db 0FFh
seg_stack:0E35          db 0FFh
seg_stack:0E36 loc_10E36       db 0FEh                 ; CODE XREF: sub_10814+640↓j
seg_stack:0E37          loopne  loc_10E40
seg_stack:0E39          add     [bx+si], al
seg_stack:0E3B          add     [si], ch
seg_stack:0E3E          psubb   mm6, mm0
seg_stack:0E41          add     [bx+si], al
seg_stack:0E43          sbb     dh, ch
seg_stack:0E45          cmp     [bx+si], bl
seg_stack:0E48          cmp     [bx+si], dh
seg_stack:0E4A          sbb     [bx+si], bl
seg_stack:0E4C          db 0FFh
seg_stack:0E4D          jle     short loc_10E4F
seg_stack:0E4F
seg_stack:0E4F loc_10E4F:                              ; CODE XREF: sub_10814+639↑j
seg_stack:0E4F          add     byte_1FFCC[bx+si], al  ; CODE XREF: sub_10814+639↑j
seg_stack:0E52          loopne  loc_10E94
seg_stack:0E54          loopne  loc_10E36
seg_stack:0E56
seg_stack:0E56 loc_10E56:                              ; CODE XREF: sub_10814+5E0↑j
seg_stack:0E56          and     al, ah                 ; CODE XREF: sub_10814+5E0↑j
seg_stack:0E58          loopne  loc_10E9A
seg_stack:0E5A          loopne  loc_10E7C
seg_stack:0E5C          sbb     [bx+si+60h], al
seg_stack:0E5F          add     byte_16E0C, al
seg_stack:0E63          mov     al, byte_180A0
seg_stack:0E66          mov     al, byte_18080
seg_stack:0E69          loopne  loc_10E0B
seg_stack:0E6B          inc     ax
seg_stack:0E6C          mov     al, byte_180A0
seg_stack:0E6F          mov     al, byte_1A0A0
seg_stack:0E72          and     byte ptr [bx+si+20A0h], 40h
seg_stack:0E77          mov     al, byte_1E0A0
seg_stack:0E7A          mov     al, byte_18040
seg_stack:0E7D          sbb     [bx+si], dh
seg_stack:0E7F          sbb     byte_16E00, dh
seg_stack:0E83          push    es
seg_stack:0E84          int3
seg_stack:0E87          jl      loc_10EF0
seg_stack:0E8A          sbb     byte ptr ds:1878h, al
seg_stack:0E8F          db 0FEh
seg_stack:0E90          int3
seg_stack:0E94 ; ---------------------------------------------------------------------------
seg_stack:0E94
seg_stack:0E94 loc_10E94:                              ; CODE XREF: sub_10814+63E↑j
seg_stack:0E94          pushal                         ; CODE XREF: sub_10814+63E↑j
seg_stack:0E96          sbb     [bp+66h], ah
seg_stack:0E99          salc
seg_stack:0E9A
seg_stack:0E9A loc_10E9A:                              ; CODE XREF: sub_10814+644↑j
seg_stack:0E9A          cmp     al, 66h                ; CODE XREF: sub_10814+644↑j
seg_stack:0E9C          dec     sp
seg_stack:0E9D          jle     short loc_10EB7
seg_stack:0E9F          sbb     [bx+si], bh
seg_stack:0EA2          add     [bx+si], al
seg_stack:0EA4          inc     ax
seg_stack:0EA5          and     [bx+si], al
seg_stack:0EA7          add     [bx+si], al
seg_stack:0EA9          add     [bx+si], al
seg_stack:0EAB          add     [bx+si], al
seg_stack:0EAD          add     [bx+si], al
seg_stack:0EAF          add     [bx+si], al
seg_stack:0EB1          add     [bx+si], al
seg_stack:0EB3          add     [bx+si], al
seg_stack:0EB5          add     [bx+si], al
seg_stack:0EB7
seg_stack:0EB7 loc_10EB7:                              ; CODE XREF: sub_10814+689↑j
seg_stack:0EB7          add     [bx+si], al            ; CODE XREF: sub_10814+689↑j
seg_stack:0EB9          add     [bx+si], al
seg_stack:0EBB          add     [bx+si], al
seg_stack:0EBD          add     [bx+si], al
seg_stack:0EBF          add     [bx+si], al
seg_stack:0EC1          add     [bx+si], al
seg_stack:0EC3          add     [bx+si], al
seg_stack:0EC5          lock and byte_1FFA0[bx+si], dh
seg_stack:0EC9          add     byte_17040[bx+si], al
seg_stack:0ECD          inc     ax
seg_stack:0ECE          add     [bx+si], al
seg_stack:0ED0          add     byte_14090[bx+si], al
seg_stack:0ED4          adc     byte ptr [bx+si], 10h
seg_stack:0ED7          adc     byte_19040[bx+si], dl
seg_stack:0EDB          adc     byte_14040[bx+si], al
seg_stack:0EDF          loopne  loc_10F21
seg_stack:0EE1          inc     ax
seg_stack:0EE2          nop
seg_stack:0EE3          nop
seg_stack:0EE4          nop
seg_stack:0EE5          nop
seg_stack:0EE6          nop
seg_stack:0EE7          add     byte ptr byte_19090[bx+si], 80h
seg_stack:0EEC          nop
seg_stack:0EED          mov     al, byte_18880
seg_stack:0EF0
seg_stack:0EF0 loc_10EF0:                              ; CODE XREF: sub_10814+673↑j
seg_stack:0EF0          nop                            ; CODE XREF: sub_10814+673↑j
seg_stack:0EF1          nop
seg_stack:0EF2          xor     byte ptr [bx+si+1090h], 40h
seg_stack:0EF7          nop
seg_stack:0EF8          push    ax
seg_stack:0EF9          test    al, 50h
seg_stack:0EFB          and     byte ptr word_1FF80[bx+si], al
seg_stack:0EFE          adc     byte ptr start+40h[bx+si], al
seg_stack:0F01          inc     ax
seg_stack:0F02          add     byte_180A0[bx+si], ah
seg_stack:0F06          mov     al, byte_18080
seg_stack:0F09          mov     al, byte_180A0
seg_stack:0F0C          inc     ax
seg_stack:0F0D          rol     byte ptr byte_1A0A8[bx+si], 0A0h
seg_stack:0F12          mov     al, byte_180A0
seg_stack:0F15          and     byte_1FFA0[bx+si], al
seg_stack:0F18          inc     ax
seg_stack:0F19          test    al, 40h
seg_stack:0F1B          mov     al, byte_140C0
seg_stack:0F1E          add     byte ptr [bx+si], 50h
seg_stack:0F22          add     byte_1AB00[bx+si], ah
seg_stack:0F26          db 0FFh
seg_stack:0F27          inc     byte ptr [bx+di]
seg_stack:0F29          inc     word ptr [bx+si]
seg_stack:0F2B          db 0F0h
seg_stack:0F2C          cld
seg_stack:0F2D          lock inc word ptr [bp+di]
seg_stack:0F30          add     bh, bh
seg_stack:0F32          db 0FFh
seg_stack:0F33          db 0FFh
seg_stack:0F34          db 0FFh
seg_stack:0F35          db 0FFh
seg_stack:0F36          db 0FEh
seg_stack:0F37          loopne  loc_10F40
seg_stack:0F39          add     [bx+si], al
seg_stack:0F3B          add     byte ptr word_1FFF0[bx+si], bh
seg_stack:0F3E          add     al, bh
seg_stack:0F40
seg_stack:0F40 loc_10F40:                              ; CODE XREF: sub_10814+723↑j
seg_stack:0F40          add     [bx+si], al            ; CODE XREF: sub_10814+723↑j
seg_stack:0F42          add     [bx+si], bl
seg_stack:0F44          add     [bp], ah
seg_stack:0F47          xor     [bx], ch
seg_stack:0F4A          sbb     [bx+si], bl
seg_stack:0F4C          cmp     al, 18h
seg_stack:0F4E          add     [bx+si], al
seg_stack:0F50          add     [bx+si], al
seg_stack:0F52          add     [bx+si], al
seg_stack:0F54          add     [bx+si], al
seg_stack:0F56          add     [bx+si], al
seg_stack:0F58          add     [bx+si], al
seg_stack:0F5A          add     [bx+si], al
seg_stack:0F5C          add     [bx+si], al
seg_stack:0F5E          xor     [bx+si], al
seg_stack:0F60          or      al, 18h
seg_stack:0F62          outsb
seg_stack:0F63          mov     al, byte_1E0E0
seg_stack:0F66          shl     al, 80h
seg_stack:0F69          add     byte_1E0E0[bx+si], ah
seg_stack:0F6D          add     al, ah
seg_stack:0F6F          mov     al, byte_1E0A0
seg_stack:0F72          add     al, 0A0h
seg_stack:0F75          loopne  loc_10FB7
seg_stack:0F77          loopne  loc_10FB9
seg_stack:0F79          mov     al, byte_140A0
seg_stack:0F7C          loopne  loc_10F96
seg_stack:0F7E          sbb     [bx+si], bl
seg_stack:0F80          arpl    [bx+si], ax
seg_stack:0F82          pushaw
seg_stack:0F83          pushal
seg_stack:0F86          int3
seg_stack:0F87          jle     short loc_10FB9
seg_stack:0F89          sbb     byte ptr ds:1878h, al
seg_stack:0F8F          db 0FEh
seg_stack:0F90          int3
seg_stack:0F94          pushaw
seg_stack:0F95          cmp     al, 18h
seg_stack:0F97          db  66h ; f
seg_stack:0F98          db  66h ; f
seg_stack:0F99          db 0FEh
seg_stack:0F9A          sbb     [bp+18h], ah
seg_stack:0F9D          jle     short loc_10FB7
seg_stack:0F9F          sbb     [bx+si], bh
seg_stack:0FA1          add     [bx+si], al
seg_stack:0FA3          add     [bx+si], ah
seg_stack:0FA5          inc     ax
seg_stack:0FA6          add     [bx+si], al
seg_stack:0FA8          add     [bx+si], al
seg_stack:0FAA          add     [bx+si], al
seg_stack:0FAC          add     [bx+si], al
seg_stack:0FAE          add     [bx+si], al
seg_stack:0FB0          add     [bx+si], al
seg_stack:0FB2          add     [bx+si], al
seg_stack:0FB4          add     [bx+si], al
seg_stack:0FB6          add     [bx+si], al
seg_stack:0FB8          add     [bx+si], al
seg_stack:0FBA          add     [bx+si], al
seg_stack:0FBC          add     [bx+si], al
seg_stack:0FBE          add     [bx+si], al
seg_stack:0FC0          add     [bx+si], al
seg_stack:0FC2          add     byte_15000[bx+si], al
seg_stack:0FC6          loopne  loc_10F78
seg_stack:0FC8          jo      short loc_10FCA
seg_stack:0FCA
seg_stack:0FCA loc_10FCA:                              ; CODE XREF: sub_10814+7B4↑j
seg_stack:0FCA          inc     ax                     ; CODE XREF: sub_10814+7B4↑j
seg_stack:0FCB          sub     byte ptr byte_14000[bx+si], 0
seg_stack:0FD0          add     byte ptr byte_14060[bx+si], 0F0h
seg_stack:0FD5          loopne  loc_10FE7
seg_stack:0FD7          loopne  loc_11039
seg_stack:0FD9          and     byte ptr [bx+si+60h], 0
seg_stack:0FDD          and     byte ptr [bx+si], 0
seg_stack:0FE0          add     byte ptr [bx+si], 60h
seg_stack:0FE3          nop
seg_stack:0FE4          loopne  loc_11046
seg_stack:0FE6          loopne  loc_10FD8
seg_stack:0FE8          and     byte ptr byte_1FF90[bx+si], 80h
seg_stack:0FEC          pushaw
seg_stack:0FED          nop
seg_stack:0FEE          db 0F0h
seg_stack:0FEF          mov     byte_18060[bx+si], dl
seg_stack:0FF3          jo      short loc_10F85
seg_stack:0FF5          loopne  loc_11037
seg_stack:0FF7          pushaw
seg_stack:0FF8          and     byte_1FF88[bx+si], dl
seg_stack:0FFB          and     al, bh
seg_stack:0FFD          ror     byte ptr [bx+si], 0C0h
seg_stack:0FFD sub_10814       endp
seg_stack:0FFD
seg_stack:0FFD seg_stack       ends
seg_stack:0FFD
seg_stack:0000          end start
