seg000:0000 ;
seg000:0000 ; +-------------------------------------------------------------------------+
seg000:0000 ; |      This file was generated by Ada Script (IDA-style)      |
seg000:0000 ; +-------------------------------------------------------------------------+
seg000:0000 ;
seg000:0000 ; Input MD5    : A5A542350EC4902D228E59D29AE0315F
seg000:0000 ; Input CRC32  : 1AF5BE5C
seg000:0000
seg000:0000
seg000:0000                 .686p
seg000:0000                 .mmx
seg000:0000                 .model large
seg000:0000
seg000:0000                 include SU.inc
seg000:0000
seg000:0000 ; ===========================================================================
seg000:0000
seg000:0000 ; Segment type: Pure code
seg000:0000 seg000          segment byte public 'CODE' use16
seg000:0000             align 2
seg000:0010
seg000:0010 ; =============== S U B R O U T I N E =======================================
seg000:0010
seg000:0010
seg000:0010 sub_10010       proc near               ; CODE XREF: sub_118FB+9A↓p
seg000:0010             push    bp                  ; CODE XREF: sub_118FB+9A↓p
seg000:0011             mov     bp, sp
seg000:0013             sub     sp, 72h
seg000:0016             push    di
seg000:0017             push    si
seg000:0018             mov     word ptr [bp-40h], 0
seg000:001D             mov     word ptr [bp-42h], 4F0h
seg000:0022             les     bx, [bp-42h]
seg000:0025             mov     ax, es:[bx]
seg000:0028             mov     seg_145D8, ax
seg000:002B             mov     word ptr word_145D6, 0
seg000:0031             mov     ax, es:[bx]
seg000:0034             mov     word_141D2, ax
seg000:0037             mov     word ptr word_141D0, 120Eh
seg000:003D             mov     ax, 0D4h
seg000:0040             push    ax
seg000:0041             call    sub_10EB1
seg000:0044             add     sp, 2
seg000:0047             mov     word ptr [bp-5Ah], ax
seg000:004A             push    ax
seg000:004B             call    sub_10FB9
seg000:004E             add     sp, 2
seg000:0051             call    sub_1104C
seg000:0054             mov     word ptr word_141B4, 3
seg000:005A             mov     ax, 11F4h
seg000:005D             push    ax
seg000:005E             push    ax
seg000:005F             mov     ax, 10h
seg000:0062             push    ax
seg000:0063             call    sub_11779
seg000:0066             add     sp, 6
seg000:0069             mov     ax, 0DDh
seg000:006C             push    ax
seg000:006D             sub     ax, ax
seg000:006F             push    ax
seg000:0070             push    ax
seg000:0071             call    sub_118B0
seg000:0074             add     sp, 6
seg000:0077             mov     ax, 0E0h
seg000:007A             push    ax
seg000:007B             sub     ax, ax
seg000:007D             push    ax
seg000:007E             mov     ax, 1
seg000:0081             push    ax
seg000:0082             call    sub_118B0
seg000:0085             add     sp, 6
seg000:0088             mov     ax, 131h
seg000:008B             push    ax
seg000:008C             sub     ax, ax
seg000:008E             push    ax
seg000:008F             mov     ax, 2
seg000:0092             push    ax
seg000:0093             call    sub_118B0
seg000:0096             add     sp, 6
seg000:0099             mov     ax, 182h
seg000:009C             push    ax
seg000:009D             sub     ax, ax
seg000:009F             push    ax
seg000:00A0             mov     ax, 3
seg000:00A3             push    ax
seg000:00A4             call    sub_118B0
seg000:00A7             add     sp, 6
seg000:00AA             mov     ax, 1D3h
seg000:00AD             push    ax
seg000:00AE             sub     ax, ax
seg000:00B0             push    ax
seg000:00B1             mov     ax, 4
seg000:00B4             push    ax
seg000:00B5             call    sub_118B0
seg000:00B8             add     sp, 6
seg000:00BB             mov     ax, 224h
seg000:00BE             push    ax
seg000:00BF             sub     ax, ax
seg000:00C1             push    ax
seg000:00C2             mov     ax, 5
seg000:00C5             push    ax
seg000:00C6             call    sub_118B0
seg000:00C9             add     sp, 6
seg000:00CC             mov     ax, 275h
seg000:00CF             push    ax
seg000:00D0             sub     ax, ax
seg000:00D2             push    ax
seg000:00D3             mov     ax, 6
seg000:00D6             push    ax
seg000:00D7             call    sub_118B0
seg000:00DA             add     sp, 6
seg000:00DD             mov     ax, 2C6h
seg000:00E0             push    ax
seg000:00E1             sub     ax, ax
seg000:00E3             push    ax
seg000:00E4             mov     ax, 7
seg000:00E7             push    ax
seg000:00E8             call    sub_118B0
seg000:00EB             add     sp, 6
seg000:00EE             mov     ax, 317h
seg000:00F1             push    ax
seg000:00F2             sub     ax, ax
seg000:00F4             push    ax
seg000:00F5             mov     ax, 8
seg000:00F8             push    ax
seg000:00F9             call    sub_118B0
seg000:00FC             add     sp, 6
seg000:00FF             mov     ax, 368h
seg000:0102             push    ax
seg000:0103             mov     ax, 20h
seg000:0106             push    ax
seg000:0107             mov     ax, 0Ah
seg000:010A             push    ax
seg000:010B             call    sub_118B0
seg000:010E             add     sp, 6
seg000:0111             mov     ax, 377h
seg000:0114             push    ax
seg000:0115             mov     ax, 4
seg000:0118             push    ax
seg000:0119             mov     ax, 0Ch
seg000:011C             push    ax
seg000:011D             call    sub_118B0
seg000:0120             add     sp, 6
seg000:0123             mov     ax, 3BFh
seg000:0126             push    ax
seg000:0127             mov     ax, 6
seg000:012A             push    ax
seg000:012B             mov     ax, 0Eh
seg000:012E             push    ax
seg000:012F             call    sub_118B0
seg000:0132             add     sp, 6
seg000:0135             mov     ax, 3FCh
seg000:0138             push    ax
seg000:0139             mov     ax, 6
seg000:013C             push    ax
seg000:013D             mov     ax, 0Fh
seg000:0140             push    ax
seg000:0141             call    sub_118B0
seg000:0144             add     sp, 6
seg000:0147             mov     ax, 440h
seg000:014A             push    ax
seg000:014B             mov     ax, 6
seg000:014E             push    ax
seg000:014F             mov     ax, 10h
seg000:0152             push    ax
seg000:0153             call    sub_118B0
seg000:0156             add     sp, 6
seg000:0159             mov     ax, 486h
seg000:015C             push    ax
seg000:015D             mov     ax, 4
seg000:0160             push    ax
seg000:0161             mov     ax, 12h
seg000:0164             push    ax
seg000:0165             call    sub_118B0
seg000:0168             add     sp, 6
seg000:016B             mov     ax, 4CDh
seg000:016E             push    ax
seg000:016F             mov     ax, 4
seg000:0172             push    ax
seg000:0173             mov     ax, 13h
seg000:0176             push    ax
seg000:0177             call    sub_118B0
seg000:017A             add     sp, 6
seg000:017D             mov     al, 1
seg000:017F             mov     [bp-56h], al
seg000:0182             mov     [bp-4], al
seg000:0185             mov     [bp-70h], al
seg000:0188             mov     [bp-6Ch], al
seg000:018B             mov     [bp-6], al
seg000:018E             les     bx, word_145D6
seg000:0192             mov     word ptr es:[bx+22h], 0
seg000:0198             les     bx, word_145D6
seg000:019C             sub     al, al
seg000:019E             mov     byte_143D4, al
seg000:01A1             sub     ah, ah
seg000:01A3             mov     es:[bx+24h], ax
seg000:01A7             les     bx, word_145D6
seg000:01AB             mov     word ptr es:[bx+70h], 0
seg000:01B1             les     bx, word_145D6
seg000:01B5             mov     word ptr es:[bx+32h], 2
seg000:01BB             les     bx, word_145D6
seg000:01BF             mov     word ptr es:[bx+2Ah], 0
seg000:01C5             mov     byte ptr [bp-44h], 1
seg000:01C9             jmp     short loc_101DE
seg000:01CB             db  90h
seg000:01CC
seg000:01CC loc_101CC:                              ; CODE XREF: sub_10010+1D8↓j
seg000:01CC             mov     bx, word ptr [bp+6] ; CODE XREF: sub_10010+1D8↓j
seg000:01CF             mov     di, si
seg000:01D1             shl     di, 1
seg000:01D3             push    [bx+di]
seg000:01D5             call    sub_115E6
seg000:01D8             add     sp, 2
seg000:01DB             inc     byte ptr [bp-44h]
seg000:01DE
seg000:01DE loc_101DE:                              ; CODE XREF: sub_10010+1B9↑j
seg000:01DE             mov     al, [bp-44h]        ; CODE XREF: sub_10010+1B9↑j
seg000:01E1             sub     ah, ah
seg000:01E3             mov     si, ax
seg000:01E5             cmp     word ptr [bp+4], si
seg000:01E8             ja      short loc_101CC
seg000:01EA             sub     ax, ax
seg000:01EC             push    ax
seg000:01ED             mov     ax, 16h
seg000:01F0             push    ax
seg000:01F1             call    sub_108FC
seg000:01F4             add     sp, 4
seg000:01F7             mov     byte ptr [bp-58h], 0
seg000:01FB             mov     byte ptr [bp-44h], 1
seg000:01FF             jmp     short loc_10211
seg000:0201             db  90h
seg000:0202
seg000:0202 loc_10202:                              ; CODE XREF: sub_10010+21D↓j
seg000:0202                                         ; sub_10010+221↓j
seg000:0202             mov     bl, [bp-44h]        ; CODE XREF: sub_10010+21D↓j
seg000:0202                                         ; sub_10010+221↓j
seg000:0205             sub     bh, bh
seg000:0207             shl     bx, 1
seg000:0209             mov     si, word ptr [bp+6]
seg000:020C             inc     word ptr [bx+si]
seg000:020E
seg000:020E loc_1020E:                              ; CODE XREF: sub_10010+263↓j
seg000:020E             inc     byte ptr [bp-44h]   ; CODE XREF: sub_10010+263↓j
seg000:0211
seg000:0211 loc_10211:                              ; CODE XREF: sub_10010+1EF↑j
seg000:0211             mov     al, [bp-44h]        ; CODE XREF: sub_10010+1EF↑j
seg000:0214             sub     ah, ah
seg000:0216             mov     si, ax
seg000:0218             cmp     word ptr [bp+4], si
seg000:021B             jbe     short loc_10276
seg000:021D             mov     bx, word ptr [bp+6]
seg000:0220             mov     di, si
seg000:0222             shl     di, 1
seg000:0224             mov     bx, [bx+di]
seg000:0226             mov     al, [bx]
seg000:0228             mov     [bp-72h], al
seg000:022B             cmp     al, 2Dh
seg000:022D             je      short loc_10202
seg000:022F             cmp     al, 2Fh
seg000:0231             je      short loc_10202
seg000:0233             mov     ax, 515h
seg000:0236             push    ax
seg000:0237             lea     ax, [bp-3Ch]
seg000:023A             push    ax
seg000:023B             call    sub_11636
seg000:023E             add     sp, 4
seg000:0241             mov     bl, [bp-44h]
seg000:0244             sub     bh, bh
seg000:0246             shl     bx, 1
seg000:0248             mov     di, word ptr [bp+6]
seg000:024B             push    [bx+di]
seg000:024D             lea     ax, [bp-3Ch]
seg000:0250             push    ax
seg000:0251             call    sub_1169F
seg000:0254             add     sp, 4
seg000:0257             mov     ax, 528h
seg000:025A             push    ax
seg000:025B             lea     ax, [bp-3Ch]
seg000:025E             push    ax
seg000:025F             call    sub_1169F
seg000:0262             add     sp, 4
seg000:0265             lea     ax, [bp-3Ch]
seg000:0268             push    ax
seg000:0269             call    sub_118FB
seg000:026C             add     sp, 2
seg000:026F             mov     byte ptr [bp-58h], 1
seg000:0273             jmp     short loc_1020E
seg000:0275             db  90h
seg000:0276
seg000:0276 loc_10276:                              ; CODE XREF: sub_10010+20B↑j
seg000:0276             cmp     byte ptr [bp-58h], 1; CODE XREF: sub_10010+20B↑j
seg000:027A             jne     short loc_10285
seg000:027C             sub     ax, ax
seg000:027E             push    ax
seg000:027F             call    sub_11A7E
seg000:0282             add     sp, 2
seg000:0285
seg000:0285 loc_10285:                              ; CODE XREF: sub_10010+26A↑j
seg000:0285             mov     byte ptr [bp-44h], 1; CODE XREF: sub_10010+26A↑j
seg000:0289             jmp     short loc_1029D
seg000:028B             db  90h
seg000:028C loc_1028C       db 0C6h                 ; CODE XREF: sub_10294+3F↓j
seg000:028D             db  46h ; F
seg000:028E             db 0FAh
seg000:028F             db    0
seg000:0290             db 0C4h
seg000:0291             db  1Eh
seg000:0292             db  16h
seg000:0293             db  16h
seg000:0294 sub_10010       endp
seg000:0294
seg000:0294
seg000:0294 ; =============== S U B R O U T I N E =======================================
seg000:0294
seg000:0294
seg000:0294 sub_10294       proc near               ; CODE XREF: sub_10EB1+60↓P
seg000:0294             mov     word ptr es:[bx+72h], 1; CODE XREF: sub_10EB1+60↓P
seg000:029A
seg000:029A loc_1029A:                              ; CODE XREF: sub_102FC+20↓j
seg000:029A             inc     byte ptr [bp-44h]   ; CODE XREF: sub_102FC+20↓j
seg000:029D
seg000:029D loc_1029D:                              ; CODE XREF: sub_10010+279↑j
seg000:029D             mov     al, [bp-44h]        ; CODE XREF: sub_10010+279↑j
seg000:02A0             sub     ah, ah
seg000:02A2             mov     si, ax
seg000:02A4             cmp     word ptr [bp+4], si
seg000:02A7             ja      short loc_102AC
seg000:02A9             jmp     loc_10570
seg000:02AC ; ---------------------------------------------------------------------------
seg000:02AC
seg000:02AC loc_102AC:                              ; CODE XREF: sub_10294+13↑j
seg000:02AC             mov     bx, word ptr [bp+6] ; CODE XREF: sub_10294+13↑j
seg000:02AF             mov     di, si
seg000:02B1             shl     di, 1
seg000:02B3             mov     bx, [bx+di]
seg000:02B5             mov     al, [bx]
seg000:02B7             cbw
seg000:02B8             cmp     ax, 41h
seg000:02BB             jne     short loc_102C0
seg000:02BD             jmp     loc_104D2
seg000:02C0 ; ---------------------------------------------------------------------------
seg000:02C0
seg000:02C0 loc_102C0:                              ; CODE XREF: sub_10294+27↑j
seg000:02C0             cmp     ax, 44h             ; CODE XREF: sub_10294+27↑j
seg000:02C3             jne     short loc_102C8
seg000:02C5             jmp     loc_1045A
seg000:02C8 ; ---------------------------------------------------------------------------
seg000:02C8
seg000:02C8 loc_102C8:                              ; CODE XREF: sub_10294+2F↑j
seg000:02C8             cmp     ax, 47h             ; CODE XREF: sub_10294+2F↑j
seg000:02CB             jne     short loc_102D0
seg000:02CD             jmp     loc_1039C
seg000:02D0 ; ---------------------------------------------------------------------------
seg000:02D0
seg000:02D0 loc_102D0:                              ; CODE XREF: sub_10294+37↑j
seg000:02D0             cmp     ax, 4Ah             ; CODE XREF: sub_10294+37↑j
seg000:02D3             je      short loc_1028C
seg000:02D5             cmp     ax, 4Eh
seg000:02D8             je      short loc_10320
seg000:02DA             mov     ax, 5C9h
seg000:02DD             push    ax
seg000:02DE             lea     ax, [bp-3Ch]
seg000:02E1             push    ax
seg000:02E2             call    sub_11636
seg000:02E5             add     sp, 4
seg000:02E8             mov     bl, [bp-44h]
seg000:02EB             sub     bh, bh
seg000:02ED             shl     bx, 1
seg000:02EF             mov     si, word ptr [bp+6]
seg000:02F2             dec     word ptr [bx+si]
seg000:02F4             push    [bx+si]
seg000:02F6             lea     ax, [bp-3Ch]
seg000:02F9             push    ax
seg000:02FA             db 0E8h
seg000:02FB             db 0A2h
seg000:02FC sub_10294       endp
seg000:02FC
seg000:02FC
seg000:02FC ; =============== S U B R O U T I N E =======================================
seg000:02FC
seg000:02FC
seg000:02FC sub_102FC       proc near               ; CODE XREF: sub_102FC:loc_1059A↓P
seg000:02FC                                         ; sub_108FC+6B↓P ...
seg000:02FC             adc     ax, word ptr [bp+4C4h+di]; CODE XREF: sub_102FC:loc_1059A↓P
seg000:02FC                                         ; sub_108FC+6B↓P ...
seg000:0300             mov     ax, 5DCh
seg000:0303             push    ax
seg000:0304             lea     ax, [bp-3Ch]
seg000:0307             push    ax
seg000:0308             call    sub_1169F
seg000:030B             add     sp, 4
seg000:030E             lea     ax, [bp-3Ch]
seg000:0311             push    ax
seg000:0312             call    sub_118FB
seg000:0315             add     sp, 2
seg000:0318             mov     byte ptr [bp-58h], 1
seg000:031C             jmp     loc_1029A
seg000:031F             db  90h
seg000:0320 loc_10320       db  8Ah                 ; CODE XREF: sub_10294+44↑j
seg000:0321             db  5Eh ; ^
seg000:0322             db 0BCh
seg000:0323             db  2Ah ; *
seg000:0324             db 0FFh
seg000:0325             db 0D1h
seg000:0326             db 0E3h
seg000:0327             db  8Bh
seg000:0328             db  76h ; v
seg000:0329             db    6
seg000:032A             db 0FFh
seg000:032B             db  30h ; 0
seg000:032C             db 0B8h
seg000:032D             db  2Ch ; ,
seg000:032E             db    5
seg000:032F             db  50h ; P
seg000:0330             db 0E8h
seg000:0331             db 0D9h
seg000:0332             db  18h
seg000:0333             db  83h
seg000:0334             db 0C4h
seg000:0335             db    4
seg000:0336             db  0Bh
seg000:0337             db 0C0h
seg000:0338             db  75h ; u
seg000:0339             db  0Ch
seg000:033A             db 0C6h
seg000:033B             db  46h ; F
seg000:033C             db  94h
seg000:033D             db    0
seg000:033E             db 0C6h
seg000:033F             db  46h ; F
seg000:0340             db  90h
seg000:0341             db    0
seg000:0342             db 0E9h
seg000:0343             db  55h ; U
seg000:0344             db 0FFh
seg000:0345             db  90h
seg000:0346             db  8Ah
seg000:0347             db  5Eh ; ^
seg000:0348             db 0BCh
seg000:0349             db  2Ah ; *
seg000:034A             db 0FFh
seg000:034B             db 0D1h
seg000:034C             db 0E3h
seg000:034D             db  8Bh
seg000:034E             db  76h ; v
seg000:034F             db    6
seg000:0350             db 0FFh
seg000:0351             db  30h ; 0
seg000:0352             db 0B8h
seg000:0353             db  2Fh ; /
seg000:0354             db    5
seg000:0355             db  50h ; P
seg000:0356             db 0E8h
seg000:0357             db 0B3h
seg000:0358             db  18h
seg000:0359             db  83h
seg000:035A             db 0C4h
seg000:035B             db    4
seg000:035C             db  0Bh
seg000:035D             db 0C0h
seg000:035E             db  75h ; u
seg000:035F             db  12h
seg000:0360             db 0C6h
seg000:0361             db  46h ; F
seg000:0362             db 0FAh
seg000:0363             db    0
seg000:0364             db 0C4h
seg000:0365             db  1Eh
seg000:0366             db  16h
seg000:0367             db  16h
seg000:0368             db  26h ; &
seg000:0369             db 0C7h
seg000:036A             db  47h ; G
seg000:036B             db  72h ; r
seg000:036C             db    0
seg000:036D             db    0
seg000:036E             db 0E9h
seg000:036F             db  29h ; )
seg000:0370             db 0FFh
seg000:0371             db  90h
seg000:0372             db 0B8h
seg000:0373             db  32h ; 2
seg000:0374             db    5
seg000:0375             db  50h ; P
seg000:0376             db  8Dh
seg000:0377             db  46h ; F
seg000:0378             db 0C4h
seg000:0379             db  50h ; P
seg000:037A             db 0E8h
seg000:037B             db 0B9h
seg000:037C             db  12h
seg000:037D             db  83h
seg000:037E             db 0C4h
seg000:037F             db    4
seg000:0380             db  8Ah
seg000:0381             db  5Eh ; ^
seg000:0382             db 0BCh
seg000:0383             db  2Ah ; *
seg000:0384             db 0FFh
seg000:0385             db 0D1h
seg000:0386             db 0E3h
seg000:0387             db  8Bh
seg000:0388             db  76h ; v
seg000:0389             db    6
seg000:038A             db 0FFh
seg000:038B             db  30h ; 0
seg000:038C             db  8Dh
seg000:038D             db  46h ; F
seg000:038E             db 0C4h
seg000:038F             db  50h ; P
seg000:0390             db 0E8h
seg000:0391             db  0Ch
seg000:0392             db  13h
seg000:0393             db  83h
seg000:0394             db 0C4h
seg000:0395             db    4
seg000:0396             db 0B8h
seg000:0397             db  45h ; E
seg000:0398             db    5
seg000:0399             db 0E9h
seg000:039A             db  67h ; g
seg000:039B             db 0FFh
seg000:039C loc_1039C       db 0C6h                 ; CODE XREF: sub_10294+39↑j
seg000:039D             db  46h ; F
seg000:039E             db 0FCh
seg000:039F             db    0
seg000:03A0             db  8Ah
seg000:03A1             db  5Eh ; ^
seg000:03A2             db 0BCh
seg000:03A3             db  2Ah ; *
seg000:03A4             db 0FFh
seg000:03A5             db 0D1h
seg000:03A6             db 0E3h
seg000:03A7             db  8Bh
seg000:03A8             db  76h ; v
seg000:03A9             db    6
seg000:03AA             db 0FFh
seg000:03AB             db    0
seg000:03AC             db  8Ah
seg000:03AD             db  5Eh ; ^
seg000:03AE             db 0BCh
seg000:03AF             db  2Ah ; *
seg000:03B0             db 0FFh
seg000:03B1             db 0D1h
seg000:03B2             db 0E3h
seg000:03B3             db  8Bh
seg000:03B4             db  76h ; v
seg000:03B5             db    6
seg000:03B6             db  8Bh
seg000:03B7             db  18h
seg000:03B8             db  8Ah
seg000:03B9             db    7
seg000:03BA             db  88h
seg000:03BB             db  46h ; F
seg000:03BC             db  96h
seg000:03BD             db 0C6h
seg000:03BE             db  46h ; F
seg000:03BF             db  97h
seg000:03C0             db    0
seg000:03C1             db  3Ch ; <
seg000:03C2             db  48h ; H
seg000:03C3             db  75h ; u
seg000:03C4             db  12h
seg000:03C5             db 0C6h
seg000:03C6             db  46h ; F
seg000:03C7             db  96h
seg000:03C8             db  43h ; C
seg000:03C9             db 0C4h
seg000:03CA             db  1Eh
seg000:03CB             db  16h
seg000:03CC             db  16h
seg000:03CD             db 0B8h
seg000:03CE             db    1
seg000:03CF             db    0
seg000:03D0             db  26h ; &
seg000:03D1             db  89h
seg000:03D2             db  47h ; G
seg000:03D3             db  24h ; $
seg000:03D4             db 0A2h
seg000:03D5             db  14h
seg000:03D6             db  14h
seg000:03D7             db 0B8h
seg000:03D8             db  49h ; I
seg000:03D9             db    5
seg000:03DA             db  50h ; P
seg000:03DB             db  8Dh
seg000:03DC             db  46h ; F
seg000:03DD             db  96h
seg000:03DE             db  50h ; P
seg000:03DF             db 0E8h
seg000:03E0             db 0BDh
seg000:03E1             db  12h
seg000:03E2             db  83h
seg000:03E3             db 0C4h
seg000:03E4             db    4
seg000:03E5             db 0B8h
seg000:03E6             db  55h ; U
seg000:03E7             db    5
seg000:03E8             db  50h ; P
seg000:03E9             db  8Dh
seg000:03EA             db  46h ; F
seg000:03EB             db  96h
seg000:03EC             db  50h ; P
seg000:03ED             db 0E8h
seg000:03EE             db 0F4h
seg000:03EF             db  17h
seg000:03F0             db  83h
seg000:03F1             db 0C4h
seg000:03F2             db    4
seg000:03F3             db  89h
seg000:03F4             db  46h ; F
seg000:03F5             db 0F6h
seg000:03F6             db  0Bh
seg000:03F7             db 0C0h
seg000:03F8             db  75h ; u
seg000:03F9             db  42h ; B
seg000:03FA             db  8Ah
seg000:03FB             db  5Eh ; ^
seg000:03FC             db 0BCh
seg000:03FD             db  2Ah ; *
seg000:03FE             db 0FFh
seg000:03FF             db 0D1h
seg000:0400             db 0E3h
seg000:0401             db  8Bh
seg000:0402             db  76h ; v
seg000:0403             db    6
seg000:0404             db 0FFh
seg000:0405             db    8
seg000:0406             db  8Ah
seg000:0407             db  5Eh ; ^
seg000:0408             db 0BCh
seg000:0409             db  2Ah ; *
seg000:040A             db 0FFh
seg000:040B             db 0D1h
seg000:040C             db 0E3h
seg000:040D             db  8Bh
seg000:040E             db  76h ; v
seg000:040F             db    6
seg000:0410             db 0FFh
seg000:0411             db    8
seg000:0412             db 0B8h
seg000:0413             db  57h ; W
seg000:0414             db    5
seg000:0415             db  50h ; P
seg000:0416             db  8Dh
seg000:0417             db  46h ; F
seg000:0418             db 0C4h
seg000:0419             db  50h ; P
seg000:041A             db 0E8h
seg000:041B             db  19h
seg000:041C             db  12h
seg000:041D             db  83h
seg000:041E             db 0C4h
seg000:041F             db    4
seg000:0420             db  8Ah
seg000:0421             db  5Eh ; ^
seg000:0422             db 0BCh
seg000:0423             db  2Ah ; *
seg000:0424             db 0FFh
seg000:0425             db 0D1h
seg000:0426             db 0E3h
seg000:0427             db  8Bh
seg000:0428             db  76h ; v
seg000:0429             db    6
seg000:042A             db 0FFh
seg000:042B             db  30h ; 0
seg000:042C             db  8Dh
seg000:042D             db  46h ; F
seg000:042E             db 0C4h
seg000:042F             db  50h ; P
seg000:0430             db 0E8h
seg000:0431             db  6Ch ; l
seg000:0432             db  12h
seg000:0433             db  83h
seg000:0434             db 0C4h
seg000:0435             db    4
seg000:0436             db 0B8h
seg000:0437             db  76h ; v
seg000:0438             db    5
seg000:0439             db 0E9h
seg000:043A             db 0C7h
seg000:043B             db 0FEh
seg000:043C             db  8Dh
seg000:043D             db  46h ; F
seg000:043E             db  96h
seg000:043F             db  50h ; P
seg000:0440             db 0FFh
seg000:0441             db  36h ; 6
seg000:0442             db  18h
seg000:0443             db  16h
seg000:0444             db 0FFh
seg000:0445             db  36h ; 6
seg000:0446             db  16h
seg000:0447             db  16h
seg000:0448             db 0E8h
seg000:0449             db    6
seg000:044A             db  12h
seg000:044B             db  83h
seg000:044C             db 0C4h
seg000:044D             db    6
seg000:044E             db 0FFh
seg000:044F             db  76h ; v
seg000:0450             db 0F6h
seg000:0451             db 0E8h
seg000:0452             db 0D6h
seg000:0453             db  16h
seg000:0454             db  83h
seg000:0455             db 0C4h
seg000:0456             db    2
seg000:0457             db 0E9h
seg000:0458             db  40h ; @
seg000:0459             db 0FEh
seg000:045A loc_1045A       db  8Ah                 ; CODE XREF: sub_10294+31↑j
seg000:045B             db  5Eh ; ^
seg000:045C             db 0BCh
seg000:045D             db  2Ah ; *
seg000:045E             db 0FFh
seg000:045F             db 0D1h
seg000:0460             db 0E3h
seg000:0461             db  8Bh
seg000:0462             db  76h ; v
seg000:0463             db    6
seg000:0464             db 0FFh
seg000:0465             db    0
seg000:0466             db  8Ah
seg000:0467             db  5Eh ; ^
seg000:0468             db 0BCh
seg000:0469             db  2Ah ; *
seg000:046A             db 0FFh
seg000:046B             db 0D1h
seg000:046C             db 0E3h
seg000:046D             db  8Bh
seg000:046E             db  76h ; v
seg000:046F             db    6
seg000:0470             db 0FFh
seg000:0471             db  30h ; 0
seg000:0472             db 0E8h
seg000:0473             db 0C3h
seg000:0474             db  17h
seg000:0475             db  83h
seg000:0476             db 0C4h
seg000:0477             db    2
seg000:0478             db  88h
seg000:0479             db  46h ; F
seg000:047A             db 0C2h
seg000:047B             db  3Ch ; <
seg000:047C             db    2
seg000:047D             db  76h ; v
seg000:047E             db  43h ; C
seg000:047F             db  8Ah
seg000:0480             db  5Eh ; ^
seg000:0481             db 0BCh
seg000:0482             db  2Ah ; *
seg000:0483             db 0FFh
seg000:0484             db 0D1h
seg000:0485             db 0E3h
seg000:0486             db  8Bh
seg000:0487             db  76h ; v
seg000:0488             db    6
seg000:0489             db 0FFh
seg000:048A             db    8
seg000:048B             db  8Ah
seg000:048C             db  5Eh ; ^
seg000:048D             db 0BCh
seg000:048E             db  2Ah ; *
seg000:048F             db 0FFh
seg000:0490             db 0D1h
seg000:0491             db 0E3h
seg000:0492             db  8Bh
seg000:0493             db  76h ; v
seg000:0494             db    6
seg000:0495             db 0FFh
seg000:0496             db    8
seg000:0497             db 0B8h
seg000:0498             db  7Ah ; z
seg000:0499             db    5
seg000:049A             db  50h ; P
seg000:049B             db  8Dh
seg000:049C             db  46h ; F
seg000:049D             db 0C4h
seg000:049E             db  50h ; P
seg000:049F             db 0E8h
seg000:04A0             db  94h
seg000:04A1             db  11h
seg000:04A2             db  83h
seg000:04A3             db 0C4h
seg000:04A4             db    4
seg000:04A5             db  8Ah
seg000:04A6             db  5Eh ; ^
seg000:04A7             db 0BCh
seg000:04A8             db  2Ah ; *
seg000:04A9             db 0FFh
seg000:04AA             db 0D1h
seg000:04AB             db 0E3h
seg000:04AC             db  8Bh
seg000:04AD             db  76h ; v
seg000:04AE             db    6
seg000:04AF             db 0FFh
seg000:04B0             db  30h ; 0
seg000:04B1             db  8Dh
seg000:04B2             db  46h ; F
seg000:04B3             db 0C4h
seg000:04B4             db  50h ; P
seg000:04B5             db 0E8h
seg000:04B6             db 0E7h
seg000:04B7             db  11h
seg000:04B8             db  83h
seg000:04B9             db 0C4h
seg000:04BA             db    4
seg000:04BB             db 0B8h
seg000:04BC             db  99h
seg000:04BD             db    5
seg000:04BE             db 0E9h
seg000:04BF             db  42h ; B
seg000:04C0             db 0FEh
seg000:04C1             db  90h
seg000:04C2             db 0C4h
seg000:04C3             db  1Eh
seg000:04C4             db  16h
seg000:04C5             db  16h
seg000:04C6             db  8Ah
seg000:04C7             db  46h ; F
seg000:04C8             db 0C2h
seg000:04C9             db  2Ah ; *
seg000:04CA             db 0E4h
seg000:04CB             db  26h ; &
seg000:04CC             db  89h
seg000:04CD             db  47h ; G
seg000:04CE             db  32h ; 2
seg000:04CF             db 0E9h
seg000:04D0             db 0C8h
seg000:04D1             db 0FDh
seg000:04D2 loc_104D2       db 0C6h                 ; CODE XREF: sub_10294+29↑j
seg000:04D3             db  46h ; F
seg000:04D4             db 0AAh
seg000:04D5             db    0
seg000:04D6             db  8Ah
seg000:04D7             db  5Eh ; ^
seg000:04D8             db 0BCh
seg000:04D9             db  2Ah ; *
seg000:04DA             db 0FFh
seg000:04DB             db 0D1h
seg000:04DC             db 0E3h
seg000:04DD             db  8Bh
seg000:04DE             db  76h ; v
seg000:04DF             db    6
seg000:04E0             db 0FFh
seg000:04E1             db    0
seg000:04E2             db  8Ah
seg000:04E3             db  5Eh ; ^
seg000:04E4             db 0BCh
seg000:04E5             db  2Ah ; *
seg000:04E6             db 0FFh
seg000:04E7             db 0D1h
seg000:04E8             db 0E3h
seg000:04E9             db  8Bh
seg000:04EA             db  76h ; v
seg000:04EB             db    6
seg000:04EC             db  8Bh
seg000:04ED             db  18h
seg000:04EE             db  8Ah
seg000:04EF             db    7
seg000:04F0             db  88h
seg000:04F1             db  46h ; F
seg000:04F2             db 0ACh
seg000:04F3             db 0C6h
seg000:04F4             db  46h ; F
seg000:04F5             db 0ADh
seg000:04F6             db    0
seg000:04F7             db 0B8h
seg000:04F8             db  9Dh
seg000:04F9             db    5
seg000:04FA             db  50h ; P
seg000:04FB             db  8Dh
seg000:04FC             db  46h ; F
seg000:04FD             db 0ACh
seg000:04FE             db  50h ; P
seg000:04FF             db 0E8h
seg000:0500             db  9Dh
seg000:0501             db  11h
seg000:0502             db  83h
seg000:0503             db 0C4h
seg000:0504             db    4
seg000:0505             db 0B8h
seg000:0506             db 0A7h
seg000:0507             db    5
seg000:0508             db  50h ; P
seg000:0509             db  8Dh
seg000:050A             db  46h ; F
seg000:050B             db 0ACh
seg000:050C             db  50h ; P
seg000:050D             db 0E8h
seg000:050E             db 0D4h
seg000:050F             db  16h
seg000:0510             db  83h
seg000:0511             db 0C4h
seg000:0512             db    4
seg000:0513             db  89h
seg000:0514             db  46h ; F
seg000:0515             db 0F6h
seg000:0516             db  0Bh
seg000:0517             db 0C0h
seg000:0518             db  75h ; u
seg000:0519             db  42h ; B
seg000:051A             db  8Ah
seg000:051B             db  5Eh ; ^
seg000:051C             db 0BCh
seg000:051D             db  2Ah ; *
seg000:051E             db 0FFh
seg000:051F             db 0D1h
seg000:0520             db 0E3h
seg000:0521             db  8Bh
seg000:0522             db  76h ; v
seg000:0523             db    6
seg000:0524             db 0FFh
seg000:0525             db    8
seg000:0526             db  8Ah
seg000:0527             db  5Eh ; ^
seg000:0528             db 0BCh
seg000:0529             db  2Ah ; *
seg000:052A             db 0FFh
seg000:052B             db 0D1h
seg000:052C             db 0E3h
seg000:052D             db  8Bh
seg000:052E             db  76h ; v
seg000:052F             db    6
seg000:0530             db 0FFh
seg000:0531             db    8
seg000:0532             db 0B8h
seg000:0533             db 0A9h
seg000:0534             db    5
seg000:0535             db  50h ; P
seg000:0536             db  8Dh
seg000:0537             db  46h ; F
seg000:0538             db 0C4h
seg000:0539             db  50h ; P
seg000:053A             db 0E8h
seg000:053B             db 0F9h
seg000:053C             db  10h
seg000:053D             db  83h
seg000:053E             db 0C4h
seg000:053F             db    4
seg000:0540             db  8Ah
seg000:0541             db  5Eh ; ^
seg000:0542             db 0BCh
seg000:0543             db  2Ah ; *
seg000:0544             db 0FFh
seg000:0545             db 0D1h
seg000:0546             db 0E3h
seg000:0547             db  8Bh
seg000:0548             db  76h ; v
seg000:0549             db    6
seg000:054A             db 0FFh
seg000:054B             db  30h ; 0
seg000:054C             db  8Dh
seg000:054D             db  46h ; F
seg000:054E             db 0C4h
seg000:054F             db  50h ; P
seg000:0550             db 0E8h
seg000:0551             db  4Ch ; L
seg000:0552             db  11h
seg000:0553             db  83h
seg000:0554             db 0C4h
seg000:0555             db    4
seg000:0556             db 0B8h
seg000:0557             db 0C5h
seg000:0558             db    5
seg000:0559             db 0E9h
seg000:055A             db 0A7h
seg000:055B             db 0FDh
seg000:055C             db  8Dh
seg000:055D             db  46h ; F
seg000:055E             db 0ACh
seg000:055F             db  50h ; P
seg000:0560             db 0A1h
seg000:0561             db  16h
seg000:0562             db  16h
seg000:0563             db  8Bh
seg000:0564             db  16h
seg000:0565             db  18h
seg000:0566             db  16h
seg000:0567             db    5
seg000:0568             db  0Dh
seg000:0569             db    0
seg000:056A             db  52h ; R
seg000:056B             db  50h ; P
seg000:056C             db 0E9h
seg000:056D             db 0D9h
seg000:056E             db 0FEh
seg000:056F             db  90h
seg000:0570
seg000:0570 loc_10570:                              ; CODE XREF: sub_10294+15↑j
seg000:0570             cmp     byte ptr [bp-58h], 1; CODE XREF: sub_10294+15↑j
seg000:0574             jne     short loc_1057F
seg000:0576             sub     ax, ax
seg000:0578             push    ax
seg000:0579             call    sub_11A7E
seg000:057C             add     sp, 2
seg000:057F
seg000:057F loc_1057F:                              ; CODE XREF: sub_102FC+278↑j
seg000:057F             cmp     byte ptr [bp-6], 1  ; CODE XREF: sub_102FC+278↑j
seg000:0583             jne     short loc_105DE
seg000:0585             mov     ax, 5E0h
seg000:0588             push    ax
seg000:0589             sub     ax, ax
seg000:058B             push    ax
seg000:058C             mov     ax, 16h
seg000:058F             push    ax
seg000:0590             call    sub_118B0
seg000:0593             add     sp, 6
seg000:0596             mov     byte ptr [bp-3Eh], 1
seg000:059A
seg000:059A loc_1059A:                              ; CODE XREF: sub_102FC+2E0↓j
seg000:059A             call    far ptr 2FCh:0BF2h  ; CODE XREF: sub_102FC+2E0↓j
seg000:059F             mov     [bp-46h], al
seg000:05A2             call    sub_108DE
seg000:05A5             cmp     byte ptr [bp-46h], 59h
seg000:05A9             je      short loc_105B1
seg000:05AB             cmp     byte ptr [bp-46h], 79h
seg000:05AF             jne     short loc_105BE
seg000:05B1
seg000:05B1 loc_105B1:                              ; CODE XREF: sub_102FC+2AD↑j
seg000:05B1             les     bx, word_145D6      ; CODE XREF: sub_102FC+2AD↑j
seg000:05B5             mov     word ptr es:[bx+72h], 1
seg000:05BB             jmp     short loc_105D4
seg000:05BD             db  90h
seg000:05BE
seg000:05BE loc_105BE:                              ; CODE XREF: sub_102FC+2B3↑j
seg000:05BE             cmp     byte ptr [bp-46h], 4Eh; CODE XREF: sub_102FC+2B3↑j
seg000:05C2             je      short loc_105CA
seg000:05C4             cmp     byte ptr [bp-46h], 6Eh
seg000:05C8             jne     short loc_105D8
seg000:05CA
seg000:05CA loc_105CA:                              ; CODE XREF: sub_102FC+2C6↑j
seg000:05CA             les     bx, word_145D6      ; CODE XREF: sub_102FC+2C6↑j
seg000:05CE             mov     word ptr es:[bx+72h], 0
seg000:05D4
seg000:05D4 loc_105D4:                              ; CODE XREF: sub_102FC+2BF↑j
seg000:05D4             mov     byte ptr [bp-3Eh], 0; CODE XREF: sub_102FC+2BF↑j
seg000:05D8
seg000:05D8 loc_105D8:                              ; CODE XREF: sub_102FC+2CC↑j
seg000:05D8             cmp     byte ptr [bp-3Eh], 0; CODE XREF: sub_102FC+2CC↑j
seg000:05DC             jne     short loc_1059A
seg000:05DE
seg000:05DE loc_105DE:                              ; CODE XREF: sub_102FC+287↑j
seg000:05DE             les     bx, word_145D6      ; CODE XREF: sub_102FC+287↑j
seg000:05E2             cmp     word ptr es:[bx+72h], 1
seg000:05E7             je      short loc_105EC
seg000:05E9             jmp     loc_106BC
seg000:05EC loc_105EC       db 0C6h                 ; CODE XREF: sub_102FC+2EB↑j
seg000:05ED             db    6
seg000:05EE             db  14h
seg000:05EF             db  14h
seg000:05F0             db    1
seg000:05F1             db 0E8h
seg000:05F2             db 0BEh
seg000:05F3             db  0Dh
seg000:05F4             db 0B8h
seg000:05F5             db  1Ch
seg000:05F6             db    6
seg000:05F7             db  50h ; P
seg000:05F8             db  2Bh ; +
seg000:05F9             db 0C0h
seg000:05FA             db  50h ; P
seg000:05FB             db 0B8h
seg000:05FC             db  16h
seg000:05FD             db    0
seg000:05FE             db  50h ; P
seg000:05FF             db 0E8h
seg000:0600             db 0AEh
seg000:0601             db  12h
seg000:0602             db  83h
seg000:0603             db 0C4h
seg000:0604             db    6
seg000:0605             db 0EBh
seg000:0606             db    4
seg000:0607             db  90h
seg000:0608             db 0E8h
seg000:0609             db 0D3h
seg000:060A             db    2
seg000:060B             db  2Bh ; +
seg000:060C             db 0C0h
seg000:060D             db  50h ; P
seg000:060E             db  9Ah
seg000:060F             db 0F7h
seg000:0610             db  0Bh
seg000:0611             db 0FCh
seg000:0612             db    2
seg000:0613             db  83h
seg000:0614             db 0C4h
seg000:0615             db    2
seg000:0616             db  0Bh
seg000:0617             db 0C0h
seg000:0618             db  74h ; t
seg000:0619             db 0EEh
seg000:061A             db  9Ah
seg000:061B             db    4
seg000:061C             db    0
seg000:061D             db 0EAh
seg000:061E             db    2
seg000:061F             db 0E8h
seg000:0620             db 0CEh
seg000:0621             db  0Dh
seg000:0622             db 0B8h
seg000:0623             db    2
seg000:0624             db    0
seg000:0625             db  50h ; P
seg000:0626             db 0E8h
seg000:0627             db  36h ; 6
seg000:0628             db    8
seg000:0629             db  83h
seg000:062A             db 0C4h
seg000:062B             db    2
seg000:062C             db 0EBh
seg000:062D             db    3
seg000:062E             db 0E8h
seg000:062F             db 0ADh
seg000:0630             db    2
seg000:0631             db  2Bh ; +
seg000:0632             db 0C0h
seg000:0633             db  50h ; P
seg000:0634             db  9Ah
seg000:0635             db 0F7h
seg000:0636             db  0Bh
seg000:0637             db 0FCh
seg000:0638             db    2
seg000:0639             db  83h
seg000:063A             db 0C4h
seg000:063B             db    2
seg000:063C             db  0Bh
seg000:063D             db 0C0h
seg000:063E             db  75h ; u
seg000:063F             db 0EEh
seg000:0640             db 0B8h
seg000:0641             db  5Ch ; \
seg000:0642             db    6
seg000:0643             db  50h ; P
seg000:0644             db  2Bh ; +
seg000:0645             db 0C0h
seg000:0646             db  50h ; P
seg000:0647             db 0B8h
seg000:0648             db  16h
seg000:0649             db    0
seg000:064A             db  50h ; P
seg000:064B             db 0E8h
seg000:064C             db  62h ; b
seg000:064D             db  12h
seg000:064E             db  83h
seg000:064F             db 0C4h
seg000:0650             db    6
seg000:0651             db  9Ah
seg000:0652             db  25h ; %
seg000:0653             db    0
seg000:0654             db 0EAh
seg000:0655             db    2
seg000:0656             db 0EBh
seg000:0657             db    8
seg000:0658             db  9Ah
seg000:0659             db  25h ; %
seg000:065A             db    0
seg000:065B             db 0EAh
seg000:065C             db    2
seg000:065D             db 0E8h
seg000:065E             db  7Eh ; ~
seg000:065F             db    2
seg000:0660             db  2Bh ; +
seg000:0661             db 0C0h
seg000:0662             db  50h ; P
seg000:0663             db  9Ah
seg000:0664             db 0F7h
seg000:0665             db  0Bh
seg000:0666             db 0FCh
seg000:0667             db    2
seg000:0668             db  83h
seg000:0669             db 0C4h
seg000:066A             db    2
seg000:066B             db  0Bh
seg000:066C             db 0C0h
seg000:066D             db  74h ; t
seg000:066E             db 0E9h
seg000:066F             db 0B8h
seg000:0670             db 0A3h
seg000:0671             db    6
seg000:0672             db  50h ; P
seg000:0673             db  2Bh ; +
seg000:0674             db 0C0h
seg000:0675             db  50h ; P
seg000:0676             db 0B8h
seg000:0677             db  16h
seg000:0678             db    0
seg000:0679             db  50h ; P
seg000:067A             db 0E8h
seg000:067B             db  33h ; 3
seg000:067C             db  12h
seg000:067D             db  83h
seg000:067E             db 0C4h
seg000:067F             db    6
seg000:0680             db  9Ah
seg000:0681             db  25h ; %
seg000:0682             db    0
seg000:0683             db 0EAh
seg000:0684             db    2
seg000:0685             db 0EBh
seg000:0686             db    9
seg000:0687             db  90h
seg000:0688             db  9Ah
seg000:0689             db  25h ; %
seg000:068A             db    0
seg000:068B             db 0EAh
seg000:068C             db    2
seg000:068D             db 0E8h
seg000:068E             db  4Eh ; N
seg000:068F             db    2
seg000:0690             db 0B8h
seg000:0691             db    1
seg000:0692             db    0
seg000:0693             db  50h ; P
seg000:0694             db  9Ah
seg000:0695             db 0F7h
seg000:0696             db  0Bh
seg000:0697             db 0FCh
seg000:0698             db    2
seg000:0699             db  83h
seg000:069A             db 0C4h
seg000:069B             db    2
seg000:069C             db  0Bh
seg000:069D             db 0C0h
seg000:069E             db  74h ; t
seg000:069F             db 0E8h
seg000:06A0             db 0C4h
seg000:06A1             db  1Eh
seg000:06A2             db  16h
seg000:06A3             db  16h
seg000:06A4             db  26h ; &
seg000:06A5             db  8Ah
seg000:06A6             db  47h ; G
seg000:06A7             db  24h ; $
seg000:06A8             db 0A2h
seg000:06A9             db  14h
seg000:06AA             db  14h
seg000:06AB             db  8Bh
seg000:06AC             db 0C3h
seg000:06AD             db  8Ch
seg000:06AE             db 0C2h
seg000:06AF             db    5
seg000:06B0             db  48h ; H
seg000:06B1             db    0
seg000:06B2             db  52h ; R
seg000:06B3             db  50h ; P
seg000:06B4             db  9Ah
seg000:06B5             db 0EDh
seg000:06B6             db    0
seg000:06B7             db 0EAh
seg000:06B8             db    2
seg000:06B9             db  83h
seg000:06BA             db 0C4h
seg000:06BB             db    4
seg000:06BC
seg000:06BC loc_106BC:                              ; CODE XREF: sub_102FC+2ED↑j
seg000:06BC             mov     al, 80h             ; CODE XREF: sub_102FC+2ED↑j
seg000:06BE             mov     byte_13EAD, al
seg000:06C1             mov     byte_13EAC, al
seg000:06C4             cmp     byte ptr [bp-4], 1
seg000:06C8             je      short loc_106CD
seg000:06CA             jmp     loc_1080A
seg000:06CD loc_106CD       db  2Bh ; +             ; CODE XREF: sub_102FC+3CC↑j
seg000:06CE             db 0C0h
seg000:06CF             db  50h ; P
seg000:06D0             db 0B8h
seg000:06D1             db    9
seg000:06D2             db    0
seg000:06D3             db  50h ; P
seg000:06D4             db 0E8h
seg000:06D5             db  25h ; %
seg000:06D6             db    2
seg000:06D7             db  83h
seg000:06D8             db 0C4h
seg000:06D9             db    4
seg000:06DA             db 0FFh
seg000:06DB             db  36h ; 6
seg000:06DC             db 0FEh
seg000:06DD             db    8
seg000:06DE             db 0E8h
seg000:06DF             db  1Ah
seg000:06E0             db  12h
seg000:06E1             db  83h
seg000:06E2             db 0C4h
seg000:06E3             db    2
seg000:06E4             db 0FFh
seg000:06E5             db  36h ; 6
seg000:06E6             db 0FEh
seg000:06E7             db    8
seg000:06E8             db 0E8h
seg000:06E9             db  10h
seg000:06EA             db  12h
seg000:06EB             db  83h
seg000:06EC             db 0C4h
seg000:06ED             db    2
seg000:06EE             db 0FFh
seg000:06EF             db  36h ; 6
seg000:06F0             db 0FEh
seg000:06F1             db    8
seg000:06F2             db 0E8h
seg000:06F3             db    6
seg000:06F4             db  12h
seg000:06F5             db  83h
seg000:06F6             db 0C4h
seg000:06F7             db    2
seg000:06F8             db 0FFh
seg000:06F9             db  36h ; 6
seg000:06FA             db 0FEh
seg000:06FB             db    8
seg000:06FC             db 0E8h
seg000:06FD             db 0FCh
seg000:06FE             db  11h
seg000:06FF             db  83h
seg000:0700             db 0C4h
seg000:0701             db    2
seg000:0702             db 0B8h
seg000:0703             db 0EDh
seg000:0704             db    6
seg000:0705             db  50h ; P
seg000:0706             db  2Bh ; +
seg000:0707             db 0C0h
seg000:0708             db  50h ; P
seg000:0709             db 0B8h
seg000:070A             db  0Dh
seg000:070B             db    0
seg000:070C             db  50h ; P
seg000:070D             db 0E8h
seg000:070E             db 0A0h
seg000:070F             db  11h
seg000:0710             db  83h
seg000:0711             db 0C4h
seg000:0712             db    6
seg000:0713             db 0FFh
seg000:0714             db  36h ; 6
seg000:0715             db 0FEh
seg000:0716             db    8
seg000:0717             db 0E8h
seg000:0718             db 0E1h
seg000:0719             db  11h
seg000:071A             db  83h
seg000:071B             db 0C4h
seg000:071C             db    2
seg000:071D             db 0B8h
seg000:071E             db  3Eh ; >
seg000:071F             db    7
seg000:0720             db  50h ; P
seg000:0721             db  2Bh ; +
seg000:0722             db 0C0h
seg000:0723             db  50h ; P
seg000:0724             db 0B8h
seg000:0725             db  0Fh
seg000:0726             db    0
seg000:0727             db  50h ; P
seg000:0728             db 0E8h
seg000:0729             db  85h
seg000:072A             db  11h
seg000:072B             db  83h
seg000:072C             db 0C4h
seg000:072D             db    6
seg000:072E             db 0B8h
seg000:072F             db  8Dh
seg000:0730             db    7
seg000:0731             db  50h ; P
seg000:0732             db  2Bh ; +
seg000:0733             db 0C0h
seg000:0734             db  50h ; P
seg000:0735             db 0B8h
seg000:0736             db  10h
seg000:0737             db    0
seg000:0738             db  50h ; P
seg000:0739             db 0E8h
seg000:073A             db  74h ; t
seg000:073B             db  11h
seg000:073C             db  83h
seg000:073D             db 0C4h
seg000:073E             db    6
seg000:073F             db 0B8h
seg000:0740             db 0DCh
seg000:0741             db    7
seg000:0742             db  50h ; P
seg000:0743             db  2Bh ; +
seg000:0744             db 0C0h
seg000:0745             db  50h ; P
seg000:0746             db 0B8h
seg000:0747             db  11h
seg000:0748             db    0
seg000:0749             db  50h ; P
seg000:074A             db 0E8h
seg000:074B             db  63h ; c
seg000:074C             db  11h
seg000:074D             db  83h
seg000:074E             db 0C4h
seg000:074F             db    6
seg000:0750             db 0B8h
seg000:0751             db  2Bh ; +
seg000:0752             db    8
seg000:0753             db  50h ; P
seg000:0754             db  2Bh ; +
seg000:0755             db 0C0h
seg000:0756             db  50h ; P
seg000:0757             db 0B8h
seg000:0758             db  12h
seg000:0759             db    0
seg000:075A             db  50h ; P
seg000:075B             db 0E8h
seg000:075C             db  52h ; R
seg000:075D             db  11h
seg000:075E             db  83h
seg000:075F             db 0C4h
seg000:0760             db    6
seg000:0761             db 0B8h
seg000:0762             db  7Ah ; z
seg000:0763             db    8
seg000:0764             db  50h ; P
seg000:0765             db  2Bh ; +
seg000:0766             db 0C0h
seg000:0767             db  50h ; P
seg000:0768             db 0B8h
seg000:0769             db  13h
seg000:076A             db    0
seg000:076B             db  50h ; P
seg000:076C             db 0E8h
seg000:076D             db  41h ; A
seg000:076E             db  11h
seg000:076F             db  83h
seg000:0770             db 0C4h
seg000:0771             db    6
seg000:0772             db 0FFh
seg000:0773             db  36h ; 6
seg000:0774             db 0FEh
seg000:0775             db    8
seg000:0776             db 0E8h
seg000:0777             db  82h
seg000:0778             db  11h
seg000:0779             db  83h
seg000:077A             db 0C4h
seg000:077B             db    2
seg000:077C             db 0FFh
seg000:077D             db  36h ; 6
seg000:077E             db 0FEh
seg000:077F             db    8
seg000:0780             db 0E8h
seg000:0781             db  78h ; x
seg000:0782             db  11h
seg000:0783             db  83h
seg000:0784             db 0C4h
seg000:0785             db    2
seg000:0786             db 0FFh
seg000:0787             db  36h ; 6
seg000:0788             db 0FEh
seg000:0789             db    8
seg000:078A             db 0E8h
seg000:078B             db  6Eh ; n
seg000:078C             db  11h
seg000:078D             db  83h
seg000:078E             db 0C4h
seg000:078F             db    2
seg000:0790             db 0C6h
seg000:0791             db  46h ; F
seg000:0792             db 0C2h
seg000:0793             db    1
seg000:0794             db  80h
seg000:0795             db  7Eh ; ~
seg000:0796             db 0C2h
seg000:0797             db    0
seg000:0798             db  75h ; u
seg000:0799             db    3
seg000:079A             db 0E9h
seg000:079B             db  91h
seg000:079C             db    0
seg000:079D             db 0B8h
seg000:079E             db  31h ; 1
seg000:079F             db    0
seg000:07A0             db  50h ; P
seg000:07A1             db 0B8h
seg000:07A2             db  0Dh
seg000:07A3             db    0
seg000:07A4             db  50h ; P
seg000:07A5             db 0E8h
seg000:07A6             db  54h ; T
seg000:07A7             db    1
seg000:07A8             db  83h
seg000:07A9             db 0C4h
seg000:07AA             db    4
seg000:07AB             db  9Ah
seg000:07AC             db 0F2h
seg000:07AD             db  0Bh
seg000:07AE             db 0FCh
seg000:07AF             db    2
seg000:07B0             db  88h
seg000:07B1             db  46h ; F
seg000:07B2             db 0BAh
seg000:07B3             db 0E8h
seg000:07B4             db  28h ; (
seg000:07B5             db    1
seg000:07B6             db  80h
seg000:07B7             db  7Eh ; ~
seg000:07B8             db 0BAh
seg000:07B9             db  31h ; 1
seg000:07BA             db  72h ; r
seg000:07BB             db  31h ; 1
seg000:07BC             db  80h
seg000:07BD             db  7Eh ; ~
seg000:07BE             db 0BAh
seg000:07BF             db  35h ; 5
seg000:07C0             db  77h ; w
seg000:07C1             db  2Bh ; +
seg000:07C2             db  8Ah
seg000:07C3             db  5Eh ; ^
seg000:07C4             db 0BAh
seg000:07C5             db  2Ah ; *
seg000:07C6             db 0FFh
seg000:07C7             db 0D1h
seg000:07C8             db 0E3h
seg000:07C9             db 0FFh
seg000:07CA             db 0B7h
seg000:07CB             db  92h
seg000:07CC             db    8
seg000:07CD             db  8Dh
seg000:07CE             db  46h ; F
seg000:07CF             db  96h
seg000:07D0             db  50h ; P
seg000:07D1             db 0E8h
seg000:07D2             db  62h ; b
seg000:07D3             db  0Eh
seg000:07D4             db  83h
seg000:07D5             db 0C4h
seg000:07D6             db    4
seg000:07D7             db  8Dh
seg000:07D8             db  46h ; F
seg000:07D9             db  96h
seg000:07DA             db  50h ; P
seg000:07DB             db 0FFh
seg000:07DC             db  36h ; 6
seg000:07DD             db  18h
seg000:07DE             db  16h
seg000:07DF             db 0FFh
seg000:07E0             db  36h ; 6
seg000:07E1             db  16h
seg000:07E2             db  16h
seg000:07E3             db 0E8h
seg000:07E4             db  6Bh ; k
seg000:07E5             db  0Eh
seg000:07E6             db  83h
seg000:07E7             db 0C4h
seg000:07E8             db    6
seg000:07E9             db 0C6h
seg000:07EA             db  46h ; F
seg000:07EB             db 0C2h
seg000:07EC             db    0
seg000:07ED             db  8Ah
seg000:07EE             db  46h ; F
seg000:07EF             db 0BAh
seg000:07F0             db  2Ah ; *
seg000:07F1             db 0E4h
seg000:07F2             db  2Dh ; -
seg000:07F3             db  31h ; 1
seg000:07F4             db    0
seg000:07F5             db  3Dh ; =
seg000:07F6             db    4
seg000:07F7             db    0
seg000:07F8             db  75h ; u
seg000:07F9             db  9Ah
seg000:07FA             db 0C4h
seg000:07FB             db  1Eh
seg000:07FC             db  16h
seg000:07FD             db  16h
seg000:07FE             db 0B8h
seg000:07FF             db    1
seg000:0800             db    0
seg000:0801             db  26h ; &
seg000:0802             db  89h
seg000:0803             db  47h ; G
seg000:0804             db  24h ; $
seg000:0805             db 0A2h
seg000:0806             db  14h
seg000:0807             db  14h
seg000:0808             db 0EBh
seg000:0809             db  8Ah
seg000:080A
seg000:080A loc_1080A:                              ; CODE XREF: sub_102FC+3CE↑j
seg000:080A             sub     ax, ax              ; CODE XREF: sub_102FC+3CE↑j
seg000:080C             push    ax
seg000:080D             mov     ax, 9
seg000:0810             push    ax
seg000:0811             db 0E8h
seg000:0812 sub_102FC       endp
seg000:0812
seg000:0812
seg000:0812 ; =============== S U B R O U T I N E =======================================
seg000:0812
seg000:0812
seg000:0812 B$SETCLR        proc near
seg000:0812             call    word_18B15
seg000:0815             les     ax, [si]
seg000:0817             mov     byte ptr [bp-44h], 1
seg000:081B
seg000:081B loc_1081B:                              ; CODE XREF: B$SETCLR+1A↓j
seg000:081B             push    word_138BE          ; CODE XREF: B$SETCLR+1A↓j
seg000:081F             call    sub_118FB
seg000:0822             add     sp, 2
seg000:0825             inc     byte ptr [bp-44h]
seg000:0828             cmp     byte ptr [bp-44h], 0Eh
seg000:082C             jbe     short loc_1081B
seg000:082E             cmp     byte ptr [bp-56h], 1
seg000:0832             jne     short loc_1086A
seg000:0834             cmp     byte ptr [bp-6Ah], 54h
seg000:0838             je      short loc_10840
seg000:083A             cmp     byte ptr [bp-6Ah], 74h
seg000:083E             jne     short loc_10846
seg000:0840
seg000:0840 loc_10840:                              ; CODE XREF: B$SETCLR+26↑j
seg000:0840             mov     ax, 8C9h            ; CODE XREF: B$SETCLR+26↑j
seg000:0843             jmp     short loc_10849
seg000:0845             nop
seg000:0846
seg000:0846 loc_10846:                              ; CODE XREF: B$SETCLR+2C↑j
seg000:0846             mov     ax, 8D4h            ; CODE XREF: B$SETCLR+2C↑j
seg000:0849
seg000:0849 loc_10849:                              ; CODE XREF: B$SETCLR+31↑j
seg000:0849             push    ax                  ; CODE XREF: B$SETCLR+31↑j
seg000:084A             lea     ax, [bp-54h]
seg000:084D             push    ax
seg000:084E             call    sub_11636
seg000:0851             add     sp, 4
seg000:0854             lea     ax, [bp-54h]
seg000:0857             push    ax
seg000:0858             mov     ax, word_145D6
seg000:085B             mov     dx, seg_145D8
seg000:085F             add     ax, 0Dh
seg000:0862             push    dx
seg000:0863             push    ax
seg000:0864             call    sub_11651
seg000:0867             add     sp, 6
seg000:086A
seg000:086A loc_1086A:                              ; CODE XREF: B$SETCLR+20↑j
seg000:086A             sub     ax, ax              ; CODE XREF: B$SETCLR+20↑j
seg000:086C             push    ax
seg000:086D             mov     ax, 0Dh
seg000:0870             push    ax
seg000:0871             call    sub_108FC
seg000:0874             add     sp, 4
seg000:0877             mov     byte ptr [bp-44h], 1
seg000:087B
seg000:087B loc_1087B:                              ; CODE XREF: B$SETCLR+7A↓j
seg000:087B             push    word_138BE          ; CODE XREF: B$SETCLR+7A↓j
seg000:087F             call    sub_118FB
seg000:0882             add     sp, 2
seg000:0885             inc     byte ptr [bp-44h]
seg000:0888             cmp     byte ptr [bp-44h], 7
seg000:088C             jbe     short loc_1087B
seg000:088E             mov     ax, 8DFh
seg000:0891             push    ax
seg000:0892             mov     ax, 1Dh
seg000:0895             push    ax
seg000:0896             mov     ax, 10h
seg000:0899             push    ax
seg000:089A             call    sub_118B0
seg000:089D             add     sp, 6
seg000:08A0             call    sub_1106F
seg000:08A3             les     bx, word_145D6
seg000:08A7             mov     ax, word_138C4
seg000:08AA             mov     es:[bx+2Ah], ax
seg000:08AE             les     bx, word_145D6
seg000:08B2             mov     word ptr es:[bx+26h], 1
seg000:08B8             les     bx, word_145D6
seg000:08BC             mov     al, byte_143D4
seg000:08BF             sub     ah, ah
seg000:08C1             mov     es:[bx+30h], ax
seg000:08C5             push    [bp-5Ah]
seg000:08C8             call    sub_11012
seg000:08CB             add     sp, 2
seg000:08CE             mov     ax, 24h
seg000:08D1             push    ax
seg000:08D2             call    sub_11A7E
seg000:08D5             add     sp, 2
seg000:08D8             pop     si
seg000:08D9             pop     di
seg000:08DA             mov     sp, bp
seg000:08DC             pop     bp
seg000:08DD             retn
seg000:08DE B$SETCLR        endp
seg000:08DE
seg000:08DE
seg000:08DE ; =============== S U B R O U T I N E =======================================
seg000:08DE
seg000:08DE
seg000:08DE sub_108DE       proc near               ; CODE XREF: sub_102FC+2A6↑p
seg000:08DE             cmp     byte ptr byte_13C08, 0; CODE XREF: sub_102FC+2A6↑p
seg000:08E3             je      short loc_108FB
seg000:08E5             call    sub_1106F
seg000:08E8             cmp     byte ptr byte_13EB1, 1
seg000:08ED             jne     short loc_108F2
seg000:08EF             call    sub_113F0
seg000:08F2
seg000:08F2 loc_108F2:                              ; CODE XREF: sub_108DE+F↑j
seg000:08F2             sub     ax, ax              ; CODE XREF: sub_108DE+F↑j
seg000:08F4             push    ax
seg000:08F5             call    sub_11A7E
seg000:08F8             add     sp, 2
seg000:08FB
seg000:08FB loc_108FB:                              ; CODE XREF: sub_108DE+5↑j
seg000:08FB             retn                        ; CODE XREF: sub_108DE+5↑j
seg000:08FC sub_108DE       endp
seg000:08FC
seg000:08FC
seg000:08FC ; =============== S U B R O U T I N E =======================================
seg000:08FC
seg000:08FC
seg000:08FC sub_108FC       proc near               ; CODE XREF: sub_10010+1E1↑p
seg000:08FC                                         ; B$SETCLR+5F↑p
seg000:08FC             push    bp                  ; CODE XREF: sub_10010+1E1↑p
seg000:08FC                                         ; B$SETCLR+5F↑p
seg000:08FD             mov     bp, sp
seg000:08FF             mov     byte ptr byte_141B5, 2
seg000:0904             mov     byte ptr byte_141B7, 0
seg000:0909             mov     al, [bp+4]
seg000:090C             mov     byte_141BB, al
seg000:090F             mov     al, [bp+6]
seg000:0912             mov     byte_141BA, al
seg000:0915             mov     ax, 11F4h
seg000:0918             push    ax
seg000:0919             push    ax
seg000:091A             mov     ax, 10h
seg000:091D             push    ax
seg000:091E             call    sub_11779
seg000:0921             add     sp, 6
seg000:0924             pop     bp
seg000:0925             retn
seg000:0926             push    bp
seg000:0927             mov     bp, sp
seg000:0929             mov     bx, word ptr [bp+4]
seg000:092C             mov     ax, word ptr [bp+0Ah]
seg000:092F             mov     word_12FC8[bx], ax
seg000:0932             mov     bx, word ptr [bp+4]
seg000:0935             mov     ax, word ptr [bp+0Ch]
seg000:0938             mov     word_12FCA[bx], ax
seg000:093B             push    [bp+8]
seg000:093E             push    [bp+6]
seg000:0941             push    [bp+4]
seg000:0944             call    sub_10971
seg000:0947             add     sp, 6
seg000:094A             pop     bp
seg000:094B             retn
seg000:094C             push    bp
seg000:094D             mov     bp, sp
seg000:094F             mov     bx, word ptr [bp+4]
seg000:0952             mov     ax, word ptr [bp+8]
seg000:0955             mov     word_12FC8[bx], ax
seg000:0958             mov     bx, word ptr [bp+4]
seg000:095B             mov     ax, word ptr [bp+0Ah]
seg000:095E             mov     word_12FCA[bx], ax
seg000:0961             push    [bp+6]
seg000:0964             push    [bp+4]
seg000:0967             call    far ptr 2FCh:0A3Fh
seg000:096C             add     sp, 4
seg000:096F             pop     bp
seg000:0970             retn
seg000:0971 sub_108FC       endp
seg000:0971
seg000:0971
seg000:0971 ; =============== S U B R O U T I N E =======================================
seg000:0971
seg000:0971
seg000:0971 sub_10971       proc near               ; CODE XREF: sub_108FC+48↑p
seg000:0971             push    bp                  ; CODE XREF: sub_108FC+48↑p
seg000:0972             mov     bp, sp
seg000:0974             sub     sp, 0C8h
seg000:0978             push    [bp+8]
seg000:097B             push    [bp+6]
seg000:097E             lea     ax, [bp-0C8h]
seg000:0982             push    ax
seg000:0983             call    sub_11668
seg000:0986             add     sp, 6
seg000:0989             lea     ax, [bp-0C8h]
seg000:098D             push    ax
seg000:098E             push    [bp+4]
seg000:0991             call    far ptr 2FCh:0A3Fh
seg000:0996             mov     sp, bp
seg000:0998             pop     bp
seg000:0999             retn
seg000:099A             push    bp
seg000:099B             mov     bp, sp
seg000:099D             sub     sp, 20Eh
seg000:09A1             push    si
seg000:09A2             mov     ax, word ptr [bp+6]
seg000:09A5             mov     dx, word ptr [bp+8]
seg000:09A8             mov     word ptr [bp-14h], ax
seg000:09AB             mov     word ptr [bp-12h], dx
seg000:09AE             mov     word ptr [bp-6], ax
seg000:09B1             mov     word ptr [bp-4], dx
seg000:09B4             mov     word ptr [bp-0Ah], ax
seg000:09B7             mov     word ptr [bp-8], dx
seg000:09BA             mov     bx, word ptr [bp+4]
seg000:09BD             mov     ax, word_12FCC[bx]
seg000:09C0             mov     word ptr [bp-2], ax
seg000:09C3             mov     ax, word ptr [bp+0Eh]
seg000:09C6             mov     word_12FCA[bx], ax
seg000:09C9             mov     byte ptr [bp-16h], 1
seg000:09CD
seg000:09CD loc_109CD:                              ; CODE XREF: sub_10971+172↓j
seg000:09CD             sub     ax, ax              ; CODE XREF: sub_10971+172↓j
seg000:09CF             mov     word ptr [bp-0Ch], ax
seg000:09D2             mov     word ptr [bp-18h], ax
seg000:09D5             jmp     short loc_10A06
seg000:09D7 ; ---------------------------------------------------------------------------
seg000:09D7
seg000:09D7 loc_109D7:                              ; CODE XREF: sub_10971+9B↓j
seg000:09D7             les     bx, [bp-0Ah]        ; CODE XREF: sub_10971+9B↓j
seg000:09DA             mov     al, es:[bx]
seg000:09DD             mov     [bp-20Eh], al
seg000:09E1             or      al, al
seg000:09E3             je      short loc_10A0E
seg000:09E5             cmp     al, 0Dh
seg000:09E7             je      short loc_10A0E
seg000:09E9             cmp     al, 0Ah
seg000:09EB             je      short loc_10A0E
seg000:09ED             push    [bp-2]
seg000:09F0             inc     word ptr [bp-0Ah]
seg000:09F3             mov     al, es:[bx]
seg000:09F6             cbw
seg000:09F7             push    ax
seg000:09F8             call    far ptr 2FCh:0B11h
seg000:09FD             add     sp, 4
seg000:0A00             add     word ptr [bp-18h], ax
seg000:0A03             inc     word ptr [bp-0Ch]
seg000:0A06
seg000:0A06 loc_10A06:                              ; CODE XREF: sub_10971+64↑j
seg000:0A06             mov     ax, word ptr [bp+0Ah]; CODE XREF: sub_10971+64↑j
seg000:0A09             cmp     word ptr [bp-18h], ax
seg000:0A0C             jb      short loc_109D7
seg000:0A0E
seg000:0A0E loc_10A0E:                              ; CODE XREF: sub_10971+72↑j
seg000:0A0E                                         ; sub_10971+76↑j ...
seg000:0A0E             mov     ax, word ptr [bp+0Ah]; CODE XREF: sub_10971+72↑j
seg000:0A0E                                         ; sub_10971+76↑j ...
seg000:0A11             cmp     word ptr [bp-18h], ax
seg000:0A14             jb      short loc_10A45
seg000:0A16             jmp     short loc_10A3F
seg000:0A18 ; ---------------------------------------------------------------------------
seg000:0A18
seg000:0A18 loc_10A18:                              ; CODE XREF: sub_10971+E0↓j
seg000:0A18             cmp     byte ptr [bp-20Eh], 0; CODE XREF: sub_10971+E0↓j
seg000:0A1D             je      short loc_10A53
seg000:0A1F             cmp     byte ptr [bp-20Eh], 0Dh
seg000:0A24             je      short loc_10A53
seg000:0A26             cmp     byte ptr [bp-20Eh], 0Ah
seg000:0A2B             je      short loc_10A53
seg000:0A2D             cmp     byte ptr [bp-20Eh], 2Dh
seg000:0A32             je      short loc_10A53
seg000:0A34             mov     ax, word ptr [bp-14h]
seg000:0A37             mov     dx, word ptr [bp-12h]
seg000:0A3A             cmp     word ptr [bp-0Ah], ax
seg000:0A3D             jbe     short loc_10A53
seg000:0A3F
seg000:0A3F loc_10A3F:                              ; CODE XREF: sub_10971+A5↑j
seg000:0A3F             dec     word ptr [bp-0Ah]   ; CODE XREF: sub_10971+A5↑j
seg000:0A42             dec     word ptr [bp-0Ch]
seg000:0A45
seg000:0A45 loc_10A45:                              ; CODE XREF: sub_10971+A3↑j
seg000:0A45             les     bx, [bp-0Ah]        ; CODE XREF: sub_10971+A3↑j
seg000:0A48             mov     al, es:[bx]
seg000:0A4B             mov     [bp-20Eh], al
seg000:0A4F             cmp     al, 20h
seg000:0A51             jne     short loc_10A18
seg000:0A53
seg000:0A53 loc_10A53:                              ; CODE XREF: sub_10971+AC↑j
seg000:0A53                                         ; sub_10971+B3↑j ...
seg000:0A53             les     bx, [bp-0Ah]        ; CODE XREF: sub_10971+AC↑j
seg000:0A53                                         ; sub_10971+B3↑j ...
seg000:0A56             cmp     byte ptr es:[bx], 2Dh
seg000:0A5A             jne     short loc_10A64
seg000:0A5C             inc     word ptr [bp-0Ch]
seg000:0A5F             jmp     short loc_10A64
seg000:0A61 ; ---------------------------------------------------------------------------
seg000:0A61
seg000:0A61 loc_10A61:                              ; CODE XREF: sub_10971+FA↓j
seg000:0A61             inc     word ptr [bp-6]     ; CODE XREF: sub_10971+FA↓j
seg000:0A64
seg000:0A64 loc_10A64:                              ; CODE XREF: sub_10971+E9↑j
seg000:0A64                                         ; sub_10971+EE↑j
seg000:0A64             les     bx, [bp-6]          ; CODE XREF: sub_10971+E9↑j
seg000:0A64                                         ; sub_10971+EE↑j
seg000:0A67             cmp     byte ptr es:[bx], 20h
seg000:0A6B             je      short loc_10A61
seg000:0A6D             les     bx, [bp-0Ah]
seg000:0A70             cmp     byte ptr es:[bx], 0
seg000:0A74             jne     short loc_10A7A
seg000:0A76             mov     byte ptr [bp-16h], 0
seg000:0A7A
seg000:0A7A loc_10A7A:                              ; CODE XREF: sub_10971+103↑j
seg000:0A7A             cmp     word ptr [bp-0Ch], 0; CODE XREF: sub_10971+103↑j
seg000:0A7E             je      short loc_10ACE
seg000:0A80             push    [bp-0Ch]
seg000:0A83             push    [bp-4]
seg000:0A86             push    [bp-6]
seg000:0A89             lea     ax, [bp-20Ch]
seg000:0A8D             push    ax
seg000:0A8E             call    sub_11732
seg000:0A91             add     sp, 8
seg000:0A94             mov     si, word ptr [bp-0Ch]
seg000:0A97             mov     byte ptr [bp-20Ch+si], 0
seg000:0A9C             mov     bx, word ptr [bp+4]
seg000:0A9F             mov     ax, word ptr [bp+0Ch]
seg000:0AA2             mov     word_12FC8[bx], ax
seg000:0AA5             lea     ax, [bp-20Ch]
seg000:0AA9             push    ax
seg000:0AAA             push    [bp+4]
seg000:0AAD             call    far ptr 2FCh:0A3Fh
seg000:0AB2             add     sp, 4
seg000:0AB5             mov     bx, word ptr [bp+4]
seg000:0AB8             mov     ax, word ptr [bp+10h]
seg000:0ABB             add     word_12FCA[bx], ax
seg000:0ABE             les     bx, [bp-0Ah]
seg000:0AC1             cmp     byte ptr es:[bx], 0Dh
seg000:0AC5             jne     short loc_10ACE
seg000:0AC7             mov     bx, word ptr [bp+4]
seg000:0ACA             add     word ptr word_12FCA[bx], 2
seg000:0ACE
seg000:0ACE loc_10ACE:                              ; CODE XREF: sub_10971+10D↑j
seg000:0ACE                                         ; sub_10971+154↑j
seg000:0ACE             inc     word ptr [bp-0Ah]   ; CODE XREF: sub_10971+10D↑j
seg000:0ACE                                         ; sub_10971+154↑j
seg000:0AD1             mov     ax, word ptr [bp-0Ah]
seg000:0AD4             mov     dx, word ptr [bp-8]
seg000:0AD7             mov     word ptr [bp-6], ax
seg000:0ADA             mov     word ptr [bp-4], dx
seg000:0ADD             cmp     byte ptr [bp-16h], 0
seg000:0AE1             je      short loc_10AE6
seg000:0AE3             jmp     loc_109CD
seg000:0AE6 ; ---------------------------------------------------------------------------
seg000:0AE6
seg000:0AE6 loc_10AE6:                              ; CODE XREF: sub_10971+170↑j
seg000:0AE6             pop     si                  ; CODE XREF: sub_10971+170↑j
seg000:0AE7             mov     sp, bp
seg000:0AE9             pop     bp
seg000:0AEA             retn
seg000:0AEB             push    bp
seg000:0AEC             mov     bp, sp
seg000:0AEE             sub     sp, 3FAh
seg000:0AF2             push    si
seg000:0AF3             mov     ax, word ptr [bp+6]
seg000:0AF6             mov     word ptr [bp-0Ch], ax
seg000:0AF9             mov     word ptr [bp-4], ax
seg000:0AFC             mov     word ptr [bp-6], ax
seg000:0AFF             mov     bx, word ptr [bp+4]
seg000:0B02             mov     ax, word_12FCC[bx]
seg000:0B05             mov     word ptr [bp-2], ax
seg000:0B08             mov     ax, word ptr [bp+0Ch]
seg000:0B0B             mov     word_12FCA[bx], ax
seg000:0B0E             mov     byte ptr [bp-0Eh], 1
seg000:0B12
seg000:0B12 loc_10B12:                              ; CODE XREF: sub_10971+295↓j
seg000:0B12             sub     ax, ax              ; CODE XREF: sub_10971+295↓j
seg000:0B14             mov     word ptr [bp-8], ax
seg000:0B17             mov     word ptr [bp-10h], ax
seg000:0B1A             jmp     short loc_10B4A
seg000:0B1C ; ---------------------------------------------------------------------------
seg000:0B1C
seg000:0B1C loc_10B1C:                              ; CODE XREF: sub_10971+1DF↓j
seg000:0B1C             mov     bx, word ptr [bp-6] ; CODE XREF: sub_10971+1DF↓j
seg000:0B1F             mov     al, [bx]
seg000:0B21             mov     [bp-3FAh], al
seg000:0B25             or      al, al
seg000:0B27             je      short loc_10B52
seg000:0B29             cmp     al, 0Dh
seg000:0B2B             je      short loc_10B52
seg000:0B2D             cmp     al, 0Ah
seg000:0B2F             je      short loc_10B52
seg000:0B31             push    [bp-2]
seg000:0B34             inc     word ptr [bp-6]
seg000:0B37             mov     al, [bx]
seg000:0B39             sub     ah, ah
seg000:0B3B             push    ax
seg000:0B3C             call    far ptr 2FCh:0B11h
seg000:0B41             add     sp, 4
seg000:0B44             add     word ptr [bp-10h], ax
seg000:0B47             inc     word ptr [bp-8]
seg000:0B4A
seg000:0B4A loc_10B4A:                              ; CODE XREF: sub_10971+1A9↑j
seg000:0B4A             mov     ax, word ptr [bp+8] ; CODE XREF: sub_10971+1A9↑j
seg000:0B4D             cmp     word ptr [bp-10h], ax
seg000:0B50             jb      short loc_10B1C
seg000:0B52
seg000:0B52 loc_10B52:                              ; CODE XREF: sub_10971+1B6↑j
seg000:0B52                                         ; sub_10971+1BA↑j ...
seg000:0B52             mov     ax, word ptr [bp+8] ; CODE XREF: sub_10971+1B6↑j
seg000:0B52                                         ; sub_10971+1BA↑j ...
seg000:0B55             cmp     word ptr [bp-10h], ax
seg000:0B58             jb      short loc_10B86
seg000:0B5A             jmp     short loc_10B80
seg000:0B5C ; ---------------------------------------------------------------------------
seg000:0B5C
seg000:0B5C loc_10B5C:                              ; CODE XREF: sub_10971+220↓j
seg000:0B5C             cmp     byte ptr [bp-3FAh], 0; CODE XREF: sub_10971+220↓j
seg000:0B61             je      short loc_10B93
seg000:0B63             cmp     byte ptr [bp-3FAh], 0Dh
seg000:0B68             je      short loc_10B93
seg000:0B6A             cmp     byte ptr [bp-3FAh], 0Ah
seg000:0B6F             je      short loc_10B93
seg000:0B71             cmp     byte ptr [bp-3FAh], 2Dh
seg000:0B76             je      short loc_10B93
seg000:0B78             mov     ax, word ptr [bp-0Ch]
seg000:0B7B             cmp     word ptr [bp-6], ax
seg000:0B7E             jbe     short loc_10B93
seg000:0B80
seg000:0B80 loc_10B80:                              ; CODE XREF: sub_10971+1E9↑j
seg000:0B80             dec     word ptr [bp-6]     ; CODE XREF: sub_10971+1E9↑j
seg000:0B83             dec     word ptr [bp-8]
seg000:0B86
seg000:0B86 loc_10B86:                              ; CODE XREF: sub_10971+1E7↑j
seg000:0B86             mov     bx, word ptr [bp-6] ; CODE XREF: sub_10971+1E7↑j
seg000:0B89             mov     al, [bx]
seg000:0B8B             mov     [bp-3FAh], al
seg000:0B8F             cmp     al, 20h
seg000:0B91             jne     short loc_10B5C
seg000:0B93
seg000:0B93 loc_10B93:                              ; CODE XREF: sub_10971+1F0↑j
seg000:0B93                                         ; sub_10971+1F7↑j ...
seg000:0B93             mov     bx, word ptr [bp-6] ; CODE XREF: sub_10971+1F0↑j
seg000:0B93                                         ; sub_10971+1F7↑j ...
seg000:0B96             cmp     byte ptr [bx], 2Dh
seg000:0B99             jne     short loc_10B9E
seg000:0B9B             inc     word ptr [bp-8]
seg000:0B9E
seg000:0B9E loc_10B9E:                              ; CODE XREF: sub_10971+228↑j
seg000:0B9E             cmp     byte ptr [bx], 0    ; CODE XREF: sub_10971+228↑j
seg000:0BA1             jne     short loc_10BA7
seg000:0BA3             mov     byte ptr [bp-0Eh], 0
seg000:0BA7
seg000:0BA7 loc_10BA7:                              ; CODE XREF: sub_10971+230↑j
seg000:0BA7             cmp     word ptr [bp-8], 0  ; CODE XREF: sub_10971+230↑j
seg000:0BAB             je      short loc_10BF7
seg000:0BAD             push    [bp-8]
seg000:0BB0             push    [bp-4]
seg000:0BB3             lea     ax, [bp-3F8h]
seg000:0BB7             push    ax
seg000:0BB8             call    sub_11714
seg000:0BBB             add     sp, 6
seg000:0BBE             mov     si, word ptr [bp-8]
seg000:0BC1             mov     byte ptr [bp-3F8h+si], 0
seg000:0BC6             mov     bx, word ptr [bp+4]
seg000:0BC9             mov     ax, word ptr [bp+0Ah]
seg000:0BCC             mov     word_12FC8[bx], ax
seg000:0BCF             lea     ax, [bp-3F8h]
seg000:0BD3             push    ax
seg000:0BD4             push    [bp+4]
seg000:0BD7             call    far ptr 2FCh:0A3Fh
seg000:0BDC             add     sp, 4
seg000:0BDF             mov     bx, word ptr [bp+4]
seg000:0BE2             mov     ax, word ptr [bp+0Eh]
seg000:0BE5             add     word_12FCA[bx], ax
seg000:0BE8             mov     bx, word ptr [bp-6]
seg000:0BEB             cmp     byte ptr [bx], 0Dh
seg000:0BEE             jne     short loc_10BF7
seg000:0BF0             mov     bx, word ptr [bp+4]
seg000:0BF3             add     word ptr word_12FCA[bx], 2
seg000:0BF7
seg000:0BF7 loc_10BF7:                              ; CODE XREF: sub_10971+23A↑j
seg000:0BF7                                         ; sub_10971+27D↑j
seg000:0BF7             inc     word ptr [bp-6]     ; CODE XREF: sub_10971+23A↑j
seg000:0BF7                                         ; sub_10971+27D↑j
seg000:0BFA             mov     ax, word ptr [bp-6]
seg000:0BFD             mov     word ptr [bp-4], ax
seg000:0C00             cmp     byte ptr [bp-0Eh], 0
seg000:0C04             je      short loc_10C09
seg000:0C06             jmp     loc_10B12
seg000:0C09 ; ---------------------------------------------------------------------------
seg000:0C09
seg000:0C09 loc_10C09:                              ; CODE XREF: sub_10971+293↑j
seg000:0C09             pop     si                  ; CODE XREF: sub_10971+293↑j
seg000:0C0A             mov     sp, bp
seg000:0C0C             pop     bp
seg000:0C0D             retn
seg000:0C0E             push    bp
seg000:0C0F             mov     bp, sp
seg000:0C11             sub     sp, 6
seg000:0C14             mov     ax, word ptr [bp+6]
seg000:0C17             mov     word ptr [bp-4], ax
seg000:0C1A             mov     bx, word ptr [bp+4]
seg000:0C1D             mov     ax, word_12FCC[bx]
seg000:0C20             mov     word ptr [bp-2], ax
seg000:0C23             mov     word ptr [bp-6], 0
seg000:0C28             jmp     short loc_10C43
seg000:0C2A ; ---------------------------------------------------------------------------
seg000:0C2A
seg000:0C2A loc_10C2A:                              ; CODE XREF: sub_10971+2D8↓j
seg000:0C2A             push    [bp-2]              ; CODE XREF: sub_10971+2D8↓j
seg000:0C2D             mov     bx, word ptr [bp-4]
seg000:0C30             inc     word ptr [bp-4]
seg000:0C33             mov     al, [bx]
seg000:0C35             sub     ah, ah
seg000:0C37             push    ax
seg000:0C38             call    far ptr 2FCh:0B11h
seg000:0C3D             add     sp, 4
seg000:0C40             add     word ptr [bp-6], ax
seg000:0C43
seg000:0C43 loc_10C43:                              ; CODE XREF: sub_10971+2B7↑j
seg000:0C43             mov     bx, word ptr [bp-4] ; CODE XREF: sub_10971+2B7↑j
seg000:0C46             cmp     byte ptr [bx], 0
seg000:0C49             jne     short loc_10C2A
seg000:0C4B             mov     ax, word ptr [bp-6]
seg000:0C4E             mov     sp, bp
seg000:0C50             pop     bp
seg000:0C51             retn
seg000:0C52             push    bp
seg000:0C53             mov     bp, sp
seg000:0C55             sub     sp, 0Ch
seg000:0C58             push    si
seg000:0C59             mov     ax, word ptr [bp+8]
seg000:0C5C             mov     word ptr [bp-8], ax
seg000:0C5F             cmp     word ptr [bp+6], 0
seg000:0C63             jge     short loc_10C81
seg000:0C65             mov     ax, word ptr [bp+4]
seg000:0C68             mov     dx, word ptr [bp+6]
seg000:0C6B             neg     ax
seg000:0C6D             adc     dx, 0
seg000:0C70             neg     dx
seg000:0C72             mov     word ptr [bp+4], ax
seg000:0C75             mov     word ptr [bp+6], dx
seg000:0C78             mov     bx, word ptr [bp-8]
seg000:0C7B             mov     byte ptr [bx], 2Dh
seg000:0C7E             inc     word ptr [bp-8]
seg000:0C81
seg000:0C81 loc_10C81:                              ; CODE XREF: sub_10971+2F2↑j
seg000:0C81             mov     ax, 0Ah             ; CODE XREF: sub_10971+2F2↑j
seg000:0C84             cwd
seg000:0C85             push    dx
seg000:0C86             push    ax
seg000:0C87             push    [bp+6]
seg000:0C8A             push    [bp+4]
seg000:0C8D             call    aNlrem
seg000:0C90             mov     [bp-6], al
seg000:0C93             mov     ax, 0Ah
seg000:0C96             cwd
seg000:0C97             push    dx
seg000:0C98             push    ax
seg000:0C99             lea     ax, [bp+4]
seg000:0C9C             push    ax
seg000:0C9D             call    sub_11D56
seg000:0CA0             mov     ax, 0Ah
seg000:0CA3             cwd
seg000:0CA4             push    dx
seg000:0CA5             push    ax
seg000:0CA6             push    [bp+6]
seg000:0CA9             push    [bp+4]
seg000:0CAC             call    aNlrem
seg000:0CAF             mov     [bp-5], al
seg000:0CB2             mov     ax, 0Ah
seg000:0CB5             cwd
seg000:0CB6             push    dx
seg000:0CB7             push    ax
seg000:0CB8             lea     ax, [bp+4]
seg000:0CBB             push    ax
seg000:0CBC             call    sub_11D56
seg000:0CBF             mov     ax, 0Ah
seg000:0CC2             cwd
seg000:0CC3             push    dx
seg000:0CC4             push    ax
seg000:0CC5             push    [bp+6]
seg000:0CC8             push    [bp+4]
seg000:0CCB             call    aNlrem
seg000:0CCE             mov     [bp-4], al
seg000:0CD1             mov     ax, 0Ah
seg000:0CD4             cwd
seg000:0CD5             push    dx
seg000:0CD6             push    ax
seg000:0CD7             lea     ax, [bp+4]
seg000:0CDA             push    ax
seg000:0CDB             call    sub_11D56
seg000:0CDE             mov     ax, 0Ah
seg000:0CE1             cwd
seg000:0CE2             push    dx
seg000:0CE3             push    ax
seg000:0CE4             push    [bp+6]
seg000:0CE7             push    [bp+4]
seg000:0CEA             call    aNlrem
seg000:0CED             mov     [bp-3], al
seg000:0CF0             mov     ax, 0Ah
seg000:0CF3             cwd
seg000:0CF4             push    dx
seg000:0CF5             push    ax
seg000:0CF6             lea     ax, [bp+4]
seg000:0CF9             push    ax
seg000:0CFA             call    sub_11D56
seg000:0CFD             mov     ax, 0Ah
seg000:0D00             cwd
seg000:0D01             push    dx
seg000:0D02             push    ax
seg000:0D03             push    [bp+6]
seg000:0D06             push    [bp+4]
seg000:0D09             call    aNlrem
seg000:0D0C             mov     [bp-2], al
seg000:0D0F             mov     ax, 0Ah
seg000:0D12             cwd
seg000:0D13             push    dx
seg000:0D14             push    ax
seg000:0D15             lea     ax, [bp+4]
seg000:0D18             push    ax
seg000:0D19             call    sub_11D56
seg000:0D1C             mov     ax, 0Ah
seg000:0D1F             cwd
seg000:0D20             push    dx
seg000:0D21             push    ax
seg000:0D22             push    [bp+6]
seg000:0D25             push    [bp+4]
seg000:0D28             call    aNlrem
seg000:0D2B             mov     [bp-1], al
seg000:0D2E             mov     byte ptr [bp-0Ah], 0
seg000:0D32             mov     byte ptr [bp-0Ch], 5
seg000:0D36             jmp     short loc_10D3B
seg000:0D38 ; ---------------------------------------------------------------------------
seg000:0D38
seg000:0D38 loc_10D38:                              ; CODE XREF: sub_10971+3DA↓j
seg000:0D38             dec     byte ptr [bp-0Ch]   ; CODE XREF: sub_10971+3DA↓j
seg000:0D3B
seg000:0D3B loc_10D3B:                              ; CODE XREF: sub_10971+3C5↑j
seg000:0D3B             cmp     byte ptr [bp-0Ch], 0; CODE XREF: sub_10971+3C5↑j
seg000:0D3F             jle     short loc_10D4D
seg000:0D41             mov     al, [bp-0Ch]
seg000:0D44             cbw
seg000:0D45             mov     si, ax
seg000:0D47             cmp     byte ptr [bp-6+si], 0
seg000:0D4B             je      short loc_10D38
seg000:0D4D
seg000:0D4D loc_10D4D:                              ; CODE XREF: sub_10971+3CE↑j
seg000:0D4D                                         ; sub_10971+40B↓j
seg000:0D4D             cmp     byte ptr [bp-0Ch], 2; CODE XREF: sub_10971+3CE↑j
seg000:0D4D                                         ; sub_10971+40B↓j
seg000:0D51             jne     short loc_10D62
seg000:0D53             cmp     byte ptr [bp-0Ah], 1
seg000:0D57             jne     short loc_10D62
seg000:0D59             mov     bx, word ptr [bp-8]
seg000:0D5C             mov     byte ptr [bx], 2Ch
seg000:0D5F             inc     word ptr [bp-8]
seg000:0D62
seg000:0D62 loc_10D62:                              ; CODE XREF: sub_10971+3E0↑j
seg000:0D62                                         ; sub_10971+3E6↑j
seg000:0D62             mov     al, [bp-0Ch]        ; CODE XREF: sub_10971+3E0↑j
seg000:0D62                                         ; sub_10971+3E6↑j
seg000:0D65             cbw
seg000:0D66             mov     si, ax
seg000:0D68             mov     al, [bp-6+si]
seg000:0D6B             add     al, 30h
seg000:0D6D             mov     bx, word ptr [bp-8]
seg000:0D70             mov     [bx], al
seg000:0D72             mov     byte ptr [bp-0Ah], 1
seg000:0D76             inc     word ptr [bp-8]
seg000:0D79             dec     byte ptr [bp-0Ch]
seg000:0D7C             jns     short loc_10D4D
seg000:0D7E             mov     bx, word ptr [bp-8]
seg000:0D81             mov     byte ptr [bx], 0
seg000:0D84             pop     si
seg000:0D85             mov     sp, bp
seg000:0D87             pop     bp
seg000:0D88             retn
seg000:0D89             push    bp
seg000:0D8A             mov     bp, sp
seg000:0D8C             sub     sp, 0Ch
seg000:0D8F             push    si
seg000:0D90             mov     ax, word ptr [bp+6]
seg000:0D93             mov     word ptr [bp-8], ax
seg000:0D96             cmp     word ptr [bp+4], 0
seg000:0D9A             jge     short loc_10DAD
seg000:0D9C             mov     ax, word ptr [bp+4]
seg000:0D9F             neg     ax
seg000:0DA1             mov     word ptr [bp+4], ax
seg000:0DA4             mov     bx, word ptr [bp-8]
seg000:0DA7             mov     byte ptr [bx], 2Dh
seg000:0DAA             inc     word ptr [bp-8]
seg000:0DAD
seg000:0DAD loc_10DAD:                              ; CODE XREF: sub_10971+429↑j
seg000:0DAD             mov     ax, word ptr [bp+4] ; CODE XREF: sub_10971+429↑j
seg000:0DB0             cwd
seg000:0DB1             mov     cx, 0Ah
seg000:0DB4             idiv    cx
seg000:0DB6             mov     [bp-6], dl
seg000:0DB9             mov     ax, word ptr [bp+4]
seg000:0DBC             cwd
seg000:0DBD             idiv    cx
seg000:0DBF             mov     word ptr [bp+4], ax
seg000:0DC2             cwd
seg000:0DC3             idiv    cx
seg000:0DC5             mov     [bp-5], dl
seg000:0DC8             mov     ax, word ptr [bp+4]
seg000:0DCB             cwd
seg000:0DCC             idiv    cx
seg000:0DCE             mov     word ptr [bp+4], ax
seg000:0DD1             cwd
seg000:0DD2             idiv    cx
seg000:0DD4             mov     [bp-4], dl
seg000:0DD7             mov     ax, word ptr [bp+4]
seg000:0DDA             cwd
seg000:0DDB             idiv    cx
seg000:0DDD             mov     word ptr [bp+4], ax
seg000:0DE0             cwd
seg000:0DE1             idiv    cx
seg000:0DE3             mov     [bp-3], dl
seg000:0DE6             mov     ax, word ptr [bp+4]
seg000:0DE9             cwd
seg000:0DEA             idiv    cx
seg000:0DEC             mov     word ptr [bp+4], ax
seg000:0DEF             cwd
seg000:0DF0             idiv    cx
seg000:0DF2             mov     [bp-2], dl
seg000:0DF5             mov     ax, word ptr [bp+4]
seg000:0DF8             cwd
seg000:0DF9             idiv    cx
seg000:0DFB             mov     word ptr [bp+4], ax
seg000:0DFE             cwd
seg000:0DFF             idiv    cx
seg000:0E01             mov     [bp-1], dl
seg000:0E04             mov     byte ptr [bp-0Ah], 0
seg000:0E08             mov     byte ptr [bp-0Ch], 5
seg000:0E0C             jmp     short loc_10E11
seg000:0E0E ; ---------------------------------------------------------------------------
seg000:0E0E
seg000:0E0E loc_10E0E:                              ; CODE XREF: sub_10971+4B0↓j
seg000:0E0E             dec     byte ptr [bp-0Ch]   ; CODE XREF: sub_10971+4B0↓j
seg000:0E11
seg000:0E11 loc_10E11:                              ; CODE XREF: sub_10971+49B↑j
seg000:0E11             cmp     byte ptr [bp-0Ch], 0; CODE XREF: sub_10971+49B↑j
seg000:0E15             jle     short loc_10E23
seg000:0E17             mov     al, [bp-0Ch]
seg000:0E1A             cbw
seg000:0E1B             mov     si, ax
seg000:0E1D             cmp     byte ptr [bp-6+si], 0
seg000:0E21             je      short loc_10E0E
seg000:0E23
seg000:0E23 loc_10E23:                              ; CODE XREF: sub_10971+4A4↑j
seg000:0E23                                         ; sub_10971+4E1↓j
seg000:0E23             cmp     byte ptr [bp-0Ch], 2; CODE XREF: sub_10971+4A4↑j
seg000:0E23                                         ; sub_10971+4E1↓j
seg000:0E27             jne     short loc_10E38
seg000:0E29             cmp     byte ptr [bp-0Ah], 1
seg000:0E2D             jne     short loc_10E38
seg000:0E2F             mov     bx, word ptr [bp-8]
seg000:0E32             mov     byte ptr [bx], 2Ch
seg000:0E35             inc     word ptr [bp-8]
seg000:0E38
seg000:0E38 loc_10E38:                              ; CODE XREF: sub_10971+4B6↑j
seg000:0E38                                         ; sub_10971+4BC↑j
seg000:0E38             mov     al, [bp-0Ch]        ; CODE XREF: sub_10971+4B6↑j
seg000:0E38                                         ; sub_10971+4BC↑j
seg000:0E3B             cbw
seg000:0E3C             mov     si, ax
seg000:0E3E             mov     al, [bp-6+si]
seg000:0E41             add     al, 30h
seg000:0E43             mov     bx, word ptr [bp-8]
seg000:0E46             mov     [bx], al
seg000:0E48             mov     byte ptr [bp-0Ah], 1
seg000:0E4C             inc     word ptr [bp-8]
seg000:0E4F             dec     byte ptr [bp-0Ch]
seg000:0E52             jns     short loc_10E23
seg000:0E54             mov     bx, word ptr [bp-8]
seg000:0E57             mov     byte ptr [bx], 0
seg000:0E5A             pop     si
seg000:0E5B             mov     sp, bp
seg000:0E5D             pop     bp
seg000:0E5E             retn
seg000:0E5F             push    bp
seg000:0E60             mov     bp, sp
seg000:0E62             mov     byte ptr byte_138C0, 0
seg000:0E67             call    sub_113B2
seg000:0E6A
seg000:0E6A loc_10E6A:                              ; CODE XREF: sub_10971+501↓j
seg000:0E6A             mov     al, byte_138C0      ; CODE XREF: sub_10971+501↓j
seg000:0E6D             sub     ah, ah
seg000:0E6F             cmp     word ptr [bp+4], ax
seg000:0E72             jnb     short loc_10E6A
seg000:0E74             call    sub_113F0
seg000:0E77             pop     bp
seg000:0E78             retn
seg000:0E79             call    sub_115D0
seg000:0E7C             push    ax
seg000:0E7D             call    sub_11C3C
seg000:0E80             add     sp, 2
seg000:0E83             retn
seg000:0E84             push    bp
seg000:0E85             mov     bp, sp
seg000:0E87             call    sub_11C4E
seg000:0E8A             cwd
seg000:0E8B             push    dx
seg000:0E8C             push    ax
seg000:0E8D             sub     ax, ax
seg000:0E8F             push    ax
seg000:0E90             push    [bp+4]
seg000:0E93             call    aNulmul
seg000:0E96             mov     cl, 0Fh
seg000:0E98             call    sub_11D4A
seg000:0E9B             pop     bp
seg000:0E9C             retn
seg000:0E9D             nop
seg000:0E9E sub_10971       endp
seg000:0E9E
seg000:0E9E
seg000:0E9E ; =============== S U B R O U T I N E =======================================
seg000:0E9E
seg000:0E9E
seg000:0E9E sub_10E9E       proc near               ; CODE XREF: sub_113F0+7E↓p
seg000:0E9E             inc     byte ptr byte_138C1 ; CODE XREF: sub_113F0+7E↓p
seg000:0EA2             inc     byte ptr byte_138C2
seg000:0EA6             inc     byte ptr byte_138C0
seg000:0EAA             inc     byte ptr byte_138C3
seg000:0EAE             retn
seg000:0EAF             add     [bx+si], al
seg000:0EB1 sub_10E9E       endp
seg000:0EB1
seg000:0EB1
seg000:0EB1 ; =============== S U B R O U T I N E =======================================
seg000:0EB1
seg000:0EB1
seg000:0EB1 sub_10EB1       proc near               ; CODE XREF: sub_10010+31↑p
seg000:0EB1             push    bp                  ; CODE XREF: sub_10010+31↑p
seg000:0EB2             mov     bp, sp
seg000:0EB4             push    di
seg000:0EB5             push    si
seg000:0EB6             push    es
seg000:0EB7             push    ds
seg000:0EB8             push    bp
seg000:0EB9             mov     dx, word ptr [bp+4]
seg000:0EBC             mov     byte ptr byte_138CE, 0
seg000:0EC1             jmp     short loc_10EC9
seg000:0EC3             nop
seg000:0EC4             mov     byte ptr byte_138CE, 1
seg000:0EC9
seg000:0EC9 loc_10EC9:                              ; CODE XREF: sub_10EB1+10↑j
seg000:0EC9             mov     ax, seg dseg        ; CODE XREF: sub_10EB1+10↑j
seg000:0ECC             mov     es, ax
seg000:0ECE             push    dx
seg000:0ECF             mov     ah, 48h
seg000:0ED1             mov     bx, 0FFFFh
seg000:0ED4             int     21h
seg000:0ED6             jb      short loc_10EE2
seg000:0ED8             mov     dx, 90Fh
seg000:0EDB             mov     ah, 9
seg000:0EDD             int     21h
seg000:0EDF             jmp     loc_10FB4
seg000:0EE2 ; ---------------------------------------------------------------------------
seg000:0EE2
seg000:0EE2 loc_10EE2:                              ; CODE XREF: sub_10EB1+25↑j
seg000:0EE2             mov     ah, 48h             ; CODE XREF: sub_10EB1+25↑j
seg000:0EE4             sub     bx, 400h
seg000:0EE8             mov     word_138C8, bx
seg000:0EEC             int     21h
seg000:0EEE             jnb     short loc_10EFA
seg000:0EF0             mov     dx, 92Ah
seg000:0EF3             mov     ah, 9
seg000:0EF5             int     21h
seg000:0EF7             jmp     loc_10FB4
seg000:0EFA ; ---------------------------------------------------------------------------
seg000:0EFA
seg000:0EFA loc_10EFA:                              ; CODE XREF: sub_10EB1+3D↑j
seg000:0EFA             mov     word_138C6, ax      ; CODE XREF: sub_10EB1+3D↑j
seg000:0EFD             mov     word_138CA, ax
seg000:0F00             mov     word_138CC, ax
seg000:0F03             mov     bx, 90Ah
seg000:0F06             pop     dx
seg000:0F07             mov     word ptr cs:0EAFh, sp
seg000:0F0C             pushf
seg000:0F0D             lea     cx, word_138C4
seg000:0F11             call    far ptr 294h:0
seg000:0F16             jnb     short loc_10F40
seg000:0F18             cmp     ax, 2
seg000:0F1B             jne     short loc_10F27
seg000:0F1D             mov     dx, 960h
seg000:0F20             mov     ah, 9
seg000:0F22             int     21h
seg000:0F24             jmp     loc_10FB4
seg000:0F27 ; ---------------------------------------------------------------------------
seg000:0F27
seg000:0F27 loc_10F27:                              ; CODE XREF: sub_10EB1+6A↑j
seg000:0F27             cmp     ax, 8               ; CODE XREF: sub_10EB1+6A↑j
seg000:0F2A             jne     short loc_10F36
seg000:0F2C             mov     dx, 973h
seg000:0F2F             mov     ah, 9
seg000:0F31             int     21h
seg000:0F33             jmp     short loc_10FB4
seg000:0F35             nop
seg000:0F36
seg000:0F36 loc_10F36:                              ; CODE XREF: sub_10EB1+79↑j
seg000:0F36             mov     dx, 992h            ; CODE XREF: sub_10EB1+79↑j
seg000:0F39             mov     ah, 9
seg000:0F3B             int     21h
seg000:0F3D             jmp     short loc_10FB4
seg000:0F3F             nop
seg000:0F40
seg000:0F40 loc_10F40:                              ; CODE XREF: sub_10EB1+65↑j
seg000:0F40             mov     sp, word ptr cs:0EAFh; CODE XREF: sub_10EB1+65↑j
seg000:0F45             mov     ax, seg dseg
seg000:0F48             mov     ss, ax
seg000:0F4A             mov     ds, ax
seg000:0F4C             mov     es, ax
seg000:0F4E             mov     ax, word_138C6
seg000:0F51             mov     es, ax
seg000:0F53             mov     di, 1Eh
seg000:0F56             mov     bx, es:[di]
seg000:0F59             shr     bx, 1
seg000:0F5B             shr     bx, 1
seg000:0F5D             shr     bx, 1
seg000:0F5F             shr     bx, 1
seg000:0F61             mov     di, 20h
seg000:0F64             mov     cx, es:[di]
seg000:0F67             shr     cx, 1
seg000:0F69             shr     cx, 1
seg000:0F6B             shr     cx, 1
seg000:0F6D             shr     cx, 1
seg000:0F6F             add     bx, cx
seg000:0F71             cmp     bx, word_138C8
seg000:0F75             jbe     short loc_10F81
seg000:0F77             mov     dx, 9B6h
seg000:0F7A             mov     ah, 9
seg000:0F7C             int     21h
seg000:0F7E             jmp     short loc_10FB4
seg000:0F80             nop
seg000:0F81
seg000:0F81 loc_10F81:                              ; CODE XREF: sub_10EB1+C4↑j
seg000:0F81             add     bx, 8               ; CODE XREF: sub_10EB1+C4↑j
seg000:0F84             mov     ah, 4Ah
seg000:0F86             mov     cx, word_138C6
seg000:0F8A             mov     es, cx
seg000:0F8C             int     21h
seg000:0F8E             jnb     short loc_10F9A
seg000:0F90             mov     dx, 9DBh
seg000:0F93             mov     ah, 9
seg000:0F95             int     21h
seg000:0F97             jmp     short loc_10FB4
seg000:0F99             nop
seg000:0F9A
seg000:0F9A loc_10F9A:                              ; CODE XREF: sub_10EB1+DD↑j
seg000:0F9A             mov     ax, seg dseg        ; CODE XREF: sub_10EB1+DD↑j
seg000:0F9D             mov     ds, ax
seg000:0F9F             mov     es, ax
seg000:0FA1             mov     ax, word_138C6
seg000:0FA4             cmp     byte ptr byte_138CE, 0
seg000:0FA9             jne     short loc_10FB3
seg000:0FAB             pop     bp
seg000:0FAC             pop     ds
seg000:0FAD             pop     es
seg000:0FAE             pop     si
seg000:0FAF             pop     di
seg000:0FB0             mov     sp, bp
seg000:0FB2             pop     bp
seg000:0FB3
seg000:0FB3 loc_10FB3:                              ; CODE XREF: sub_10EB1+F8↑j
seg000:0FB3             retn                        ; CODE XREF: sub_10EB1+F8↑j
seg000:0FB4 ; ---------------------------------------------------------------------------
seg000:0FB4
seg000:0FB4 loc_10FB4:                              ; CODE XREF: sub_10EB1+2E↑j
seg000:0FB4                                         ; sub_10EB1+46↑j ...
seg000:0FB4             mov     ax, 4C00h           ; CODE XREF: sub_10EB1+2E↑j
seg000:0FB4                                         ; sub_10EB1+46↑j ...
seg000:0FB7             int     21h
seg000:0FB9 sub_10EB1       endp
seg000:0FB9
seg000:0FB9
seg000:0FB9 ; =============== S U B R O U T I N E =======================================
seg000:0FB9
seg000:0FB9
seg000:0FB9 sub_10FB9       proc near               ; CODE XREF: sub_10010+3B↑p
seg000:0FB9             push    bp                  ; CODE XREF: sub_10010+3B↑p
seg000:0FBA             mov     bp, sp
seg000:0FBC             push    di
seg000:0FBD             push    si
seg000:0FBE             push    es
seg000:0FBF             push    ds
seg000:0FC0             push    bp
seg000:0FC1             mov     dx, word ptr [bp+4]
seg000:0FC4             mov     byte ptr byte_138CE, 0
seg000:0FC9             jmp     short loc_10FD1
seg000:0FCB             nop
seg000:0FCC             mov     byte ptr byte_138CE, 1
seg000:0FD1
seg000:0FD1 loc_10FD1:                              ; CODE XREF: sub_10FB9+10↑j
seg000:0FD1             mov     es, dx              ; CODE XREF: sub_10FB9+10↑j
seg000:0FD3             mov     bx, 0A26h
seg000:0FD6             mov     di, 1Ch
seg000:0FD9             mov     ax, es:[di]
seg000:0FDC             mov     dl, 5
seg000:0FDE             mul     dl
seg000:0FE0             add     bx, ax
seg000:0FE2             mov     di, 22h
seg000:0FE5             mov     cx, es:[di]
seg000:0FE8             mov     si, 24h
seg000:0FEB             mov     di, 18h
seg000:0FEE             mov     di, es:[di]
seg000:0FF1
seg000:0FF1 loc_10FF1:                              ; CODE XREF: sub_10FB9+47↓j
seg000:0FF1             mov     ax, es:[si]         ; CODE XREF: sub_10FB9+47↓j
seg000:0FF4             mov     word_12FC1[bx], ax
seg000:0FF7             mov     word_12FC3[bx], di
seg000:0FFA             add     si, 2
seg000:0FFD             add     bx, 5
seg000:1000             loop    loc_10FF1
seg000:1002             cmp     byte ptr byte_138CE, 0
seg000:1007             jne     short loc_11011
seg000:1009             pop     bp
seg000:100A             pop     ds
seg000:100B             pop     es
seg000:100C             pop     si
seg000:100D             pop     di
seg000:100E             mov     sp, bp
seg000:1010             pop     bp
seg000:1011
seg000:1011 loc_11011:                              ; CODE XREF: sub_10FB9+4E↑j
seg000:1011             retn                        ; CODE XREF: sub_10FB9+4E↑j
seg000:1012 sub_10FB9       endp
seg000:1012
seg000:1012
seg000:1012 ; =============== S U B R O U T I N E =======================================
seg000:1012
seg000:1012
seg000:1012 sub_11012       proc near               ; CODE XREF: B$SETCLR+B6↑p
seg000:1012             push    bp                  ; CODE XREF: B$SETCLR+B6↑p
seg000:1013             mov     bp, sp
seg000:1015             push    di
seg000:1016             push    si
seg000:1017             push    es
seg000:1018             push    ds
seg000:1019             push    bp
seg000:101A             mov     ax, word ptr [bp+4]
seg000:101D             mov     byte ptr byte_138CE, 0
seg000:1022             jmp     short loc_1102A
seg000:1024             nop
seg000:1025             mov     byte ptr byte_138CE, 1
seg000:102A
seg000:102A loc_1102A:                              ; CODE XREF: sub_11012+10↑j
seg000:102A             mov     es, ax              ; CODE XREF: sub_11012+10↑j
seg000:102C             mov     ah, 49h
seg000:102E             int     21h
seg000:1030             jnb     short loc_1103C
seg000:1032             mov     dx, 0A06h
seg000:1035             mov     ah, 9
seg000:1037             int     21h
seg000:1039             jmp     loc_10FB4
seg000:103C ; ---------------------------------------------------------------------------
seg000:103C
seg000:103C loc_1103C:                              ; CODE XREF: sub_11012+1E↑j
seg000:103C             cmp     byte ptr byte_138CE, 0; CODE XREF: sub_11012+1E↑j
seg000:1041             jne     short loc_1104B
seg000:1043             pop     bp
seg000:1044             pop     ds
seg000:1045             pop     es
seg000:1046             pop     si
seg000:1047             pop     di
seg000:1048             mov     sp, bp
seg000:104A             pop     bp
seg000:104B
seg000:104B loc_1104B:                              ; CODE XREF: sub_11012+2F↑j
seg000:104B             retn                        ; CODE XREF: sub_11012+2F↑j
seg000:104C sub_11012       endp
seg000:104C
seg000:104C
seg000:104C ; =============== S U B R O U T I N E =======================================
seg000:104C
seg000:104C
seg000:104C sub_1104C       proc near               ; CODE XREF: sub_10010+41↑p
seg000:104C             push    si                  ; CODE XREF: sub_10010+41↑p
seg000:104D             push    di
seg000:104E             push    dx
seg000:104F             push    ds
seg000:1050             mov     si, 6Ch
seg000:1053             call    sub_11080
seg000:1056             mov     word_13C0B, bx
seg000:105A             mov     word_13C09, ax
seg000:105D             mov     ax, seg seg000
seg000:1060             mov     dx, 108Ch
seg000:1063             mov     ds, ax
seg000:1065             mov     ax, 251Bh
seg000:1068             int     21h
seg000:106A             pop     ds
seg000:106B             pop     dx
seg000:106C             pop     di
seg000:106D             pop     si
seg000:106E             retn
seg000:106F sub_1104C       endp
seg000:106F
seg000:106F
seg000:106F ; =============== S U B R O U T I N E =======================================
seg000:106F
seg000:106F
seg000:106F sub_1106F       proc near               ; CODE XREF: B$SETCLR+8E↑p
seg000:106F                                         ; sub_108DE+7↑p
seg000:106F             push    ds                  ; CODE XREF: B$SETCLR+8E↑p
seg000:106F                                         ; sub_108DE+7↑p
seg000:1070             mov     ax, word_13C09
seg000:1073             mov     dx, word_13C0B
seg000:1077             mov     ds, ax
seg000:1079             mov     ax, 251Bh
seg000:107C             int     21h
seg000:107E             pop     ds
seg000:107F             retn
seg000:1080 sub_1106F       endp
seg000:1080
seg000:1080
seg000:1080 ; =============== S U B R O U T I N E =======================================
seg000:1080
seg000:1080
seg000:1080 sub_11080       proc near               ; CODE XREF: sub_1104C+7↑p
seg000:1080             push    ds                  ; CODE XREF: sub_1104C+7↑p
seg000:1081             xor     ax, ax
seg000:1083             mov     ds, ax
seg000:1085             mov     bx, [si]
seg000:1087             mov     ax, word ptr seg_12FC2[si]
seg000:108A             pop     ds
seg000:108B             retn
seg000:108C             push    ds
seg000:108D             push    ax
seg000:108E             mov     ax, seg dseg
seg000:1091             mov     ds, ax
seg000:1093             mov     byte ptr byte_13C08, 0FFh
seg000:1098             pop     ax
seg000:1099             pop     ds
seg000:109A             iret
seg000:109B             add     byte_22F4B[di], dl
seg000:109E             in      al, dx
seg000:109F             sub     sp, 4
seg000:10A2             sub     ax, ax
seg000:10A4             push    ax
seg000:10A5             push    [bp+4]
seg000:10A8             call    sub_11142
seg000:10AB             add     sp, 4
seg000:10AE             mov     word ptr [bp-4], ax
seg000:10B1             push    [bp+6]
seg000:10B4             mov     ax, 0FFFFh
seg000:10B7             push    ax
seg000:10B8             push    [bp-4]
seg000:10BB             call    sub_11174
seg000:10BE             add     sp, 6
seg000:10C1             mov     word ptr [bp-2], ax
seg000:10C4             push    [bp-4]
seg000:10C7             call    sub_11166
seg000:10CA             mov     ax, word ptr [bp-2]
seg000:10CD             mov     sp, bp
seg000:10CF             pop     bp
seg000:10D0             retn
seg000:10D1             nop
seg000:10D2             push    bp
seg000:10D3             mov     bp, sp
seg000:10D5             sub     sp, 4
seg000:10D8             sub     ax, ax
seg000:10DA             push    ax
seg000:10DB             push    [bp+4]
seg000:10DE             call    sub_11142
seg000:10E1             add     sp, 4
seg000:10E4             mov     word ptr [bp-4], ax
seg000:10E7             push    [bp+8]
seg000:10EA             push    [bp+6]
seg000:10ED             mov     ax, 0FFFFh
seg000:10F0             push    ax
seg000:10F1             push    [bp-4]
seg000:10F4             call    strcoll
seg000:10F7             add     sp, 8
seg000:10FA             mov     word ptr [bp-2], ax
seg000:10FD             push    [bp-4]
seg000:1100             call    sub_11166
seg000:1103             mov     ax, word ptr [bp-2]
seg000:1106             mov     sp, bp
seg000:1108             pop     bp
seg000:1109             retn
seg000:110A             push    bp
seg000:110B             mov     bp, sp
seg000:110D             sub     sp, 4
seg000:1110             sub     ax, ax
seg000:1112             push    ax
seg000:1113             push    [bp+4]
seg000:1116             call    sub_11154
seg000:1119             add     sp, 4
seg000:111C             mov     word ptr [bp-4], ax
seg000:111F             push    [bp+0Ah]
seg000:1122             push    [bp+8]
seg000:1125             push    [bp+6]
seg000:1128             push    [bp+0Ch]
seg000:112B             push    ax
seg000:112C             call    sub_111A0
seg000:112F             add     sp, 0Ah
seg000:1132             mov     word ptr [bp-2], ax
seg000:1135             push    [bp-4]
seg000:1138             call    sub_11166
seg000:113B             mov     ax, word ptr [bp-2]
seg000:113E             mov     sp, bp
seg000:1140             pop     bp
seg000:1141             retn
seg000:1142 sub_11080       endp
seg000:1142
seg000:1142
seg000:1142 ; =============== S U B R O U T I N E =======================================
seg000:1142
seg000:1142
seg000:1142 sub_11142       proc near               ; CODE XREF: sub_11080+28↑p
seg000:1142                                         ; sub_11080+5E↑p
seg000:1142             push    bp                  ; CODE XREF: sub_11080+28↑p
seg000:1142                                         ; sub_11080+5E↑p
seg000:1143             mov     bp, sp
seg000:1145             push    [bp+6]
seg000:1148             push    [bp+4]
seg000:114B             call    sub_111BA
seg000:114E             add     sp, 4
seg000:1151             pop     bp
seg000:1152             retn
seg000:1153             nop
seg000:1154 sub_11142       endp
seg000:1154
seg000:1154
seg000:1154 ; =============== S U B R O U T I N E =======================================
seg000:1154
seg000:1154
seg000:1154 sub_11154       proc near               ; CODE XREF: sub_11080+96↑p
seg000:1154             push    bp                  ; CODE XREF: sub_11080+96↑p
seg000:1155             mov     bp, sp
seg000:1157             push    [bp+6]
seg000:115A             push    [bp+4]
seg000:115D             call    sub_11211
seg000:1160             add     sp, 4
seg000:1163             pop     bp
seg000:1164             retn
seg000:1165             nop
seg000:1166 sub_11154       endp
seg000:1166
seg000:1166
seg000:1166 ; =============== S U B R O U T I N E =======================================
seg000:1166
seg000:1166
seg000:1166 sub_11166       proc near               ; CODE XREF: sub_11080+47↑p
seg000:1166                                         ; sub_11080+80↑p ...
seg000:1166             push    bp                  ; CODE XREF: sub_11080+47↑p
seg000:1166                                         ; sub_11080+80↑p ...
seg000:1167             mov     bp, sp
seg000:1169             push    [bp+4]
seg000:116C             call    sub_11268
seg000:116F             add     sp, 2
seg000:1172             pop     bp
seg000:1173             retn
seg000:1174 sub_11166       endp
seg000:1174
seg000:1174
seg000:1174 ; =============== S U B R O U T I N E =======================================
seg000:1174
seg000:1174
seg000:1174 sub_11174       proc near               ; CODE XREF: sub_11080+3B↑p
seg000:1174             push    bp                  ; CODE XREF: sub_11080+3B↑p
seg000:1175             mov     bp, sp
seg000:1177             push    [bp+8]
seg000:117A             push    [bp+6]
seg000:117D             push    [bp+4]
seg000:1180             call    sub_1128A
seg000:1183             add     sp, 6
seg000:1186             pop     bp
seg000:1187             retn
seg000:1188 sub_11174       endp
seg000:1188
seg000:1188
seg000:1188 ; =============== S U B R O U T I N E =======================================
seg000:1188
seg000:1188
seg000:1188 strcoll         proc near               ; CODE XREF: sub_11080+74↑p
seg000:1188             push    bp                  ; CODE XREF: sub_11080+74↑p
seg000:1189             mov     bp, sp
seg000:118B             push    [bp+0Ah]
seg000:118E             push    [bp+8]
seg000:1191             push    [bp+6]
seg000:1194             push    [bp+4]
seg000:1197             call    sub_112B5
seg000:119A             add     sp, 8
seg000:119D             pop     bp
seg000:119E             retn
seg000:119F             nop
seg000:11A0 strcoll         endp
seg000:11A0
seg000:11A0
seg000:11A0 ; =============== S U B R O U T I N E =======================================
seg000:11A0
seg000:11A0
seg000:11A0 sub_111A0       proc near               ; CODE XREF: sub_11080+AC↑p
seg000:11A0             push    bp                  ; CODE XREF: sub_11080+AC↑p
seg000:11A1             mov     bp, sp
seg000:11A3             push    [bp+0Ch]
seg000:11A6             push    [bp+0Ah]
seg000:11A9             push    [bp+8]
seg000:11AC             push    [bp+6]
seg000:11AF             push    [bp+4]
seg000:11B2             call    sub_11345
seg000:11B5             add     sp, 0Ah
seg000:11B8             pop     bp
seg000:11B9             retn
seg000:11BA sub_111A0       endp
seg000:11BA
seg000:11BA
seg000:11BA ; =============== S U B R O U T I N E =======================================
seg000:11BA
seg000:11BA
seg000:11BA sub_111BA       proc near               ; CODE XREF: sub_11142+9↑p
seg000:11BA             push    bp                  ; CODE XREF: sub_11142+9↑p
seg000:11BB             mov     bp, sp
seg000:11BD             push    di
seg000:11BE             push    si
seg000:11BF             push    es
seg000:11C0             push    bp
seg000:11C1             mov     ah, 3Dh
seg000:11C3             mov     al, [bp+6]
seg000:11C6             mov     bx, ss
seg000:11C8             mov     ds, bx
seg000:11CA             mov     dx, word ptr [bp+4]
seg000:11CD             int     21h
seg000:11CF             jnb     short loc_11203
seg000:11D1             cmp     ax, 2
seg000:11D4             jne     short loc_111E2
seg000:11D6
seg000:11D6 loc_111D6:                              ; CODE XREF: sub_111BA+2B↓j
seg000:11D6             mov     bx, word ptr [bp+4] ; CODE XREF: sub_111BA+2B↓j
seg000:11D9             mov     ax, 0E50h
seg000:11DC             mov     cx, 0FFFFh
seg000:11DF             jmp     loc_11376
seg000:11E2 ; ---------------------------------------------------------------------------
seg000:11E2
seg000:11E2 loc_111E2:                              ; CODE XREF: sub_111BA+1A↑j
seg000:11E2             cmp     ax, 3               ; CODE XREF: sub_111BA+1A↑j
seg000:11E5             je      short loc_111D6
seg000:11E7             cmp     ax, 4
seg000:11EA             jne     short loc_111F8
seg000:11EC             mov     cx, 0FFFFh
seg000:11EF             mov     bx, word ptr [bp+4]
seg000:11F2             mov     ax, 0E60h
seg000:11F5             jmp     loc_11376
seg000:11F8 ; ---------------------------------------------------------------------------
seg000:11F8
seg000:11F8 loc_111F8:                              ; CODE XREF: sub_111BA+30↑j
seg000:11F8             mov     cx, ax              ; CODE XREF: sub_111BA+30↑j
seg000:11FA             mov     ax, 0E7Bh
seg000:11FD             mov     bx, word ptr [bp+4]
seg000:1200             jmp     loc_11376
seg000:1203 ; ---------------------------------------------------------------------------
seg000:1203
seg000:1203 loc_11203:                              ; CODE XREF: sub_111BA+15↑j
seg000:1203             mov     word ptr word_13E78, 200h; CODE XREF: sub_111BA+15↑j
seg000:1209             pop     bp
seg000:120A             pop     es
seg000:120B             pop     si
seg000:120C             pop     di
seg000:120D             mov     sp, bp
seg000:120F             pop     bp
seg000:1210             retn
seg000:1211 sub_111BA       endp
seg000:1211
seg000:1211
seg000:1211 ; =============== S U B R O U T I N E =======================================
seg000:1211
seg000:1211
seg000:1211 sub_11211       proc near               ; CODE XREF: sub_11154+9↑p
seg000:1211             push    bp                  ; CODE XREF: sub_11154+9↑p
seg000:1212             mov     bp, sp
seg000:1214             push    di
seg000:1215             push    si
seg000:1216             push    es
seg000:1217             push    bp
seg000:1218             mov     ah, 3Ch
seg000:121A             mov     cx, word ptr [bp+6]
seg000:121D             mov     bx, ss
seg000:121F             mov     ds, bx
seg000:1221             mov     dx, word ptr [bp+4]
seg000:1224             int     21h
seg000:1226             jnb     short loc_1125A
seg000:1228             cmp     ax, 2
seg000:122B             jne     short loc_11239
seg000:122D
seg000:122D loc_1122D:                              ; CODE XREF: sub_11211+2B↓j
seg000:122D             mov     bx, word ptr [bp+4] ; CODE XREF: sub_11211+2B↓j
seg000:1230             mov     ax, 0E50h
seg000:1233             mov     cx, 0FFFFh
seg000:1236             jmp     loc_11376
seg000:1239 ; ---------------------------------------------------------------------------
seg000:1239
seg000:1239 loc_11239:                              ; CODE XREF: sub_11211+1A↑j
seg000:1239             cmp     ax, 3               ; CODE XREF: sub_11211+1A↑j
seg000:123C             je      short loc_1122D
seg000:123E             cmp     ax, 4
seg000:1241             jne     short loc_1124F
seg000:1243             mov     cx, 0FFFFh
seg000:1246             mov     bx, word ptr [bp+4]
seg000:1249             mov     ax, 0E60h
seg000:124C             jmp     loc_11376
seg000:124F ; ---------------------------------------------------------------------------
seg000:124F
seg000:124F loc_1124F:                              ; CODE XREF: sub_11211+30↑j
seg000:124F             mov     cx, ax              ; CODE XREF: sub_11211+30↑j
seg000:1251             mov     ax, 0E7Bh
seg000:1254             mov     bx, word ptr [bp+4]
seg000:1257             jmp     loc_11376
seg000:125A ; ---------------------------------------------------------------------------
seg000:125A
seg000:125A loc_1125A:                              ; CODE XREF: sub_11211+15↑j
seg000:125A             mov     word ptr word_13E78, 200h; CODE XREF: sub_11211+15↑j
seg000:1260             pop     bp
seg000:1261             pop     es
seg000:1262             pop     si
seg000:1263             pop     di
seg000:1264             mov     sp, bp
seg000:1266             pop     bp
seg000:1267             retn
seg000:1268 sub_11211       endp
seg000:1268
seg000:1268
seg000:1268 ; =============== S U B R O U T I N E =======================================
seg000:1268
seg000:1268
seg000:1268 sub_11268       proc near               ; CODE XREF: sub_11166+6↑p
seg000:1268             push    bp                  ; CODE XREF: sub_11166+6↑p
seg000:1269             mov     bp, sp
seg000:126B             push    di
seg000:126C             push    si
seg000:126D             push    es
seg000:126E             push    bp
seg000:126F             mov     ah, 3Eh
seg000:1271             mov     bx, word ptr [bp+4]
seg000:1274             int     21h
seg000:1276             jnb     short loc_11281
seg000:1278             mov     dx, 0E88h
seg000:127B             mov     cx, 0FFFFh
seg000:127E             jmp     loc_11391
seg000:1281 ; ---------------------------------------------------------------------------
seg000:1281
seg000:1281 loc_11281:                              ; CODE XREF: sub_11268+E↑j
seg000:1281             pop     bp                  ; CODE XREF: sub_11268+E↑j
seg000:1282             pop     es
seg000:1283             pop     si
seg000:1284             pop     di
seg000:1285             mov     sp, bp
seg000:1287             pop     bp
seg000:1288             retn
seg000:1289             retn
seg000:128A sub_11268       endp
seg000:128A
seg000:128A
seg000:128A ; =============== S U B R O U T I N E =======================================
seg000:128A
seg000:128A
seg000:128A sub_1128A       proc near               ; CODE XREF: sub_11174+C↑p
seg000:128A             push    bp                  ; CODE XREF: sub_11174+C↑p
seg000:128B             mov     bp, sp
seg000:128D             push    di
seg000:128E             push    si
seg000:128F             push    es
seg000:1290             push    bp
seg000:1291             mov     ah, 3Fh
seg000:1293             mov     bx, ss
seg000:1295             mov     ds, bx
seg000:1297             mov     bx, word ptr [bp+4]
seg000:129A             mov     cx, word ptr [bp+6]
seg000:129D             mov     dx, word ptr [bp+8]
seg000:12A0             int     21h
seg000:12A2             jnb     short loc_112AD
seg000:12A4             mov     dx, 0E9Bh
seg000:12A7             mov     cx, 0FFFFh
seg000:12AA             jmp     loc_11391
seg000:12AD ; ---------------------------------------------------------------------------
seg000:12AD
seg000:12AD loc_112AD:                              ; CODE XREF: sub_1128A+18↑j
seg000:12AD             pop     bp                  ; CODE XREF: sub_1128A+18↑j
seg000:12AE             pop     es
seg000:12AF             pop     si
seg000:12B0             pop     di
seg000:12B1             mov     sp, bp
seg000:12B3             pop     bp
seg000:12B4             retn
seg000:12B5 sub_1128A       endp
seg000:12B5
seg000:12B5
seg000:12B5 ; =============== S U B R O U T I N E =======================================
seg000:12B5
seg000:12B5
seg000:12B5 sub_112B5       proc near               ; CODE XREF: strcoll+F↑p
seg000:12B5             push    bp                  ; CODE XREF: strcoll+F↑p
seg000:12B6             mov     bp, sp
seg000:12B8             push    di
seg000:12B9             push    si
seg000:12BA             push    es
seg000:12BB             push    bp
seg000:12BC             push    ds
seg000:12BD             mov     ah, 3Fh
seg000:12BF             mov     bx, word ptr [bp+0Ah]
seg000:12C2             mov     ds, bx
seg000:12C4             mov     bx, word ptr [bp+4]
seg000:12C7             mov     cx, word ptr [bp+6]
seg000:12CA             mov     dx, word ptr [bp+8]
seg000:12CD             int     21h
seg000:12CF             pop     ds
seg000:12D0             jnb     short loc_112DB
seg000:12D2             mov     dx, 0E9Bh
seg000:12D5             mov     cx, 0FFFFh
seg000:12D8             jmp     loc_11391
seg000:12DB ; ---------------------------------------------------------------------------
seg000:12DB
seg000:12DB loc_112DB:                              ; CODE XREF: sub_112B5+1B↑j
seg000:12DB             pop     bp                  ; CODE XREF: sub_112B5+1B↑j
seg000:12DC             pop     es
seg000:12DD             pop     si
seg000:12DE             pop     di
seg000:12DF             mov     sp, bp
seg000:12E1             pop     bp
seg000:12E2             retn
seg000:12E3             push    ds
seg000:12E4             push    es
seg000:12E5             push    si
seg000:12E6             push    di
seg000:12E7             mov     ax, ds
seg000:12E9             mov     es, ax
seg000:12EB             mov     ds, ss:seg_15692
seg000:12F0             mov     cx, 100h
seg000:12F3             mov     si, ss:word_15694
seg000:12F8             mov     di, 0C50h
seg000:12FB             rep movsw
seg000:12FD             add     word ptr ss:word_15694, 200h
seg000:1304             mov     ax, 200h
seg000:1307             pop     di
seg000:1308             pop     si
seg000:1309             pop     es
seg000:130A             pop     ds
seg000:130B             retn
seg000:130C sub_112B5       endp
seg000:130C
seg000:130C
seg000:130C ; =============== S U B R O U T I N E =======================================
seg000:130C
seg000:130C
seg000:130C sub_1130C       proc near               ; CODE XREF: sub_1130C+2E↓p
seg000:130C             push    ds                  ; CODE XREF: sub_1130C+2E↓p
seg000:130D             mov     ah, 3Fh
seg000:130F             mov     bx, seg dseg
seg000:1312             mov     ds, bx
seg000:1314             mov     bx, word_13E7A
seg000:1318             mov     cx, 200h
seg000:131B             mov     dx, 0C50h
seg000:131E             int     21h
seg000:1320             jnb     short loc_1132B
seg000:1322             mov     dx, 0E9Bh
seg000:1325             mov     cx, 0FFFFh
seg000:1328             jmp     short loc_11391
seg000:132A             nop
seg000:132B
seg000:132B loc_1132B:                              ; CODE XREF: sub_1130C+14↑j
seg000:132B             pop     ds                  ; CODE XREF: sub_1130C+14↑j
seg000:132C             retn
seg000:132D             push    bp
seg000:132E             mov     bp, sp
seg000:1330             push    di
seg000:1331             push    si
seg000:1332             push    es
seg000:1333             push    bp
seg000:1334             mov     ax, word ptr [bp+4]
seg000:1337             mov     word_13E7A, ax
seg000:133A             call    sub_1130C
seg000:133D             pop     bp
seg000:133E             pop     es
seg000:133F             pop     si
seg000:1340             pop     di
seg000:1341             mov     sp, bp
seg000:1343             pop     bp
seg000:1344             retn
seg000:1345 sub_1130C       endp
seg000:1345
seg000:1345
seg000:1345 ; =============== S U B R O U T I N E =======================================
seg000:1345
seg000:1345
seg000:1345 sub_11345       proc near               ; CODE XREF: sub_111A0+12↑p
seg000:1345             push    bp                  ; CODE XREF: sub_111A0+12↑p
seg000:1346             mov     bp, sp
seg000:1348             push    di
seg000:1349             push    si
seg000:134A             push    es
seg000:134B             push    bp
seg000:134C             push    ds
seg000:134D             mov     ah, 40h
seg000:134F             mov     bx, word ptr [bp+0Ah]
seg000:1352             mov     ds, bx
seg000:1354             mov     bx, word ptr [bp+4]
seg000:1357             mov     cx, word ptr [bp+6]
seg000:135A             mov     dx, word ptr [bp+8]
seg000:135D             add     dx, word ptr [bp+0Ch]
seg000:1360             int     21h
seg000:1362             pop     ds
seg000:1363             jnb     short loc_1136E
seg000:1365             mov     dx, 0EA6h
seg000:1368             mov     cx, 0FFFFh
seg000:136B             jmp     short loc_11391
seg000:136D             nop
seg000:136E
seg000:136E loc_1136E:                              ; CODE XREF: sub_11345+1E↑j
seg000:136E             pop     bp                  ; CODE XREF: sub_11345+1E↑j
seg000:136F             pop     es
seg000:1370             pop     si
seg000:1371             pop     di
seg000:1372             mov     sp, bp
seg000:1374             pop     bp
seg000:1375             retn
seg000:1376 ; ---------------------------------------------------------------------------
seg000:1376
seg000:1376 loc_11376:                              ; CODE XREF: sub_111BA+25↑j
seg000:1376                                         ; sub_111BA+3B↑j ...
seg000:1376             push    ax                  ; CODE XREF: sub_111BA+25↑j
seg000:1376                                         ; sub_111BA+3B↑j ...
seg000:1377             mov     ax, 3
seg000:137A             int     10h
seg000:137C             mov     di, 0
seg000:137F
seg000:137F loc_1137F:                              ; CODE XREF: sub_11345+40↓j
seg000:137F             cmp     byte ptr [bx+di], 0 ; CODE XREF: sub_11345+40↓j
seg000:1382             je      short loc_11387
seg000:1384             inc     di
seg000:1385             jmp     short loc_1137F
seg000:1387 ; ---------------------------------------------------------------------------
seg000:1387
seg000:1387 loc_11387:                              ; CODE XREF: sub_11345+3D↑j
seg000:1387             mov     byte ptr [bx+di], 24h; CODE XREF: sub_11345+3D↑j
seg000:138A             mov     dx, bx
seg000:138C             mov     ah, 9
seg000:138E             int     21h
seg000:1390             pop     dx
seg000:1391
seg000:1391 loc_11391:                              ; CODE XREF: sub_11268+16↑j
seg000:1391                                         ; sub_1128A+20↑j ...
seg000:1391             mov     ah, 9               ; CODE XREF: sub_11268+16↑j
seg000:1391                                         ; sub_1128A+20↑j ...
seg000:1393             int     21h
seg000:1395             cmp     cx, -1
seg000:1398             je      short loc_113AD
seg000:139A             add     cx, 30h
seg000:139D             mov     byte_13C0E, cl
seg000:13A1             mov     byte ptr byte_13C0F, 24h
seg000:13A6             mov     dx, 0C4Eh
seg000:13A9             mov     ah, 9
seg000:13AB             int     21h
seg000:13AD
seg000:13AD loc_113AD:                              ; CODE XREF: sub_11345+53↑j
seg000:13AD             mov     ax, 4C00h           ; CODE XREF: sub_11345+53↑j
seg000:13B0             int     21h
seg000:13B2 sub_11345       endp
seg000:13B2
seg000:13B2
seg000:13B2 ; =============== S U B R O U T I N E =======================================
seg000:13B2
seg000:13B2
seg000:13B2 sub_113B2       proc near               ; CODE XREF: sub_10971+4F6↑p
seg000:13B2             mov     word ptr word_13EBC, 1; CODE XREF: sub_10971+4F6↑p
seg000:13B8             mov     word ptr word_13EC6, 1
seg000:13BE             mov     word ptr word_13EB2, 0
seg000:13C4             mov     word ptr word_13EB4, 0
seg000:13CA             call    sub_1150C
seg000:13CD             mov     ah, 35h
seg000:13CF             mov     al, 8
seg000:13D1             int     21h
seg000:13D3             mov     word ptr cs:14A1h, bx
seg000:13D8             mov     word ptr cs:14A3h, es
seg000:13DD             push    ds
seg000:13DE             mov     ah, 25h
seg000:13E0             mov     al, 8
seg000:13E2             lds     dx, cs:143Bh
seg000:13E7             int     21h
seg000:13E9             pop     ds
seg000:13EA             mov     byte ptr byte_13EB1, 1
seg000:13EF             retn
seg000:13F0 sub_113B2       endp
seg000:13F0
seg000:13F0
seg000:13F0 ; =============== S U B R O U T I N E =======================================
seg000:13F0
seg000:13F0
seg000:13F0 sub_113F0       proc near               ; CODE XREF: sub_108DE+11↑p
seg000:13F0                                         ; sub_10971+503↑p
seg000:13F0             mov     al, 36h             ; CODE XREF: sub_108DE+11↑p
seg000:13F0                                         ; sub_10971+503↑p
seg000:13F2             out     43h, al
seg000:13F4             jmp     short loc_113F6
seg000:13F6 ; ---------------------------------------------------------------------------
seg000:13F6
seg000:13F6 loc_113F6:                              ; CODE XREF: sub_113F0+4↑j
seg000:13F6             xor     al, al              ; CODE XREF: sub_113F0+4↑j
seg000:13F8             out     40h, al
seg000:13FA             jmp     short loc_113FC
seg000:13FC ; ---------------------------------------------------------------------------
seg000:13FC
seg000:13FC loc_113FC:                              ; CODE XREF: sub_113F0+A↑j
seg000:13FC             out     40h, al             ; CODE XREF: sub_113F0+A↑j
seg000:13FE             push    ds
seg000:13FF             mov     ah, 25h
seg000:1401             mov     al, 8
seg000:1403             lds     dx, cs:14A1h
seg000:1408             int     21h
seg000:140A             pop     ds
seg000:140B             mov     byte ptr byte_13EB1, 0
seg000:1410             retn
seg000:1411             mov     bx, word_13EBF
seg000:1415             mov     word_13EBC, bx
seg000:1419             mov     ax, word_13EC1
seg000:141C             xor     dx, dx
seg000:141E             div     bx
seg000:1420             mov     word_13EB6, ax
seg000:1423             mov     byte ptr byte_13EBE, 1
seg000:1428             retn
seg000:1429             mov     word ptr word_13EBC, 1
seg000:142F             mov     ax, word_13EC1
seg000:1432             mov     word_13EB6, ax
seg000:1435             mov     byte ptr byte_13EBE, 1
seg000:143A             retn
seg000:143B             aas
seg000:143C             adc     al, 0h
seg000:143E             add     bl, bh
seg000:1440             push    ax
seg000:1441             push    bx
seg000:1442             push    cx
seg000:1443             push    dx
seg000:1444             push    si
seg000:1445             push    di
seg000:1446             push    bp
seg000:1447             push    ds
seg000:1448             push    es
seg000:1449             mov     ax, seg dseg
seg000:144C             mov     ds, ax
seg000:144E             mov     ax, word_13EB8
seg000:1451             add     word_13EB2, ax
seg000:1455             adc     word ptr word_13EB4, 0
seg000:145A             dec     word ptr word_13EC6
seg000:145E             jne     short loc_11471
seg000:1460             mov     ax, word_13EBC
seg000:1463             mov     word_13EC6, ax
seg000:1466             call    sub_114A5
seg000:1469             mov     byte ptr byte_13EB0, 0
seg000:146E             call    sub_10E9E
seg000:1471
seg000:1471 loc_11471:                              ; CODE XREF: sub_113F0+6E↑j
seg000:1471             cmp     word ptr word_13EBC, 1; CODE XREF: sub_113F0+6E↑j
seg000:1476             je      short loc_1147D
seg000:1478             call    far ptr 2FCh:0C42h
seg000:147D
seg000:147D loc_1147D:                              ; CODE XREF: sub_113F0+86↑j
seg000:147D             cmp     word ptr word_13EB4, 0; CODE XREF: sub_113F0+86↑j
seg000:1482             jne     short loc_11492
seg000:1484             mov     al, 20h
seg000:1486             out     20h, al
seg000:1488             pop     es
seg000:1489             pop     ds
seg000:148A             pop     bp
seg000:148B             pop     di
seg000:148C             pop     si
seg000:148D             pop     dx
seg000:148E             pop     cx
seg000:148F             pop     bx
seg000:1490             pop     ax
seg000:1491             iret
seg000:1492 ; ---------------------------------------------------------------------------
seg000:1492
seg000:1492 loc_11492:                              ; CODE XREF: sub_113F0+92↑j
seg000:1492             dec     word ptr word_13EB4 ; CODE XREF: sub_113F0+92↑j
seg000:1496             pop     es
seg000:1497             pop     ds
seg000:1498             pop     bp
seg000:1499             pop     di
seg000:149A             pop     si
seg000:149B             pop     dx
seg000:149C             pop     cx
seg000:149D             pop     bx
seg000:149E             pop     ax
seg000:149F             cli
seg000:14A0             jmp     far ptr 0:0
seg000:14A5 sub_113F0       endp
seg000:14A5
seg000:14A5
seg000:14A5 ; =============== S U B R O U T I N E =======================================
seg000:14A5
seg000:14A5
seg000:14A5 sub_114A5       proc near               ; CODE XREF: sub_113F0+76↑p
seg000:14A5             dec     byte ptr byte_13EBE ; CODE XREF: sub_113F0+76↑p
seg000:14A9             jne     short loc_1150A
seg000:14AB             mov     byte ptr byte_13EBE, 14h
seg000:14B0             cmp     byte ptr byte_13EC5, 0
seg000:14B5             je      short loc_114D8
seg000:14B7             xor     bl, bl
seg000:14B9             xor     cx, cx
seg000:14BB             mov     dx, 3DAh
seg000:14BE
seg000:14BE loc_114BE:                              ; CODE XREF: sub_114A5+24↓j
seg000:14BE                                         ; sub_114A5+29↓j
seg000:14BE             cli                         ; CODE XREF: sub_114A5+24↓j
seg000:14BE                                         ; sub_114A5+29↓j
seg000:14BF             in      al, dx
seg000:14C0             test    al, 8
seg000:14C2             jne     short loc_114D8
seg000:14C4             sti
seg000:14C5             and     al, 1
seg000:14C7             cmp     al, bl
seg000:14C9             je      short loc_114BE
seg000:14CB             xor     bl, 1
seg000:14CE             loop    loc_114BE
seg000:14D0             mov     byte ptr byte_13EC5, 0
seg000:14D5             jmp     short loc_1150A
seg000:14D7             nop
seg000:14D8
seg000:14D8 loc_114D8:                              ; CODE XREF: sub_114A5+10↑j
seg000:14D8                                         ; sub_114A5+1D↑j
seg000:14D8             mov     dx, word_13EB8      ; CODE XREF: sub_114A5+10↑j
seg000:14D8                                         ; sub_114A5+1D↑j
seg000:14DC             cmp     dx, word_13EB6
seg000:14E0             je      short loc_114EA
seg000:14E2             mov     dx, word_13EB6
seg000:14E6             mov     word_13EB8, dx
seg000:14EA
seg000:14EA loc_114EA:                              ; CODE XREF: sub_114A5+3B↑j
seg000:14EA             mov     al, 36h             ; CODE XREF: sub_114A5+3B↑j
seg000:14EC             out     43h, al
seg000:14EE             jmp     short loc_114F0
seg000:14F0 ; ---------------------------------------------------------------------------
seg000:14F0
seg000:14F0 loc_114F0:                              ; CODE XREF: sub_114A5+49↑j
seg000:14F0             mov     al, dl              ; CODE XREF: sub_114A5+49↑j
seg000:14F2             out     40h, al
seg000:14F4             jmp     short loc_114F6
seg000:14F6 ; ---------------------------------------------------------------------------
seg000:14F6
seg000:14F6 loc_114F6:                              ; CODE XREF: sub_114A5+4F↑j
seg000:14F6             mov     al, dh              ; CODE XREF: sub_114A5+4F↑j
seg000:14F8             out     40h, al
seg000:14FA             inc     word ptr word_13EBA
seg000:14FE             neg     cx
seg000:1500             mov     word_13EC8, cx
seg000:1504             je      short loc_1150A
seg000:1506             inc     word ptr word_13EC6
seg000:150A
seg000:150A loc_1150A:                              ; CODE XREF: sub_114A5+4↑j
seg000:150A                                         ; sub_114A5+30↑j ...
seg000:150A             sti                         ; CODE XREF: sub_114A5+4↑j
seg000:150A                                         ; sub_114A5+30↑j ...
seg000:150B             retn
seg000:150C sub_114A5       endp
seg000:150C
seg000:150C
seg000:150C ; =============== S U B R O U T I N E =======================================
seg000:150C
seg000:150C
seg000:150C sub_1150C       proc near               ; CODE XREF: sub_113B2+18↑p
seg000:150C             pushf                       ; CODE XREF: sub_113B2+18↑p
seg000:150D             cli
seg000:150E             mov     byte ptr byte_13EBE, 1
seg000:1513             xor     ax, ax
seg000:1515             mov     byte ptr byte_13EC5, 1
seg000:151A             mov     word_13EC1, ax
seg000:151D             mov     word_13EC3, ax
seg000:1520             call    sub_115A1
seg000:1523             mov     bx, ax
seg000:1525             mov     cx, 10h
seg000:1528
seg000:1528 loc_11528:                              ; CODE XREF: sub_11514+26↓j
seg000:1528             push    bx                  ; CODE XREF: sub_11514+26↓j
seg000:1529             call    sub_115A1
seg000:152C             pop     bx
seg000:152D             sub     bx, ax
seg000:152F             add     word_13EC1, bx
seg000:1533             adc     word ptr word_13EC3, 0
seg000:1538             mov     bx, ax
seg000:153A             loop    loc_11528
seg000:153C             mov     ax, word_13EC1
seg000:153F             mov     dx, word_13EC3
seg000:1543             add     word_13EB2, ax
seg000:1547             adc     word_13EB4, dx
seg000:154B             mov     cx, 10h
seg000:154E             div     cx
seg000:1550             shr     ax, 1
seg000:1552             mov     word_13EC1, ax
seg000:1555             mov     bx, ax
seg000:1557             shr     bx, 1
seg000:1559             shr     bx, 1
seg000:155B             shr     bx, 1
seg000:155D             shr     bx, 1
seg000:155F             add     ax, bx
seg000:1561             xor     dx, dx
seg000:1563             mov     bx, 0F89h
seg000:1566             div     bx
seg000:1568             cmp     ax, 4
seg000:156B             jb      short loc_11575
seg000:156D             cmp     ax, 6
seg000:1570             ja      short loc_11575
seg000:1572             jmp     short loc_11583
seg000:1574             nop
seg000:1575
seg000:1575 loc_11575:                              ; CODE XREF: sub_11514+57↑j
seg000:1575                                         ; sub_11514+5C↑j
seg000:1575             mov     byte ptr byte_13EC5, 0; CODE XREF: sub_11514+57↑j
seg000:1575                                         ; sub_11514+5C↑j
seg000:157A             mov     word ptr word_13EC1, 4DAEh
seg000:1580             mov     ax, 5
seg000:1583
seg000:1583 loc_11583:                              ; CODE XREF: sub_11514+5E↑j
seg000:1583             mov     word_13EBF, ax      ; CODE XREF: sub_11514+5E↑j
seg000:1586             cmp     word ptr word_13EBC, 1
seg000:158B             je      short loc_11590
seg000:158D             mov     word_13EBC, ax
seg000:1590
seg000:1590 loc_11590:                              ; CODE XREF: sub_11514+77↑j
seg000:1590             mov     ax, word_13EC1      ; CODE XREF: sub_11514+77↑j
seg000:1593             xor     dx, dx
seg000:1595             div     word ptr word_13EBC
seg000:1599             mov     word_13EB8, ax
seg000:159C             mov     word_13EB6, ax
seg000:159F             popf
seg000:15A0             retn
seg000:15A1 sub_1150C       endp
seg000:15A1
seg000:15A1
seg000:15A1 ; =============== S U B R O U T I N E =======================================
seg000:15A1
seg000:15A1
seg000:15A1 sub_115A1       proc near               ; CODE XREF: sub_11514+C↑p
seg000:15A1                                         ; sub_11514+15↑p
seg000:15A1             pushf                       ; CODE XREF: sub_11514+C↑p
seg000:15A1                                         ; sub_11514+15↑p
seg000:15A2             cli
seg000:15A3             mov     dx, 3DAh
seg000:15A6             xor     bx, bx
seg000:15A8
seg000:15A8 loc_115A8:                              ; CODE XREF: sub_115A1+D↓j
seg000:15A8             dec     bx                  ; CODE XREF: sub_115A1+D↓j
seg000:15A9             je      short loc_115CC
seg000:15AB             in      al, dx
seg000:15AC             test    al, 8
seg000:15AE             jne     short loc_115A8
seg000:15B0             xor     bx, bx
seg000:15B2
seg000:15B2 loc_115B2:                              ; CODE XREF: sub_115A1+17↓j
seg000:15B2             dec     bx                  ; CODE XREF: sub_115A1+17↓j
seg000:15B3             je      short loc_115CC
seg000:15B5             in      al, dx
seg000:15B6             test    al, 8
seg000:15B8             je      short loc_115B2
seg000:15BA             mov     al, 0
seg000:15BC             out     43h, al
seg000:15BE             jmp     short loc_115C0
seg000:15C0 ; ---------------------------------------------------------------------------
seg000:15C0
seg000:15C0 loc_115C0:                              ; CODE XREF: sub_115A1+1D↑j
seg000:15C0             in      al, 40h             ; CODE XREF: sub_115A1+1D↑j
seg000:15C2             jmp     short loc_115C4
seg000:15C4 ; ---------------------------------------------------------------------------
seg000:15C4
seg000:15C4 loc_115C4:                              ; CODE XREF: sub_115A1+21↑j
seg000:15C4             mov     bl, al              ; CODE XREF: sub_115A1+21↑j
seg000:15C6             in      al, 40h
seg000:15C8             jmp     short loc_115CA
seg000:15CA ; ---------------------------------------------------------------------------
seg000:15CA
seg000:15CA loc_115CA:                              ; CODE XREF: sub_115A1+27↑j
seg000:15CA             mov     bh, al              ; CODE XREF: sub_115A1+27↑j
seg000:15CC
seg000:15CC loc_115CC:                              ; CODE XREF: sub_115A1+8↑j
seg000:15CC                                         ; sub_115A1+12↑j
seg000:15CC             mov     ax, bx              ; CODE XREF: sub_115A1+8↑j
seg000:15CC                                         ; sub_115A1+12↑j
seg000:15CE             popf
seg000:15CF             retn
seg000:15D0 sub_115A1       endp
seg000:15D0
seg000:15D0
seg000:15D0 ; =============== S U B R O U T I N E =======================================
seg000:15D0
seg000:15D0
seg000:15D0 sub_115D0       proc near               ; CODE XREF: sub_10971+508↑p
seg000:15D0             xor     ah, ah              ; CODE XREF: sub_10971+508↑p
seg000:15D2             int     1Ah
seg000:15D4             mov     ax, dx
seg000:15D6             retn
seg000:15D7             add     byte_22F4B[di], dl
seg000:15DA             in      al, dx
seg000:15DB             mov     dx, word ptr [bp+4]
seg000:15DE             sub     ax, ax
seg000:15E0             mov     al, [bp+6]
seg000:15E3             out     dx, al
seg000:15E4             pop     bp
seg000:15E5             retn
seg000:15E6 sub_115D0       endp
seg000:15E6
seg000:15E6
seg000:15E6 ; =============== S U B R O U T I N E =======================================
seg000:15E6
seg000:15E6
seg000:15E6 sub_115E6       proc near               ; CODE XREF: sub_10010+1C5↑p
seg000:15E6             push    bp                  ; CODE XREF: sub_10010+1C5↑p
seg000:15E7             mov     bp, sp
seg000:15E9             push    ds
seg000:15EA             pop     es
seg000:15EB             mov     si, word ptr [bp+4]
seg000:15EE
seg000:15EE loc_115EE:                              ; CODE XREF: sub_115E6+1C↓j
seg000:15EE             cmp     byte ptr [si], 0    ; CODE XREF: sub_115E6+1C↓j
seg000:15F1             je      short loc_11604
seg000:15F3             mov     al, [si]
seg000:15F5             cmp     al, 61h
seg000:15F7             jl      short loc_11601
seg000:15F9             cmp     al, 7Ah
seg000:15FB             jg      short loc_11601
seg000:15FD             sub     al, 20h
seg000:15FF             mov     [si], al
seg000:1601
seg000:1601 loc_11601:                              ; CODE XREF: sub_115E6+11↑j
seg000:1601                                         ; sub_115E6+15↑j
seg000:1601             inc     si                  ; CODE XREF: sub_115E6+11↑j
seg000:1601                                         ; sub_115E6+15↑j
seg000:1602             jmp     short loc_115EE
seg000:1604 ; ---------------------------------------------------------------------------
seg000:1604
seg000:1604 loc_11604:                              ; CODE XREF: sub_115E6+B↑j
seg000:1604             pop     bp                  ; CODE XREF: sub_115E6+B↑j
seg000:1605             retn
seg000:1606             push    bp
seg000:1607             mov     bp, sp
seg000:1609             push    ds
seg000:160A             pop     es
seg000:160B             mov     si, word ptr [bp+4]
seg000:160E             mov     di, word ptr [bp+6]
seg000:1611
seg000:1611 loc_11611:                              ; CODE XREF: sub_115E6+43↓j
seg000:1611             cmp     byte ptr [si], 0    ; CODE XREF: sub_115E6+43↓j
seg000:1614             jne     short loc_1161E
seg000:1616             cmp     byte ptr [di], 0
seg000:1619             je      short loc_1162B
seg000:161B             jmp     short loc_11631
seg000:161D             nop
seg000:161E
seg000:161E loc_1161E:                              ; CODE XREF: sub_115E6+2E↑j
seg000:161E             cmp     byte ptr [di], 0    ; CODE XREF: sub_115E6+2E↑j
seg000:1621             je      short loc_11631
seg000:1623             mov     al, [si]
seg000:1625             cmp     al, [di]
seg000:1627             jne     short loc_11631
seg000:1629             jmp     short loc_11611
seg000:162B ; ---------------------------------------------------------------------------
seg000:162B
seg000:162B loc_1162B:                              ; CODE XREF: sub_115E6+33↑j
seg000:162B             mov     ax, 1               ; CODE XREF: sub_115E6+33↑j
seg000:162E             jmp     short loc_11634
seg000:1630             nop
seg000:1631
seg000:1631 loc_11631:                              ; CODE XREF: sub_115E6+35↑j
seg000:1631                                         ; sub_115E6+3B↑j ...
seg000:1631             mov     ax, 0               ; CODE XREF: sub_115E6+35↑j
seg000:1631                                         ; sub_115E6+3B↑j ...
seg000:1634
seg000:1634 loc_11634:                              ; CODE XREF: sub_115E6+48↑j
seg000:1634             pop     bp                  ; CODE XREF: sub_115E6+48↑j
seg000:1635             retn
seg000:1636 sub_115E6       endp
seg000:1636
seg000:1636
seg000:1636 ; =============== S U B R O U T I N E =======================================
seg000:1636
seg000:1636
seg000:1636 sub_11636       proc near               ; CODE XREF: sub_10010+22B↑p
seg000:1636                                         ; sub_10294+4E↑p ...
seg000:1636             push    bp                  ; CODE XREF: sub_10010+22B↑p
seg000:1636                                         ; sub_10294+4E↑p ...
seg000:1637             mov     bp, sp
seg000:1639             push    si
seg000:163A
seg000:163A loc_1163A:                              ; CODE XREF: sub_11636+16↓j
seg000:163A             mov     bx, word ptr [bp+4] ; CODE XREF: sub_11636+16↓j
seg000:163D             inc     word ptr [bp+4]
seg000:1640             mov     si, word ptr [bp+6]
seg000:1643             inc     word ptr [bp+6]
seg000:1646             mov     al, [si]
seg000:1648             mov     [bx], al
seg000:164A             or      al, al
seg000:164C             jne     short loc_1163A
seg000:164E             pop     si
seg000:164F             pop     bp
seg000:1650             retn
seg000:1651 sub_11636       endp
seg000:1651
seg000:1651
seg000:1651 ; =============== S U B R O U T I N E =======================================
seg000:1651
seg000:1651
seg000:1651 sub_11651       proc near               ; CODE XREF: B$SETCLR+52↑p
seg000:1651             push    bp                  ; CODE XREF: B$SETCLR+52↑p
seg000:1652             mov     bp, sp
seg000:1654             push    si
seg000:1655             push    di
seg000:1656             push    es
seg000:1657             les     di, [bp+4]
seg000:165A             mov     si, word ptr [bp+8]
seg000:165D
seg000:165D loc_1165D:                              ; CODE XREF: sub_11651+10↓j
seg000:165D             lodsb                       ; CODE XREF: sub_11651+10↓j
seg000:165E             stosb
seg000:165F             or      al, al
seg000:1661             jne     short loc_1165D
seg000:1663             pop     es
seg000:1664             pop     di
seg000:1665             pop     si
seg000:1666             pop     bp
seg000:1667             retn
seg000:1668 sub_11651       endp
seg000:1668
seg000:1668
seg000:1668 ; =============== S U B R O U T I N E =======================================
seg000:1668
seg000:1668
seg000:1668 sub_11668       proc near               ; CODE XREF: sub_10971+12↑p
seg000:1668             push    bp                  ; CODE XREF: sub_10971+12↑p
seg000:1669             mov     bp, sp
seg000:166B             push    si
seg000:166C             push    di
seg000:166D             push    es
seg000:166E             push    ds
seg000:166F             push    ds
seg000:1670             pop     es
seg000:1671             lds     si, [bp+6]
seg000:1674             mov     di, word ptr [bp+4]
seg000:1677
seg000:1677 loc_11677:                              ; CODE XREF: sub_11668+13↓j
seg000:1677             lodsb                       ; CODE XREF: sub_11668+13↓j
seg000:1678             stosb
seg000:1679             or      al, al
seg000:167B             jne     short loc_11677
seg000:167D             pop     ds
seg000:167E             pop     es
seg000:167F             pop     di
seg000:1680             pop     si
seg000:1681             pop     bp
seg000:1682             retn
seg000:1683             push    bp
seg000:1684             mov     bp, sp
seg000:1686             mov     ax, word ptr [bp+4]
seg000:1689
seg000:1689 loc_11689:                              ; CODE XREF: sub_11668+2A↓j
seg000:1689             mov     bx, word ptr [bp+4] ; CODE XREF: sub_11668+2A↓j
seg000:168C             inc     word ptr [bp+4]
seg000:168F             cmp     byte ptr [bx], 0
seg000:1692             jne     short loc_11689
seg000:1694             mov     bx, word ptr [bp+4]
seg000:1697             sub     ax, bx
seg000:1699             not     ax
seg000:169B             mov     sp, bp
seg000:169D             pop     bp
seg000:169E             retn
seg000:169F sub_11668       endp
seg000:169F
seg000:169F
seg000:169F ; =============== S U B R O U T I N E =======================================
seg000:169F
seg000:169F
seg000:169F sub_1169F       proc near               ; CODE XREF: sub_10010+241↑p
seg000:169F                                         ; sub_10010+24F↑p ...
seg000:169F             push    bp                  ; CODE XREF: sub_10010+241↑p
seg000:169F                                         ; sub_10010+24F↑p ...
seg000:16A0             mov     bp, sp
seg000:16A2             push    si
seg000:16A3
seg000:16A3 loc_116A3:                              ; CODE XREF: sub_1169F+F↓j
seg000:16A3             mov     bx, word ptr [bp+4] ; CODE XREF: sub_1169F+F↓j
seg000:16A6             cmp     byte ptr [bx], 0
seg000:16A9             je      short loc_116B6
seg000:16AB             inc     word ptr [bp+4]
seg000:16AE             jmp     short loc_116A3
seg000:16B0 ; ---------------------------------------------------------------------------
seg000:16B0
seg000:16B0 loc_116B0:                              ; CODE XREF: sub_1169F+23↓j
seg000:16B0             inc     word ptr [bp+4]     ; CODE XREF: sub_1169F+23↓j
seg000:16B3             mov     bx, word ptr [bp+4]
seg000:16B6
seg000:16B6 loc_116B6:                              ; CODE XREF: sub_1169F+A↑j
seg000:16B6             mov     si, word ptr [bp+6] ; CODE XREF: sub_1169F+A↑j
seg000:16B9             inc     word ptr [bp+6]
seg000:16BC             mov     al, [si]
seg000:16BE             mov     [bx], al
seg000:16C0             or      al, al
seg000:16C2             jne     short loc_116B0
seg000:16C4             pop     si
seg000:16C5             pop     bp
seg000:16C6             retn
seg000:16C7             push    bp
seg000:16C8             mov     bp, sp
seg000:16CA             push    si
seg000:16CB             mov     ax, word ptr [bp+6]
seg000:16CE
seg000:16CE loc_116CE:                              ; CODE XREF: sub_1169F+3E↓j
seg000:16CE             mov     bx, word ptr [bp+4] ; CODE XREF: sub_1169F+3E↓j
seg000:16D1             cmp     byte ptr [bx], 0
seg000:16D4             je      short loc_116DF
seg000:16D6             cmp     [bx], al
seg000:16D8             je      short loc_116E5
seg000:16DA             inc     word ptr [bp+4]
seg000:16DD             jmp     short loc_116CE
seg000:16DF ; ---------------------------------------------------------------------------
seg000:16DF
seg000:16DF loc_116DF:                              ; CODE XREF: sub_1169F+35↑j
seg000:16DF             mov     ax, 0               ; CODE XREF: sub_1169F+35↑j
seg000:16E2             jmp     short loc_116E7
seg000:16E4             nop
seg000:16E5
seg000:16E5 loc_116E5:                              ; CODE XREF: sub_1169F+39↑j
seg000:16E5             mov     ax, bx              ; CODE XREF: sub_1169F+39↑j
seg000:16E7
seg000:16E7 loc_116E7:                              ; CODE XREF: sub_1169F+43↑j
seg000:16E7             pop     si                  ; CODE XREF: sub_1169F+43↑j
seg000:16E8             pop     bp
seg000:16E9             retn
seg000:16EA             push    bp
seg000:16EB             mov     bp, sp
seg000:16ED             push    si
seg000:16EE             mov     al, [bp+6]
seg000:16F1             mov     di, word ptr [bp+4]
seg000:16F4             mov     cx, word ptr [bp+8]
seg000:16F7             rep stosb
seg000:16F9             pop     si
seg000:16FA             mov     sp, bp
seg000:16FC             pop     bp
seg000:16FD             retn
seg000:16FE             push    bp
seg000:16FF             mov     bp, sp
seg000:1701             push    si
seg000:1702             push    es
seg000:1703             mov     al, [bp+8]
seg000:1706             les     di, [bp+4]
seg000:1709             mov     cx, word ptr [bp+0Ah]
seg000:170C             rep stosb
seg000:170E             pop     es
seg000:170F             pop     si
seg000:1710             mov     sp, bp
seg000:1712             pop     bp
seg000:1713             retn
seg000:1714 sub_1169F       endp
seg000:1714
seg000:1714
seg000:1714 ; =============== S U B R O U T I N E =======================================
seg000:1714
seg000:1714
seg000:1714 sub_11714       proc near               ; CODE XREF: sub_10971+247↑p
seg000:1714             push    bp                  ; CODE XREF: sub_10971+247↑p
seg000:1715             mov     bp, sp
seg000:1717             push    si
seg000:1718             mov     cx, word ptr [bp+8]
seg000:171B
seg000:171B loc_1171B:                              ; CODE XREF: sub_11714+17↓j
seg000:171B             mov     si, word ptr [bp+4] ; CODE XREF: sub_11714+17↓j
seg000:171E             inc     word ptr [bp+4]
seg000:1721             mov     bx, word ptr [bp+6]
seg000:1724             inc     word ptr [bp+6]
seg000:1727             mov     dl, [bx]
seg000:1729             mov     [si], dl
seg000:172B             loop    loc_1171B
seg000:172D             pop     si
seg000:172E             mov     sp, bp
seg000:1730             pop     bp
seg000:1731             retn
seg000:1732 sub_11714       endp
seg000:1732
seg000:1732
seg000:1732 ; =============== S U B R O U T I N E =======================================
seg000:1732
seg000:1732
seg000:1732 sub_11732       proc near               ; CODE XREF: sub_10971+11D↑p
seg000:1732             push    bp                  ; CODE XREF: sub_10971+11D↑p
seg000:1733             mov     bp, sp
seg000:1735             push    si
seg000:1736             push    di
seg000:1737             push    es
seg000:1738             push    ds
seg000:1739             push    ds
seg000:173A             pop     es
seg000:173B             mov     cx, word ptr [bp+0Ah]
seg000:173E             mov     di, word ptr [bp+4]
seg000:1741             lds     si, [bp+6]
seg000:1744             rep movsb
seg000:1746             pop     ds
seg000:1747             pop     es
seg000:1748             pop     di
seg000:1749             pop     si
seg000:174A             mov     sp, bp
seg000:174C             pop     bp
seg000:174D             retn
seg000:174E             push    bp
seg000:174F             mov     bp, sp
seg000:1751             push    si
seg000:1752             mov     cx, word ptr [bp+8]
seg000:1755
seg000:1755 loc_11755:                              ; CODE XREF: sub_11732+33↓j
seg000:1755             mov     si, word ptr [bp+4] ; CODE XREF: sub_11732+33↓j
seg000:1758             inc     word ptr [bp+4]
seg000:175B             mov     ax, [si]
seg000:175D             mov     bx, word ptr [bp+6]
seg000:1760             inc     word ptr [bp+6]
seg000:1763             cmp     ax, [bx]
seg000:1765             loope   loc_11755
seg000:1767             or      cx, cx
seg000:1769             je      short loc_11771
seg000:176B             mov     ax, 0
seg000:176E             jmp     short loc_11774
seg000:1770             nop
seg000:1771
seg000:1771 loc_11771:                              ; CODE XREF: sub_11732+37↑j
seg000:1771             mov     ax, 1               ; CODE XREF: sub_11732+37↑j
seg000:1774
seg000:1774 loc_11774:                              ; CODE XREF: sub_11732+3C↑j
seg000:1774             pop     si                  ; CODE XREF: sub_11732+3C↑j
seg000:1775             mov     sp, bp
seg000:1777             pop     bp
seg000:1778             retn
seg000:1779 sub_11732       endp
seg000:1779
seg000:1779
seg000:1779 ; =============== S U B R O U T I N E =======================================
seg000:1779
seg000:1779
seg000:1779 sub_11779       proc near               ; CODE XREF: sub_10010+53↑p
seg000:1779                                         ; sub_108FC+22↑p
seg000:1779             push    bp                  ; CODE XREF: sub_10010+53↑p
seg000:1779                                         ; sub_108FC+22↑p
seg000:177A             mov     bp, sp
seg000:177C             push    si
seg000:177D             push    di
seg000:177E             push    ax
seg000:177F             push    bx
seg000:1780             push    cx
seg000:1781             push    dx
seg000:1782             mov     di, word ptr [bp+6]
seg000:1785             mov     ax, [di]
seg000:1787             mov     bx, word ptr seg_12FC2[di]
seg000:178A             mov     cx, word_12FC4[di]
seg000:178D             mov     dx, word_12FC6[di]
seg000:1790             cmp     word ptr [bp+4], 10h
seg000:1794             je      short loc_117AB
seg000:1796             cmp     word ptr [bp+4], 21h
seg000:179A             je      short loc_117B0
seg000:179C             cmp     word ptr [bp+4], 16h
seg000:17A0             je      short loc_117B5
seg000:17A2             cmp     word ptr [bp+4], 1Ah
seg000:17A6             je      short loc_117BA
seg000:17A8             jmp     short loc_117BF
seg000:17AA             nop
seg000:17AB
seg000:17AB loc_117AB:                              ; CODE XREF: sub_11779+1B↑j
seg000:17AB             int     10h                 ; CODE XREF: sub_11779+1B↑j
seg000:17AD             jmp     short loc_117C6
seg000:17AF             nop
seg000:17B0
seg000:17B0 loc_117B0:                              ; CODE XREF: sub_11779+21↑j
seg000:17B0             int     21h                 ; CODE XREF: sub_11779+21↑j
seg000:17B2             jmp     short loc_117C6
seg000:17B4             nop
seg000:17B5
seg000:17B5 loc_117B5:                              ; CODE XREF: sub_11779+27↑j
seg000:17B5             int     16h                 ; CODE XREF: sub_11779+27↑j
seg000:17B7             jmp     short loc_117C6
seg000:17B9             nop
seg000:17BA
seg000:17BA loc_117BA:                              ; CODE XREF: sub_11779+2D↑j
seg000:17BA             int     1Ah                 ; CODE XREF: sub_11779+2D↑j
seg000:17BC             jmp     short loc_117C6
seg000:17BE             nop
seg000:17BF
seg000:17BF loc_117BF:                              ; CODE XREF: sub_11779+2F↑j
seg000:17BF             sub     ax, ax              ; CODE XREF: sub_11779+2F↑j
seg000:17C1             not     ax
seg000:17C3             jmp     short loc_117D4
seg000:17C5             nop
seg000:17C6
seg000:17C6 loc_117C6:                              ; CODE XREF: sub_11779+34↑j
seg000:17C6                                         ; sub_11779+39↑j ...
seg000:17C6             mov     di, word ptr [bp+8] ; CODE XREF: sub_11779+34↑j
seg000:17C6                                         ; sub_11779+39↑j ...
seg000:17C9             mov     [di], ax
seg000:17CB             mov     word ptr seg_12FC2[di], bx
seg000:17CE             mov     word_12FC4[di], cx
seg000:17D1             mov     word_12FC6[di], dx
seg000:17D4
seg000:17D4 loc_117D4:                              ; CODE XREF: sub_11779+4A↑j
seg000:17D4             pop     dx                  ; CODE XREF: sub_11779+4A↑j
seg000:17D5             pop     cx
seg000:17D6             pop     bx
seg000:17D7             pop     ax
seg000:17D8             pop     di
seg000:17D9             pop     si
seg000:17DA             mov     sp, bp
seg000:17DC             pop     bp
seg000:17DD             retn
seg000:17DE sub_11779       endp
seg000:17DE
seg000:17DE
seg000:17DE ; =============== S U B R O U T I N E =======================================
seg000:17DE
seg000:17DE
seg000:17DE sub_117DE       proc near               ; CODE XREF: cexit+14↓p
seg000:17DE             push    bp                  ; CODE XREF: cexit+14↓p
seg000:17DF             mov     bp, sp
seg000:17E1             push    si
seg000:17E2             mov     bx, word ptr [bp+6]
seg000:17E5             mov     ax, word ptr [bp+8]
seg000:17E8             cmp     ax, 0Ah
seg000:17EB             je      short loc_117FA
seg000:17ED             cmp     ax, 2
seg000:17F0             je      short loc_11806
seg000:17F2             cmp     ax, 10h
seg000:17F5             je      short loc_11800
seg000:17F7             jmp     short loc_1180C
seg000:17F9             nop
seg000:17FA
seg000:17FA loc_117FA:                              ; CODE XREF: sub_117DE+D↑j
seg000:17FA             call    sub_1181B           ; CODE XREF: sub_117DE+D↑j
seg000:17FD             jmp     short loc_11816
seg000:17FF             nop
seg000:1800
seg000:1800 loc_11800:                              ; CODE XREF: sub_117DE+17↑j
seg000:1800             call    sub_11846           ; CODE XREF: sub_117DE+17↑j
seg000:1803             jmp     short loc_11816
seg000:1805             nop
seg000:1806
seg000:1806 loc_11806:                              ; CODE XREF: sub_117DE+12↑j
seg000:1806             call    sub_1188E           ; CODE XREF: sub_117DE+12↑j
seg000:1809             jmp     short loc_11816
seg000:180B             nop
seg000:180C
seg000:180C loc_1180C:                              ; CODE XREF: sub_117DE+19↑j
seg000:180C             mov     bx, word ptr [bp+6] ; CODE XREF: sub_117DE+19↑j
seg000:180F             db 0C7h
seg000:1810 sub_117DE       endp
seg000:1810
seg000:1810
seg000:1810 ; =============== S U B R O U T I N E =======================================
seg000:1810
seg000:1810
seg000:1810 $i8_exprange    proc near
seg000:1810             pop     es
seg000:1811             add     [bx+si], al
seg000:1813             mov     ax, 0
seg000:1816
seg000:1816 loc_11816:                              ; CODE XREF: sub_117DE+1F↑j
seg000:1816                                         ; sub_117DE+25↑j ...
seg000:1816             pop     si                  ; CODE XREF: sub_117DE+1F↑j
seg000:1816                                         ; sub_117DE+25↑j ...
seg000:1817             mov     sp, bp
seg000:1819             pop     bp
seg000:181A             retn
seg000:181B $i8_exprange    endp
seg000:181B
seg000:181B
seg000:181B ; =============== S U B R O U T I N E =======================================
seg000:181B
seg000:181B
seg000:181B sub_1181B       proc near               ; CODE XREF: sub_117DE:loc_117FA↑p
seg000:181B             sub     cx, cx              ; CODE XREF: sub_117DE:loc_117FA↑p
seg000:181D             mov     ax, word ptr [bp+4]
seg000:1820             mov     si, 0Ah
seg000:1823             or      ax, ax
seg000:1825             jns     short loc_1182D
seg000:1827             mov     byte ptr [bx], 2Dh
seg000:182A             inc     bx
seg000:182B             neg     ax
seg000:182D
seg000:182D loc_1182D:                              ; CODE XREF: sub_1181B+A↑j
seg000:182D                                         ; sub_1181B+1D↓j
seg000:182D             sub     dx, dx              ; CODE XREF: sub_1181B+A↑j
seg000:182D                                         ; sub_1181B+1D↓j
seg000:182F             div     si
seg000:1831             add     dx, 30h
seg000:1834             push    dx
seg000:1835             inc     cx
seg000:1836             or      ax, ax
seg000:1838             jne     short loc_1182D
seg000:183A             mov     ax, cx
seg000:183C
seg000:183C loc_1183C:                              ; CODE XREF: sub_1181B+25↓j
seg000:183C             pop     dx                  ; CODE XREF: sub_1181B+25↓j
seg000:183D             mov     [bx], dl
seg000:183F             inc     bx
seg000:1840             loop    loc_1183C
seg000:1842             mov     byte ptr [bx], 0
seg000:1845             retn
seg000:1846 sub_1181B       endp
seg000:1846
seg000:1846
seg000:1846 ; =============== S U B R O U T I N E =======================================
seg000:1846
seg000:1846
seg000:1846 sub_11846       proc near               ; CODE XREF: sub_117DE:loc_11800↑p
seg000:1846             mov     cx, 4               ; CODE XREF: sub_117DE:loc_11800↑p
seg000:1849             mov     ax, word ptr [bp+4]
seg000:184C             and     ah, 0F0h
seg000:184F
seg000:184F loc_1184F:                              ; CODE XREF: sub_12A81+1E3↓j
seg000:184F             mov     al, ah              ; CODE XREF: sub_12A81+1E3↓j
seg000:1851             sub     ah, ah
seg000:1853             shr     ax, cl
seg000:1855             add     ax, 30h
seg000:1858             mov     [bx], al
seg000:185A             inc     bx
seg000:185B             mov     ax, word ptr [bp+4]
seg000:185E             and     ah, 0Fh
seg000:1861             mov     al, ah
seg000:1863             sub     ah, ah
seg000:1865             add     ax, 30h
seg000:1868             mov     [bx], al
seg000:186A             inc     bx
seg000:186B             mov     ax, word ptr [bp+4]
seg000:186E             and     al, 0F0h
seg000:1870             sub     ah, ah
seg000:1872             shr     ax, cl
seg000:1874             add     ax, 30h
seg000:1877             mov     [bx], al
seg000:1879             inc     bx
seg000:187A             mov     ax, word ptr [bp+4]
seg000:187D             and     al, 0Fh
seg000:187F             sub     ah, ah
seg000:1881             add     ax, 30h
seg000:1884             mov     [bx], al
seg000:1886             inc     bx
seg000:1887             mov     byte ptr [bx], 0
seg000:188A             mov     ax, 4
seg000:188D             retn
seg000:188E sub_11846       endp
seg000:188E
seg000:188E
seg000:188E ; =============== S U B R O U T I N E =======================================
seg000:188E
seg000:188E
seg000:188E sub_1188E       proc near               ; CODE XREF: sub_117DE:loc_11806↑p
seg000:188E             mov     dx, word ptr [bp+4] ; CODE XREF: sub_117DE:loc_11806↑p
seg000:1891             sub     ax, ax
seg000:1893             mov     ah, 80h
seg000:1895
seg000:1895 loc_11895:                              ; CODE XREF: sub_1188E+18↓j
seg000:1895             test    ax, dx              ; CODE XREF: sub_1188E+18↓j
seg000:1897             jne     short loc_118A0
seg000:1899             mov     byte ptr [bx], 30h
seg000:189C             inc     bx
seg000:189D             jmp     short loc_118A4
seg000:189F             nop
seg000:18A0
seg000:18A0 loc_118A0:                              ; CODE XREF: sub_1188E+9↑j
seg000:18A0             mov     byte ptr [bx], 31h  ; CODE XREF: sub_1188E+9↑j
seg000:18A3             inc     bx
seg000:18A4
seg000:18A4 loc_118A4:                              ; CODE XREF: sub_1188E+F↑j
seg000:18A4             shr     ax, 1               ; CODE XREF: sub_1188E+F↑j
seg000:18A6             jnb     short loc_11895
seg000:18A8             mov     byte ptr [bx], 0
seg000:18AB             mov     ax, 10h
seg000:18AE             retn
seg000:18AF             db  0Fh
seg000:18B0 sub_1188E       endp
seg000:18B0
seg000:18B0
seg000:18B0 ; =============== S U B R O U T I N E =======================================
seg000:18B0
seg000:18B0
seg000:18B0 sub_118B0       proc near               ; CODE XREF: sub_10010+61↑p
seg000:18B0                                         ; sub_10010+72↑p ...
seg000:18B0             push    bp                  ; CODE XREF: sub_10010+61↑p
seg000:18B0                                         ; sub_10010+72↑p ...
seg000:18B1             mov     bp, sp
seg000:18B3             push    si
seg000:18B4             mov     ah, 2
seg000:18B6             xor     bh, bh
seg000:18B8             mov     dh, [bp+4]
seg000:18BB             mov     dl, [bp+6]
seg000:18BE             cmp     dx, -1
seg000:18C1             je      short loc_118C5
seg000:18C3             int     10h
seg000:18C5
seg000:18C5 loc_118C5:                              ; CODE XREF: sub_118B0+11↑j
seg000:18C5             mov     bl, byte ptr cs:loc_118A4+0Bh; CODE XREF: sub_118B0+11↑j
seg000:18CA             xor     bh, bh
seg000:18CC             mov     cx, 1
seg000:18CF             mov     si, word ptr [bp+8]
seg000:18D2
seg000:18D2 loc_118D2:                              ; CODE XREF: sub_118B0+39↓j
seg000:18D2                                         ; sub_118B0+46↓j
seg000:18D2             lodsb                       ; CODE XREF: sub_118B0+39↓j
seg000:18D2                                         ; sub_118B0+46↓j
seg000:18D3             or      al, al
seg000:18D5             je      short loc_118F8
seg000:18D7             cmp     al, 0FFh
seg000:18D9             je      short loc_118EB
seg000:18DB             mov     dl, al
seg000:18DD             mov     ah, 9
seg000:18DF             mov     al, 20h
seg000:18E1             int     10h
seg000:18E3             mov     ah, 0Eh
seg000:18E5             mov     al, dl
seg000:18E7             int     10h
seg000:18E9             jmp     short loc_118D2
seg000:18EB ; ---------------------------------------------------------------------------
seg000:18EB
seg000:18EB loc_118EB:                              ; CODE XREF: sub_118B0+29↑j
seg000:18EB             lodsb                       ; CODE XREF: sub_118B0+29↑j
seg000:18EC             or      al, al
seg000:18EE             je      short loc_118F8
seg000:18F0             mov     byte ptr cs:loc_118A4+0Bh, al
seg000:18F4             mov     bl, al
seg000:18F6             jmp     short loc_118D2
seg000:18F8 ; ---------------------------------------------------------------------------
seg000:18F8
seg000:18F8 loc_118F8:                              ; CODE XREF: sub_118B0+25↑j
seg000:18F8                                         ; sub_118B0+3E↑j
seg000:18F8             pop     si                  ; CODE XREF: sub_118B0+25↑j
seg000:18F8                                         ; sub_118B0+3E↑j
seg000:18F9             pop     bp
seg000:18FA             retn
seg000:18FB sub_118B0       endp
seg000:18FB
seg000:18FB
seg000:18FB ; =============== S U B R O U T I N E =======================================
seg000:18FB
seg000:18FB
seg000:18FB sub_118FB       proc near               ; CODE XREF: sub_10010+259↑p
seg000:18FB                                         ; sub_102FC+16↑p ...
seg000:18FB             push    bp                  ; CODE XREF: sub_10010+259↑p
seg000:18FB                                         ; sub_102FC+16↑p ...
seg000:18FC             mov     bp, sp
seg000:18FE             mov     ah, 9
seg000:1900             mov     dx, word ptr [bp+4]
seg000:1903             int     21h
seg000:1905             pop     bp
seg000:1906             retn
seg000:1907             db    0
seg000:1908
seg000:1908 start:
seg000:1908             mov     ah, 30h
seg000:190A             int     21h
seg000:190C             cmp     al, 2
seg000:190E             jnb     short loc_11912
seg000:1910             int     20h
seg000:1912
seg000:1912 loc_11912:                              ; CODE XREF: sub_118FB+13↑j
seg000:1912             mov     di, seg dseg        ; CODE XREF: sub_118FB+13↑j
seg000:1915             mov     si, word ptr seg_12FC2
seg000:1919             sub     si, di
seg000:191B             cmp     si, 1000h
seg000:191F             jb      short loc_11924
seg000:1921             mov     si, 1000h
seg000:1924
seg000:1924 loc_11924:                              ; CODE XREF: sub_118FB+24↑j
seg000:1924             cli                         ; CODE XREF: sub_118FB+24↑j
seg000:1925             mov     ss, di
seg000:1927             add     sp, 181Eh
seg000:192B             sti
seg000:192C             jnb     short loc_1193E
seg000:192E             push    ss
seg000:192F             pop     ds
seg000:1930             call    sub_11D78
seg000:1933             xor     ax, ax
seg000:1935             push    ax
seg000:1936             call    NMSG_WRITE
seg000:1939             mov     ax, 4CFFh
seg000:193C             int     21h
seg000:193E
seg000:193E loc_1193E:                              ; CODE XREF: sub_118FB+31↑j
seg000:193E             and     sp, 0FFFEh          ; CODE XREF: sub_118FB+31↑j
seg000:1941             mov     ss:word_156F2, sp
seg000:1946             mov     ss:word_156EE, sp
seg000:194B             mov     ax, si
seg000:194D             mov     cl, 4
seg000:194F
seg000:194F loc_1194F:                              ; CODE XREF: sub_12A81+2E3↓j
seg000:194F             shl     ax, cl              ; CODE XREF: sub_12A81+2E3↓j
seg000:1951             dec     ax
seg000:1952             mov     ss:word_156EC, ax
seg000:1956             add     si, di
seg000:1958             mov     word ptr seg_12FC2, si
seg000:195C             mov     bx, es
seg000:195E             sub     bx, si
seg000:1960             neg     bx
seg000:1962             mov     ah, 4Ah
seg000:1964             int     21h
seg000:1966             mov     ss:seg_15763, ds
seg000:196B             push    ss
seg000:196C             pop     es
seg000:196D             cld
seg000:196E             mov     di, 11F4h
seg000:1971             mov     cx, 1820h
seg000:1974             sub     cx, di
seg000:1976             xor     ax, ax
seg000:1978             rep stosb
seg000:197A             push    ss
seg000:197B             pop     ds
seg000:197C             call    sub_119BA
seg000:197F             push    ss
seg000:1980             pop     ds
seg000:1981             call    sub_11F4E
seg000:1984             call    sub_11DC0
seg000:1987             xor     bp, bp
seg000:1989             push    word_13F64
seg000:198D             push    word_13F62
seg000:1991             push    word_13F60
seg000:1995             call    sub_10010
seg000:1998             push    ax
seg000:1999             call    sub_11A7E
seg000:199C             mov     ax, seg dseg
seg000:199F             mov     ds, ax
seg000:19A1             mov     ax, 3
seg000:19A4             mov     word ptr ss:word_156F0, 1A7Eh
seg000:19AB
seg000:19AB loc_119AB:                              ; CODE XREF: fptrap+3↓j
seg000:19AB                                         ; sub_122FC+3F↓j ...
seg000:19AB             push    ax                  ; CODE XREF: fptrap+3↓j
seg000:19AB                                         ; sub_122FC+3F↓j ...
seg000:19AC             call    sub_11D78
seg000:19AF             call    NMSG_WRITE
seg000:19B2             mov     ax, 0FFh
seg000:19B5             push    ax
seg000:19B6             call    word ptr word_13ED0
seg000:19BA sub_118FB       endp
seg000:19BA
seg000:19BA
seg000:19BA ; =============== S U B R O U T I N E =======================================
seg000:19BA
seg000:19BA
seg000:19BA sub_119BA       proc near               ; CODE XREF: sub_118FB+81↑p
seg000:19BA             mov     ah, 30h             ; CODE XREF: sub_118FB+81↑p
seg000:19BC             int     21h
seg000:19BE             mov     word_13F45, ax
seg000:19C1             mov     ax, 3500h
seg000:19C4             int     21h
seg000:19C6             mov     word_13F31, bx
seg000:19CA             mov     word ptr seg_13F33, es
seg000:19CE             push    cs
seg000:19CF             pop     ds
seg000:19D0             mov     ax, 2500h
seg000:19D3             mov     dx, 199Ch
seg000:19D6             int     21h
seg000:19D8             push    ss
seg000:19D9             pop     ds
seg000:19DA             mov     cx, word_140CE
seg000:19DE             jcxz    loc_11A0E
seg000:19E0             mov     es, word ptr seg_13F43
seg000:19E4             mov     si, word ptr es:2Ch
seg000:19E9             lds     ax, word_140D0
seg000:19ED             mov     dx, ds
seg000:19EF             xor     bx, bx
seg000:19F1             call    dword ptr ss:dword_158EC
seg000:19F6             jnb     short loc_119FD
seg000:19F8             push    ss
seg000:19F9             pop     ds
seg000:19FA             jmp     fptrap
seg000:19FD ; ---------------------------------------------------------------------------
seg000:19FD
seg000:19FD loc_119FD:                              ; CODE XREF: sub_119BA+3C↑j
seg000:19FD             lds     ax, ss:word_158F4   ; CODE XREF: sub_119BA+3C↑j
seg000:1A02             mov     dx, ds
seg000:1A04             mov     bx, 3
seg000:1A07             call    dword ptr ss:dword_158EC
seg000:1A0C             push    ss
seg000:1A0D             pop     ds
seg000:1A0E
seg000:1A0E loc_11A0E:                              ; CODE XREF: sub_119BA+24↑j
seg000:1A0E             mov     es, word ptr seg_13F43; CODE XREF: sub_119BA+24↑j
seg000:1A12             mov     cx, word ptr es:2Ch
seg000:1A17             jcxz    loc_11A4F
seg000:1A19             mov     es, cx
seg000:1A1B             xor     di, di
seg000:1A1D
seg000:1A1D loc_11A1D:                              ; CODE XREF: sub_119BA+7C↓j
seg000:1A1D             cmp     byte ptr es:[di], 0 ; CODE XREF: sub_119BA+7C↓j
seg000:1A21             je      short loc_11A4F
seg000:1A23             mov     cx, 0Ch
seg000:1A26             mov     si, 0F64h
seg000:1A29             repe cmpsb
seg000:1A2B             je      short loc_11A38
seg000:1A2D             mov     cx, 7FFFh
seg000:1A30             xor     ax, ax
seg000:1A32             repne scasb
seg000:1A34             jne     short loc_11A4F
seg000:1A36             jmp     short loc_11A1D
seg000:1A38 ; ---------------------------------------------------------------------------
seg000:1A38
seg000:1A38 loc_11A38:                              ; CODE XREF: sub_119BA+71↑j
seg000:1A38             push    es                  ; CODE XREF: sub_119BA+71↑j
seg000:1A39             push    ds
seg000:1A3A             pop     es
seg000:1A3B             pop     ds
seg000:1A3C             mov     si, di
seg000:1A3E             mov     di, 0F8Ch
seg000:1A41             lodsb
seg000:1A42             cbw
seg000:1A43             xchg    cx, ax
seg000:1A44
seg000:1A44 loc_11A44:                              ; CODE XREF: sub_119BA+91↓j
seg000:1A44             lodsb                       ; CODE XREF: sub_119BA+91↓j
seg000:1A45             inc     al
seg000:1A47             je      short loc_11A4A
seg000:1A49             dec     ax
seg000:1A4A
seg000:1A4A loc_11A4A:                              ; CODE XREF: sub_119BA+8D↑j
seg000:1A4A             stosb                       ; CODE XREF: sub_119BA+8D↑j
seg000:1A4B             loop    loc_11A44
seg000:1A4D             push    ss
seg000:1A4E             pop     ds
seg000:1A4F
seg000:1A4F loc_11A4F:                              ; CODE XREF: sub_119BA+5D↑j
seg000:1A4F                                         ; sub_119BA+67↑j ...
seg000:1A4F             mov     bx, 4               ; CODE XREF: sub_119BA+5D↑j
seg000:1A4F                                         ; sub_119BA+67↑j ...
seg000:1A52
seg000:1A52 loc_11A52:                              ; CODE XREF: sub_119BA+AF↓j
seg000:1A52             and     byte ptr byte_13F4C[bx], 0BFh; CODE XREF: sub_119BA+AF↓j
seg000:1A57             mov     ax, 4400h
seg000:1A5A             int     21h
seg000:1A5C             jb      short loc_11A68
seg000:1A5E             test    dl, 80h
seg000:1A61             je      short loc_11A68
seg000:1A63             or      byte ptr byte_13F4C[bx], 40h
seg000:1A68
seg000:1A68 loc_11A68:                              ; CODE XREF: sub_119BA+A2↑j
seg000:1A68                                         ; sub_119BA+A7↑j
seg000:1A68             dec     bx                  ; CODE XREF: sub_119BA+A2↑j
seg000:1A68                                         ; sub_119BA+A7↑j
seg000:1A69             jns     short loc_11A52
seg000:1A6B             mov     si, 1118h
seg000:1A6E             mov     di, 1118h
seg000:1A71             call    sub_11B16
seg000:1A74             mov     si, 1118h
seg000:1A77             mov     di, 1118h
seg000:1A7A             call    sub_11B07
seg000:1A7D             retn
seg000:1A7E sub_119BA       endp
seg000:1A7E
seg000:1A7E
seg000:1A7E ; =============== S U B R O U T I N E =======================================
seg000:1A7E
seg000:1A7E
seg000:1A7E sub_11A7E       proc near               ; CODE XREF: sub_10010+26F↑p
seg000:1A7E                                         ; sub_102FC+27D↑p ...
seg000:1A7E             push    bp                  ; CODE XREF: sub_10010+26F↑p
seg000:1A7E                                         ; sub_102FC+27D↑p ...
seg000:1A7F             mov     bp, sp
seg000:1A81             mov     si, 1202h
seg000:1A84             mov     di, 1202h
seg000:1A87             call    sub_11B07
seg000:1A8A             mov     si, 1118h
seg000:1A8D             mov     di, 111Ah
seg000:1A90             call    sub_11B07
seg000:1A93             jmp     short loc_11A98
seg000:1A95             push    bp
seg000:1A96             mov     bp, sp
seg000:1A98
seg000:1A98 loc_11A98:                              ; CODE XREF: sub_11A7E+15↑j
seg000:1A98             mov     si, 111Ah           ; CODE XREF: sub_11A7E+15↑j
seg000:1A9B             mov     di, 111Ah
seg000:1A9E             call    sub_11B07
seg000:1AA1             mov     si, 111Ah
seg000:1AA4             mov     di, 111Ah
seg000:1AA7             call    sub_11B16
seg000:1AAA             call    nullcheck
seg000:1AAD             or      ax, ax
seg000:1AAF             je      short loc_11ABC
seg000:1AB1             cmp     word ptr [bp+4], 0
seg000:1AB5             jne     short loc_11ABC
seg000:1AB7             mov     word ptr [bp+4], 0FFh
seg000:1ABC
seg000:1ABC loc_11ABC:                              ; CODE XREF: sub_11A7E+31↑j
seg000:1ABC                                         ; sub_11A7E+37↑j
seg000:1ABC             mov     cx, 0Fh             ; CODE XREF: sub_11A7E+31↑j
seg000:1ABC                                         ; sub_11A7E+37↑j
seg000:1ABF             mov     bx, 5
seg000:1AC2
seg000:1AC2 loc_11AC2:                              ; CODE XREF: sub_11A7E+50↓j
seg000:1AC2             test    byte ptr byte_13F4C[bx], 1; CODE XREF: sub_11A7E+50↓j
seg000:1AC7             je      short loc_11ACD
seg000:1AC9             mov     ah, 3Eh
seg000:1ACB             int     21h
seg000:1ACD
seg000:1ACD loc_11ACD:                              ; CODE XREF: sub_11A7E+49↑j
seg000:1ACD             inc     bx                  ; CODE XREF: sub_11A7E+49↑j
seg000:1ACE             loop    loc_11AC2
seg000:1AD0             call    sub_11ADA
seg000:1AD3             mov     ax, word ptr [bp+4]
seg000:1AD6 sub_11A7E       endp
seg000:1AD6
seg000:1AD6
seg000:1AD6 ; =============== S U B R O U T I N E =======================================
seg000:1AD6
seg000:1AD6
seg000:1AD6 B$terminate     proc near
seg000:1AD6             mov     ah, 4Ch
seg000:1AD8             int     21h
seg000:1ADA B$terminate     endp
seg000:1ADA
seg000:1ADA
seg000:1ADA ; =============== S U B R O U T I N E =======================================
seg000:1ADA
seg000:1ADA
seg000:1ADA sub_11ADA       proc near               ; CODE XREF: sub_11A7E+52↑p
seg000:1ADA             mov     cx, word_140CE      ; CODE XREF: sub_11A7E+52↑p
seg000:1ADE             jcxz    loc_11AE7
seg000:1AE0             mov     bx, 2
seg000:1AE3             call    dword ptr dword_140CC
seg000:1AE7
seg000:1AE7 loc_11AE7:                              ; CODE XREF: sub_11ADA+4↑j
seg000:1AE7             push    ds                  ; CODE XREF: sub_11ADA+4↑j
seg000:1AE8             lds     dx, word_13F31
seg000:1AEC             mov     ax, 2500h
seg000:1AEF             int     21h
seg000:1AF1             pop     ds
seg000:1AF2             cmp     byte ptr byte_13F6E, 0
seg000:1AF7             je      short loc_11B06
seg000:1AF9             push    ds
seg000:1AFA             mov     al, byte_13F6F
seg000:1AFD             lds     dx, word_13F70
seg000:1B01             mov     ah, 25h
seg000:1B03             int     21h
seg000:1B05             pop     ds
seg000:1B06
seg000:1B06 loc_11B06:                              ; CODE XREF: sub_11ADA+1D↑j
seg000:1B06             retn                        ; CODE XREF: sub_11ADA+1D↑j
seg000:1B07 sub_11ADA       endp
seg000:1B07
seg000:1B07
seg000:1B07 ; =============== S U B R O U T I N E =======================================
seg000:1B07
seg000:1B07
seg000:1B07 sub_11B07       proc near               ; CODE XREF: sub_119BA+C0↑p
seg000:1B07                                         ; sub_11A7E+9↑p ...
seg000:1B07             cmp     si, di              ; CODE XREF: sub_119BA+C0↑p
seg000:1B07                                         ; sub_11A7E+9↑p ...
seg000:1B09             jnb     short loc_11B15
seg000:1B0B             dec     di
seg000:1B0C             dec     di
seg000:1B0D             mov     cx, [di]
seg000:1B0F             jcxz    sub_11B07
seg000:1B11             call    cx
seg000:1B13             jmp     short sub_11B07
seg000:1B15 ; ---------------------------------------------------------------------------
seg000:1B15
seg000:1B15 loc_11B15:                              ; CODE XREF: sub_11B07+2↑j
seg000:1B15             retn                        ; CODE XREF: sub_11B07+2↑j
seg000:1B16 sub_11B07       endp
seg000:1B16
seg000:1B16
seg000:1B16 ; =============== S U B R O U T I N E =======================================
seg000:1B16
seg000:1B16
seg000:1B16 sub_11B16       proc near               ; CODE XREF: sub_119BA+B7↑p
seg000:1B16                                         ; sub_11A7E+29↑p ...
seg000:1B16             cmp     si, di              ; CODE XREF: sub_119BA+B7↑p
seg000:1B16                                         ; sub_11A7E+29↑p ...
seg000:1B18             jnb     short loc_11B28
seg000:1B1A             sub     di, 4
seg000:1B1D             mov     ax, [di]
seg000:1B1F             or      ax, word ptr seg_12FC2[di]
seg000:1B22             je      short sub_11B16
seg000:1B24             call    dword ptr [di]
seg000:1B26             jmp     short sub_11B16
seg000:1B28 ; ---------------------------------------------------------------------------
seg000:1B28
seg000:1B28 loc_11B28:                              ; CODE XREF: sub_11B16+2↑j
seg000:1B28             retn                        ; CODE XREF: sub_11B16+2↑j
seg000:1B29             add     byte_22F4B[di], dl
seg000:1B2C             in      al, dx
seg000:1B2D             sub     sp, 10h
seg000:1B30             push    di
seg000:1B31             push    si
seg000:1B32             mov     si, word ptr [bp+4]
seg000:1B35             mov     di, 0FFFFh
seg000:1B38             test    byte ptr word_12FC6[si], 83h
seg000:1B3C             jne     short loc_11B41
seg000:1B3E             jmp     loc_11BD8
seg000:1B41 ; ---------------------------------------------------------------------------
seg000:1B41
seg000:1B41 loc_11B41:                              ; CODE XREF: sub_11B16+26↑j
seg000:1B41             test    byte ptr word_12FC6[si], 40h; CODE XREF: sub_11B16+26↑j
seg000:1B45             je      short loc_11B4A
seg000:1B47             jmp     loc_11BD8
seg000:1B4A ; ---------------------------------------------------------------------------
seg000:1B4A
seg000:1B4A loc_11B4A:                              ; CODE XREF: sub_11B16+2F↑j
seg000:1B4A             push    si                  ; CODE XREF: sub_11B16+2F↑j
seg000:1B4B             call    sub_12136
seg000:1B4E             add     sp, 2
seg000:1B51             mov     di, ax
seg000:1B53             mov     bx, si
seg000:1B55             sub     bx, 0FC0h
seg000:1B59             mov     cl, 3
seg000:1B5B             sar     bx, cl
seg000:1B5D             mov     ax, bx
seg000:1B5F             shl     bx, 1
seg000:1B61             add     bx, ax
seg000:1B63             shl     bx, 1
seg000:1B65             mov     ax, word_14024[bx]
seg000:1B69             mov     word ptr [bp-4], ax
seg000:1B6C             push    si
seg000:1B6D             call    freebuf
seg000:1B70             add     sp, 2
seg000:1B73             mov     al, byte ptr word_12FC7[si]
seg000:1B76             cbw
seg000:1B77             push    ax
seg000:1B78             call    sub_121DE
seg000:1B7B             add     sp, 2
seg000:1B7E             or      ax, ax
seg000:1B80             jl      short loc_11BD5
seg000:1B82             cmp     word ptr [bp-4], 0
seg000:1B86             je      short loc_11BD8
seg000:1B88             mov     ax, 0FB4h
seg000:1B8B             push    ax
seg000:1B8C             lea     ax, [bp-0Eh]
seg000:1B8F             push    ax
seg000:1B90             call    sub_11636
seg000:1B93             add     sp, 4
seg000:1B96             lea     ax, [bp-0Ch]
seg000:1B99             mov     word ptr [bp-2], ax
seg000:1B9C             mov     bx, ax
seg000:1B9E             cmp     byte ptr word_22FBE[bx], 5Ch
seg000:1BA2             je      short loc_11BB4
seg000:1BA4             mov     ax, 0FB6h
seg000:1BA7             push    ax
seg000:1BA8             lea     ax, [bp-0Eh]
seg000:1BAB             push    ax
seg000:1BAC             db 0E8h
seg000:1BAD sub_11B16       endp
seg000:1BAD
seg000:1BAD
seg000:1BAD ; =============== S U B R O U T I N E =======================================
seg000:1BAD
seg000:1BAD
seg000:1BAD cexit           proc near
seg000:1BAD cexit           db 0F0h
seg000:1BAE             cli
seg000:1BAF             add     sp, 4
seg000:1BB2             jmp     short loc_11BB7
seg000:1BB4 ; ---------------------------------------------------------------------------
seg000:1BB4
seg000:1BB4 loc_11BB4:                              ; CODE XREF: sub_11B16+8C↑j
seg000:1BB4             dec     word ptr [bp-2]     ; CODE XREF: sub_11B16+8C↑j
seg000:1BB7
seg000:1BB7 loc_11BB7:                              ; CODE XREF: cexit+5↑j
seg000:1BB7             mov     ax, 0Ah             ; CODE XREF: cexit+5↑j
seg000:1BBA             push    ax
seg000:1BBB             push    [bp-2]
seg000:1BBE             push    [bp-4]
seg000:1BC1             call    sub_117DE
seg000:1BC4             add     sp, 6
seg000:1BC7             lea     ax, [bp-0Eh]
seg000:1BCA             push    ax
seg000:1BCB             call    sub_12252
seg000:1BCE             add     sp, 2
seg000:1BD1             or      ax, ax
seg000:1BD3             je      short loc_11BD8
seg000:1BD5
seg000:1BD5 loc_11BD5:                              ; CODE XREF: sub_11B16+6A↑j
seg000:1BD5             mov     di, 0FFFFh          ; CODE XREF: sub_11B16+6A↑j
seg000:1BD8
seg000:1BD8 loc_11BD8:                              ; CODE XREF: sub_11B16+28↑j
seg000:1BD8                                         ; sub_11B16+31↑j ...
seg000:1BD8             mov     byte ptr word_12FC6[si], 0; CODE XREF: sub_11B16+28↑j
seg000:1BD8                                         ; sub_11B16+31↑j ...
seg000:1BDC             mov     ax, di
seg000:1BDE             pop     si
seg000:1BDF             pop     di
seg000:1BE0             mov     sp, bp
seg000:1BE2             pop     bp
seg000:1BE3             retn
seg000:1BE4 cexit           endp
seg000:1BE4
seg000:1BE4
seg000:1BE4 ; =============== S U B R O U T I N E =======================================
seg000:1BE4
seg000:1BE4
seg000:1BE4 fopen           proc near
seg000:1BE4             push    bp
seg000:1BE5             mov     bp, sp
seg000:1BE7             sub     sp, 2
seg000:1BEA             push    si
seg000:1BEB             call    sub_121A4
seg000:1BEE             mov     si, ax
seg000:1BF0             or      si, si
seg000:1BF2             je      short loc_11C04
seg000:1BF4             push    si
seg000:1BF5             push    [bp+6]
seg000:1BF8             push    [bp+4]
seg000:1BFB             call    sub_1203E
seg000:1BFE             add     sp, 6
seg000:1C01             jmp     short loc_11C06
seg000:1C03             nop
seg000:1C04
seg000:1C04 loc_11C04:                              ; CODE XREF: fopen+E↑j
seg000:1C04             sub     ax, ax              ; CODE XREF: fopen+E↑j
seg000:1C06
seg000:1C06 loc_11C06:                              ; CODE XREF: fopen+1D↑j
seg000:1C06             pop     si                  ; CODE XREF: fopen+1D↑j
seg000:1C07             mov     sp, bp
seg000:1C09             pop     bp
seg000:1C0A             retn
seg000:1C0B             nop
seg000:1C0C fopen           endp
seg000:1C0C
seg000:1C0C
seg000:1C0C ; =============== S U B R O U T I N E =======================================
seg000:1C0C
seg000:1C0C
seg000:1C0C strcmp          proc near
seg000:1C0C             push    bp
seg000:1C0D             mov     bp, sp
seg000:1C0F             mov     dx, di
seg000:1C11             mov     bx, si
seg000:1C13             mov     ax, ds
seg000:1C15             mov     es, ax
seg000:1C17             mov     si, word ptr [bp+4]
seg000:1C1A             mov     di, word ptr [bp+6]
seg000:1C1D             xor     ax, ax
seg000:1C1F             mov     cx, 0FFFFh
seg000:1C22             repne scasb
seg000:1C24             not     cx
seg000:1C26             sub     di, cx
seg000:1C28             repe cmpsb
seg000:1C2A             je      short loc_11C31
seg000:1C2C             sbb     ax, ax
seg000:1C2E             sbb     ax, 0FFFFh
seg000:1C31
seg000:1C31 loc_11C31:                              ; CODE XREF: strcmp+1E↑j
seg000:1C31             mov     si, bx              ; CODE XREF: strcmp+1E↑j
seg000:1C33             mov     di, dx
seg000:1C35             pop     bp
seg000:1C36             retn
seg000:1C37             add     cl, ch
seg000:1C39             retn
seg000:1C3A             add     ax, 5500h
seg000:1C3D             mov     bp, sp
seg000:1C3F             mov     ax, word ptr [bp+4]
seg000:1C42             mov     word_13F78, ax
seg000:1C45             mov     word ptr word_13F7A, 0
seg000:1C4B             pop     bp
seg000:1C4C             retn
seg000:1C4D             nop
seg000:1C4E strcmp          endp
seg000:1C4E
seg000:1C4E
seg000:1C4E ; =============== S U B R O U T I N E =======================================
seg000:1C4E
seg000:1C4E
seg000:1C4E sub_11C4E       proc near               ; CODE XREF: sub_10971+516↑p
seg000:1C4E             mov     ax, 43FDh           ; CODE XREF: sub_10971+516↑p
seg000:1C51             mov     dx, 3
seg000:1C54             push    dx
seg000:1C55             push    ax
seg000:1C56             push    word_13F7A
seg000:1C5A             push    word_13F78
seg000:1C5E             call    aNulmul
seg000:1C61             add     ax, 9EC3h
seg000:1C64             adc     dx, 26h
seg000:1C67             mov     word_13F78, ax
seg000:1C6A             mov     word_13F7A, dx
seg000:1C6E             mov     ax, dx
seg000:1C70             and     ah, 7Fh
seg000:1C73             retn
seg000:1C74 sub_11C4E       endp
seg000:1C74
seg000:1C74
seg000:1C74 ; =============== S U B R O U T I N E =======================================
seg000:1C74
seg000:1C74
seg000:1C74 aNulmul         proc near               ; CODE XREF: sub_10971+522↑p
seg000:1C74                                         ; sub_11C4E+10↑p
seg000:1C74             push    bp                  ; CODE XREF: sub_10971+522↑p
seg000:1C74                                         ; sub_11C4E+10↑p
seg000:1C75             mov     bp, sp
seg000:1C77             mov     ax, word ptr [bp+6]
seg000:1C7A             mov     bx, word ptr [bp+0Ah]
seg000:1C7D             or      bx, ax
seg000:1C7F             mov     bx, word ptr [bp+8]
seg000:1C82             jne     short loc_11C8F
seg000:1C84             mov     ax, word ptr [bp+4]
seg000:1C87             mul     bx
seg000:1C89             mov     sp, bp
seg000:1C8B             pop     bp
seg000:1C8C             retn    8
seg000:1C8F ; ---------------------------------------------------------------------------
seg000:1C8F
seg000:1C8F loc_11C8F:                              ; CODE XREF: aNulmul+E↑j
seg000:1C8F             mul     bx                  ; CODE XREF: aNulmul+E↑j
seg000:1C91             mov     cx, ax
seg000:1C93             mov     ax, word ptr [bp+4]
seg000:1C96             mul     word ptr [bp+0Ah]
seg000:1C99             add     cx, ax
seg000:1C9B             mov     ax, word ptr [bp+4]
seg000:1C9E             mul     bx
seg000:1CA0             add     dx, cx
seg000:1CA2             mov     sp, bp
seg000:1CA4             pop     bp
seg000:1CA5             retn    8
seg000:1CA8 aNulmul         endp
seg000:1CA8
seg000:1CA8
seg000:1CA8 ; =============== S U B R O U T I N E =======================================
seg000:1CA8
seg000:1CA8
seg000:1CA8 aNlrem          proc near               ; CODE XREF: sub_10971+31C↑p
seg000:1CA8                                         ; sub_10971+33B↑p ...
seg000:1CA8             push    bp                  ; CODE XREF: sub_10971+31C↑p
seg000:1CA8                                         ; sub_10971+33B↑p ...
seg000:1CA9             mov     bp, sp
seg000:1CAB             push    bx
seg000:1CAC             push    di
seg000:1CAD             xor     di, di
seg000:1CAF             mov     ax, word ptr [bp+6]
seg000:1CB2             or      ax, ax
seg000:1CB4             jge     short loc_11CC7
seg000:1CB6             inc     di
seg000:1CB7             mov     dx, word ptr [bp+4]
seg000:1CBA             neg     ax
seg000:1CBC             neg     dx
seg000:1CBE             sbb     ax, 0
seg000:1CC1             mov     word ptr [bp+6], ax
seg000:1CC4             mov     word ptr [bp+4], dx
seg000:1CC7
seg000:1CC7 loc_11CC7:                              ; CODE XREF: aNlrem+C↑j
seg000:1CC7             mov     ax, word ptr [bp+0Ah]; CODE XREF: aNlrem+C↑j
seg000:1CCA             or      ax, ax
seg000:1CCC             jge     short loc_11CDE
seg000:1CCE             mov     dx, word ptr [bp+8]
seg000:1CD1             neg     ax
seg000:1CD3             neg     dx
seg000:1CD5             sbb     ax, 0
seg000:1CD8             mov     word ptr [bp+0Ah], ax
seg000:1CDB             mov     word ptr [bp+8], dx
seg000:1CDE
seg000:1CDE loc_11CDE:                              ; CODE XREF: aNlrem+24↑j
seg000:1CDE             or      ax, ax              ; CODE XREF: aNlrem+24↑j
seg000:1CE0             jne     short loc_11CFA
seg000:1CE2             mov     cx, word ptr [bp+8]
seg000:1CE5             mov     ax, word ptr [bp+6]
seg000:1CE8             xor     dx, dx
seg000:1CEA             div     cx
seg000:1CEC             mov     ax, word ptr [bp+4]
seg000:1CEF             div     cx
seg000:1CF1             mov     ax, dx
seg000:1CF3             xor     dx, dx
seg000:1CF5             dec     di
seg000:1CF6             jns     short loc_11D3B
seg000:1CF8             jmp     short loc_11D42
seg000:1CFA ; ---------------------------------------------------------------------------
seg000:1CFA
seg000:1CFA loc_11CFA:                              ; CODE XREF: aNlrem+38↑j
seg000:1CFA             mov     bx, ax              ; CODE XREF: aNlrem+38↑j
seg000:1CFC             mov     cx, word ptr [bp+8]
seg000:1CFF             mov     dx, word ptr [bp+6]
seg000:1D02             mov     ax, word ptr [bp+4]
seg000:1D05
seg000:1D05 loc_11D05:                              ; CODE XREF: aNlrem+67↓j
seg000:1D05             shr     bx, 1               ; CODE XREF: aNlrem+67↓j
seg000:1D07             rcr     cx, 1
seg000:1D09             shr     dx, 1
seg000:1D0B             rcr     ax, 1
seg000:1D0D             or      bx, bx
seg000:1D0F             jne     short loc_11D05
seg000:1D11             div     cx
seg000:1D13             mov     cx, ax
seg000:1D15             mul     word ptr [bp+0Ah]
seg000:1D18             xchg    cx, ax
seg000:1D19             mul     word ptr [bp+8]
seg000:1D1C             add     dx, cx
seg000:1D1E             jb      short loc_11D2C
seg000:1D20             cmp     dx, word ptr [bp+6]
seg000:1D23             ja      short loc_11D2C
seg000:1D25             jb      short loc_11D32
seg000:1D27             cmp     ax, word ptr [bp+4]
seg000:1D2A             jbe     short loc_11D32
seg000:1D2C
seg000:1D2C loc_11D2C:                              ; CODE XREF: aNlrem+76↑j
seg000:1D2C                                         ; aNlrem+7B↑j
seg000:1D2C             sub     ax, word ptr [bp+8] ; CODE XREF: aNlrem+76↑j
seg000:1D2C                                         ; aNlrem+7B↑j
seg000:1D2F             sbb     dx, word ptr [bp+0Ah]
seg000:1D32
seg000:1D32 loc_11D32:                              ; CODE XREF: aNlrem+7D↑j
seg000:1D32                                         ; aNlrem+82↑j
seg000:1D32             sub     ax, word ptr [bp+4] ; CODE XREF: aNlrem+7D↑j
seg000:1D32                                         ; aNlrem+82↑j
seg000:1D35             sbb     dx, word ptr [bp+6]
seg000:1D38             dec     di
seg000:1D39             jns     short loc_11D42
seg000:1D3B
seg000:1D3B loc_11D3B:                              ; CODE XREF: aNlrem+4E↑j
seg000:1D3B             neg     dx                  ; CODE XREF: aNlrem+4E↑j
seg000:1D3D             neg     ax
seg000:1D3F             sbb     dx, 0
seg000:1D42
seg000:1D42 loc_11D42:                              ; CODE XREF: aNlrem+50↑j
seg000:1D42                                         ; aNlrem+91↑j
seg000:1D42             pop     di                  ; CODE XREF: aNlrem+50↑j
seg000:1D42                                         ; aNlrem+91↑j
seg000:1D43             pop     bx
seg000:1D44             mov     sp, bp
seg000:1D46             pop     bp
seg000:1D47             retn    8
seg000:1D4A aNlrem          endp
seg000:1D4A
seg000:1D4A
seg000:1D4A ; =============== S U B R O U T I N E =======================================
seg000:1D4A
seg000:1D4A
seg000:1D4A sub_11D4A       proc near               ; CODE XREF: sub_10971+527↑p
seg000:1D4A             xor     ch, ch              ; CODE XREF: sub_10971+527↑p
seg000:1D4C             jcxz    loc_11D54
seg000:1D4E
seg000:1D4E loc_11D4E:                              ; CODE XREF: sub_11D4A+8↓j
seg000:1D4E             sar     dx, 1               ; CODE XREF: sub_11D4A+8↓j
seg000:1D50             rcr     ax, 1
seg000:1D52             loop    loc_11D4E
seg000:1D54
seg000:1D54 loc_11D54:                              ; CODE XREF: sub_11D4A+2↑j
seg000:1D54             retn                        ; CODE XREF: sub_11D4A+2↑j
seg000:1D55             add     byte_22F4B[di], dl
seg000:1D58             in      al, dx
seg000:1D59             mov     bx, word ptr [bp+4]
seg000:1D5C             push    [bp+8]
seg000:1D5F             push    [bp+6]
seg000:1D62             push    word ptr seg_12FC2[bx]
seg000:1D65             push    [bx]
seg000:1D67             call    aNldiv
seg000:1D6A             mov     bx, word ptr [bp+4]
seg000:1D6D             mov     word ptr seg_12FC2[bx], dx
seg000:1D70             mov     [bx], ax
seg000:1D72             mov     sp, bp
seg000:1D74             pop     bp
seg000:1D75             retn    6
seg000:1D78 sub_11D4A       endp
seg000:1D78
seg000:1D78
seg000:1D78 ; =============== S U B R O U T I N E =======================================
seg000:1D78
seg000:1D78
seg000:1D78 sub_11D78       proc near               ; CODE XREF: sub_118FB+35↑p
seg000:1D78                                         ; sub_118FB+B1↑p ...
seg000:1D78             push    bp                  ; CODE XREF: sub_118FB+35↑p
seg000:1D78                                         ; sub_118FB+B1↑p ...
seg000:1D79             mov     bp, sp
seg000:1D7B             mov     ax, 0FCh
seg000:1D7E             push    ax
seg000:1D7F             call    NMSG_WRITE
seg000:1D82             cmp     word ptr word_13F7C, 0
seg000:1D87             je      short loc_11D8D
seg000:1D89             call    word ptr word_13F7C
seg000:1D8D
seg000:1D8D loc_11D8D:                              ; CODE XREF: sub_11D78+F↑j
seg000:1D8D             mov     ax, 0FFh            ; CODE XREF: sub_11D78+F↑j
seg000:1D90             push    ax
seg000:1D91             call    NMSG_WRITE
seg000:1D94             mov     sp, bp
seg000:1D96             pop     bp
seg000:1D97             retn
seg000:1D98 sub_11D78       endp
seg000:1D98
seg000:1D98
seg000:1D98 ; =============== S U B R O U T I N E =======================================
seg000:1D98
seg000:1D98
seg000:1D98 fptrap          proc near               ; CODE XREF: sub_119BA+40↑j
seg000:1D98             mov     ax, 2               ; CODE XREF: sub_119BA+40↑j
seg000:1D9B             jmp     loc_119AB
seg000:1D9E fptrap          endp
seg000:1D9E
seg000:1D9E
seg000:1D9E ; =============== S U B R O U T I N E =======================================
seg000:1D9E
seg000:1D9E
seg000:1D9E nullcheck       proc near               ; CODE XREF: sub_11A7E+2C↑p
seg000:1D9E             push    si                  ; CODE XREF: sub_11A7E+2C↑p
seg000:1D9F             xor     si, si
seg000:1DA1             mov     cx, 42h
seg000:1DA4             xor     ah, ah
seg000:1DA6             cld
seg000:1DA7
seg000:1DA7 loc_11DA7:                              ; CODE XREF: nullcheck+C↓j
seg000:1DA7             lodsb                       ; CODE XREF: nullcheck+C↓j
seg000:1DA8             xor     ah, al
seg000:1DAA             loop    loc_11DA7
seg000:1DAC             xor     ah, 55h
seg000:1DAF             je      short loc_11DBE
seg000:1DB1             call    sub_11D78
seg000:1DB4             mov     ax, 1
seg000:1DB7             push    ax
seg000:1DB8             call    NMSG_WRITE
seg000:1DBB             mov     ax, 1
seg000:1DBE
seg000:1DBE loc_11DBE:                              ; CODE XREF: nullcheck+11↑j
seg000:1DBE             pop     si                  ; CODE XREF: nullcheck+11↑j
seg000:1DBF             retn
seg000:1DC0 nullcheck       endp
seg000:1DC0
seg000:1DC0
seg000:1DC0 ; =============== S U B R O U T I N E =======================================
seg000:1DC0
seg000:1DC0
seg000:1DC0 sub_11DC0       proc near               ; CODE XREF: sub_118FB+89↑p
seg000:1DC0             pop     word_13F7E          ; CODE XREF: sub_118FB+89↑p
seg000:1DC4             mov     dx, 2
seg000:1DC7             cmp     byte ptr word_13F45, dl
seg000:1DCB             je      short loc_11DF6
seg000:1DCD             mov     es, word ptr seg_13F43
seg000:1DD1             mov     es, word ptr es:2Ch
seg000:1DD6             mov     word ptr seg_13F68, es
seg000:1DDA             xor     ax, ax
seg000:1DDC             cwd
seg000:1DDD             mov     cx, 8000h
seg000:1DE0             xor     di, di
seg000:1DE2
seg000:1DE2 loc_11DE2:                              ; CODE XREF: sub_11DC0+25↓j
seg000:1DE2             repne scasb                 ; CODE XREF: sub_11DC0+25↓j
seg000:1DE4             scasb
seg000:1DE5             jne     short loc_11DE2
seg000:1DE7             inc     di
seg000:1DE8             inc     di
seg000:1DE9             mov     word_13F66, di
seg000:1DED             mov     cx, 0FFFFh
seg000:1DF0             repne scasb
seg000:1DF2             not     cx
seg000:1DF4             mov     dx, cx
seg000:1DF6
seg000:1DF6 loc_11DF6:                              ; CODE XREF: sub_11DC0+B↑j
seg000:1DF6             mov     di, 1               ; CODE XREF: sub_11DC0+B↑j
seg000:1DF9             mov     si, 81h
seg000:1DFC             mov     ds, word ptr seg_13F43
seg000:1E00
seg000:1E00 loc_11E00:                              ; CODE XREF: sub_11DC0+43↓j
seg000:1E00                                         ; sub_11DC0+47↓j ...
seg000:1E00             lodsb                       ; CODE XREF: sub_11DC0+43↓j
seg000:1E00                                         ; sub_11DC0+47↓j ...
seg000:1E01             cmp     al, 20h
seg000:1E03             je      short loc_11E00
seg000:1E05             cmp     al, 9
seg000:1E07             je      short loc_11E00
seg000:1E09             cmp     al, 0Dh
seg000:1E0B             je      short loc_11E7C
seg000:1E0D             or      al, al
seg000:1E0F             je      short loc_11E7C
seg000:1E11             inc     di
seg000:1E12
seg000:1E12 loc_11E12:                              ; CODE XREF: sub_11DC0+7D↓j
seg000:1E12             dec     si                  ; CODE XREF: sub_11DC0+7D↓j
seg000:1E13
seg000:1E13 loc_11E13:                              ; CODE XREF: sub_11DC0+6D↓j
seg000:1E13                                         ; sub_11DC0+87↓j ...
seg000:1E13             lodsb                       ; CODE XREF: sub_11DC0+6D↓j
seg000:1E13                                         ; sub_11DC0+87↓j ...
seg000:1E14             cmp     al, 20h
seg000:1E16             je      short loc_11E00
seg000:1E18             cmp     al, 9
seg000:1E1A             je      short loc_11E00
seg000:1E1C             cmp     al, 0Dh
seg000:1E1E             je      short loc_11E7C
seg000:1E20             or      al, al
seg000:1E22             je      short loc_11E7C
seg000:1E24             cmp     al, 22h
seg000:1E26             je      short loc_11E4C
seg000:1E28             cmp     al, 5Ch
seg000:1E2A             je      short loc_11E2F
seg000:1E2C             inc     dx
seg000:1E2D             jmp     short loc_11E13
seg000:1E2F ; ---------------------------------------------------------------------------
seg000:1E2F
seg000:1E2F loc_11E2F:                              ; CODE XREF: sub_11DC0+6A↑j
seg000:1E2F             xor     cx, cx              ; CODE XREF: sub_11DC0+6A↑j
seg000:1E31
seg000:1E31 loc_11E31:                              ; CODE XREF: sub_11DC0+75↓j
seg000:1E31             inc     cx                  ; CODE XREF: sub_11DC0+75↓j
seg000:1E32             lodsb
seg000:1E33             cmp     al, 5Ch
seg000:1E35             je      short loc_11E31
seg000:1E37             cmp     al, 22h
seg000:1E39             je      short loc_11E3F
seg000:1E3B             add     dx, cx
seg000:1E3D             jmp     short loc_11E12
seg000:1E3F ; ---------------------------------------------------------------------------
seg000:1E3F
seg000:1E3F loc_11E3F:                              ; CODE XREF: sub_11DC0+79↑j
seg000:1E3F             mov     ax, cx              ; CODE XREF: sub_11DC0+79↑j
seg000:1E41             shr     cx, 1
seg000:1E43             adc     dx, cx
seg000:1E45             test    al, 1
seg000:1E47             jne     short loc_11E13
seg000:1E49             jmp     short loc_11E4C
seg000:1E4B ; ---------------------------------------------------------------------------
seg000:1E4B
seg000:1E4B loc_11E4B:                              ; CODE XREF: sub_11DC0+AE↓j
seg000:1E4B             dec     si                  ; CODE XREF: sub_11DC0+AE↓j
seg000:1E4C
seg000:1E4C loc_11E4C:                              ; CODE XREF: sub_11DC0+66↑j
seg000:1E4C                                         ; sub_11DC0+89↑j ...
seg000:1E4C             lodsb                       ; CODE XREF: sub_11DC0+66↑j
seg000:1E4C                                         ; sub_11DC0+89↑j ...
seg000:1E4D             cmp     al, 0Dh
seg000:1E4F             je      short loc_11E7C
seg000:1E51             or      al, al
seg000:1E53             je      short loc_11E7C
seg000:1E55             cmp     al, 22h
seg000:1E57             je      short loc_11E13
seg000:1E59             cmp     al, 5Ch
seg000:1E5B             je      short loc_11E60
seg000:1E5D             inc     dx
seg000:1E5E             jmp     short loc_11E4C
seg000:1E60 ; ---------------------------------------------------------------------------
seg000:1E60
seg000:1E60 loc_11E60:                              ; CODE XREF: sub_11DC0+9B↑j
seg000:1E60             xor     cx, cx              ; CODE XREF: sub_11DC0+9B↑j
seg000:1E62
seg000:1E62 loc_11E62:                              ; CODE XREF: sub_11DC0+A6↓j
seg000:1E62             inc     cx                  ; CODE XREF: sub_11DC0+A6↓j
seg000:1E63             lodsb
seg000:1E64             cmp     al, 5Ch
seg000:1E66             je      short loc_11E62
seg000:1E68             cmp     al, 22h
seg000:1E6A             je      short loc_11E70
seg000:1E6C             add     dx, cx
seg000:1E6E             jmp     short loc_11E4B
seg000:1E70 ; ---------------------------------------------------------------------------
seg000:1E70
seg000:1E70 loc_11E70:                              ; CODE XREF: sub_11DC0+AA↑j
seg000:1E70             mov     ax, cx              ; CODE XREF: sub_11DC0+AA↑j
seg000:1E72             shr     cx, 1
seg000:1E74             adc     dx, cx
seg000:1E76             test    al, 1
seg000:1E78             jne     short loc_11E4C
seg000:1E7A             jmp     short loc_11E13
seg000:1E7C ; ---------------------------------------------------------------------------
seg000:1E7C
seg000:1E7C loc_11E7C:                              ; CODE XREF: sub_11DC0+4B↑j
seg000:1E7C                                         ; sub_11DC0+4F↑j ...
seg000:1E7C             push    ss                  ; CODE XREF: sub_11DC0+4B↑j
seg000:1E7C                                         ; sub_11DC0+4F↑j ...
seg000:1E7D             pop     ds
seg000:1E7E             mov     word_13F60, di
seg000:1E82             add     dx, di
seg000:1E84             inc     di
seg000:1E85             shl     di, 1
seg000:1E87             add     dx, di
seg000:1E89             and     dl, 0FEh
seg000:1E8C             sub     sp, dx
seg000:1E8E             mov     ax, sp
seg000:1E90             mov     word_13F62, ax
seg000:1E93             mov     bx, ax
seg000:1E95             add     di, bx
seg000:1E97             push    ss
seg000:1E98             pop     es
seg000:1E99             mov     ss:[bx], di
seg000:1E9C             inc     bx
seg000:1E9D             inc     bx
seg000:1E9E             lds     si, word_13F66
seg000:1EA2
seg000:1EA2 loc_11EA2:                              ; CODE XREF: sub_11DC0+E6↓j
seg000:1EA2             lodsb                       ; CODE XREF: sub_11DC0+E6↓j
seg000:1EA3             stosb
seg000:1EA4             or      al, al
seg000:1EA6             jne     short loc_11EA2
seg000:1EA8             mov     si, 81h
seg000:1EAB             mov     ds, ss:seg_15763
seg000:1EB0             jmp     short loc_11EB5
seg000:1EB2 ; ---------------------------------------------------------------------------
seg000:1EB2
seg000:1EB2 loc_11EB2:                              ; CODE XREF: sub_11DC0+115↓j
seg000:1EB2                                         ; sub_11DC0+119↓j
seg000:1EB2             xor     ax, ax              ; CODE XREF: sub_11DC0+115↓j
seg000:1EB2                                         ; sub_11DC0+119↓j
seg000:1EB4             stosb
seg000:1EB5
seg000:1EB5 loc_11EB5:                              ; CODE XREF: sub_11DC0+F0↑j
seg000:1EB5                                         ; sub_11DC0+F8↓j ...
seg000:1EB5             lodsb                       ; CODE XREF: sub_11DC0+F0↑j
seg000:1EB5                                         ; sub_11DC0+F8↓j ...
seg000:1EB6             cmp     al, 20h
seg000:1EB8             je      short loc_11EB5
seg000:1EBA             cmp     al, 9
seg000:1EBC             je      short loc_11EB5
seg000:1EBE             cmp     al, 0Dh
seg000:1EC0             jne     short loc_11EC5
seg000:1EC2             jmp     loc_11F44
seg000:1EC5 ; ---------------------------------------------------------------------------
seg000:1EC5
seg000:1EC5 loc_11EC5:                              ; CODE XREF: sub_11DC0+100↑j
seg000:1EC5             or      al, al              ; CODE XREF: sub_11DC0+100↑j
seg000:1EC7             jne     short loc_11ECC
seg000:1EC9             jmp     short loc_11F44
seg000:1ECB             nop
seg000:1ECC
seg000:1ECC loc_11ECC:                              ; CODE XREF: sub_11DC0+107↑j
seg000:1ECC             mov     ss:[bx], di         ; CODE XREF: sub_11DC0+107↑j
seg000:1ECF             inc     bx
seg000:1ED0             inc     bx
seg000:1ED1
seg000:1ED1 loc_11ED1:                              ; CODE XREF: sub_11DC0+13E↓j
seg000:1ED1             dec     si                  ; CODE XREF: sub_11DC0+13E↓j
seg000:1ED2
seg000:1ED2 loc_11ED2:                              ; CODE XREF: sub_11DC0+12C↓j
seg000:1ED2                                         ; sub_11DC0+14B↓j ...
seg000:1ED2             lodsb                       ; CODE XREF: sub_11DC0+12C↓j
seg000:1ED2                                         ; sub_11DC0+14B↓j ...
seg000:1ED3             cmp     al, 20h
seg000:1ED5             je      short loc_11EB2
seg000:1ED7             cmp     al, 9
seg000:1ED9             je      short loc_11EB2
seg000:1EDB             cmp     al, 0Dh
seg000:1EDD             je      short loc_11F41
seg000:1EDF             or      al, al
seg000:1EE1             je      short loc_11F41
seg000:1EE3             cmp     al, 22h
seg000:1EE5             je      short loc_11F0E
seg000:1EE7             cmp     al, 5Ch
seg000:1EE9             je      short loc_11EEE
seg000:1EEB             stosb
seg000:1EEC             jmp     short loc_11ED2
seg000:1EEE ; ---------------------------------------------------------------------------
seg000:1EEE
seg000:1EEE loc_11EEE:                              ; CODE XREF: sub_11DC0+129↑j
seg000:1EEE             xor     cx, cx              ; CODE XREF: sub_11DC0+129↑j
seg000:1EF0
seg000:1EF0 loc_11EF0:                              ; CODE XREF: sub_11DC0+134↓j
seg000:1EF0             inc     cx                  ; CODE XREF: sub_11DC0+134↓j
seg000:1EF1             lodsb
seg000:1EF2             cmp     al, 5Ch
seg000:1EF4             je      short loc_11EF0
seg000:1EF6             cmp     al, 22h
seg000:1EF8             je      short loc_11F00
seg000:1EFA             mov     al, 5Ch
seg000:1EFC             rep stosb
seg000:1EFE             jmp     short loc_11ED1
seg000:1F00 ; ---------------------------------------------------------------------------
seg000:1F00
seg000:1F00 loc_11F00:                              ; CODE XREF: sub_11DC0+138↑j
seg000:1F00             mov     al, 5Ch             ; CODE XREF: sub_11DC0+138↑j
seg000:1F02             shr     cx, 1
seg000:1F04             rep stosb
seg000:1F06             jnb     short loc_11F0E
seg000:1F08             mov     al, 22h
seg000:1F0A             stosb
seg000:1F0B             jmp     short loc_11ED2
seg000:1F0D ; ---------------------------------------------------------------------------
seg000:1F0D
seg000:1F0D loc_11F0D:                              ; CODE XREF: sub_11DC0+172↓j
seg000:1F0D             dec     si                  ; CODE XREF: sub_11DC0+172↓j
seg000:1F0E
seg000:1F0E loc_11F0E:                              ; CODE XREF: sub_11DC0+125↑j
seg000:1F0E                                         ; sub_11DC0+146↑j ...
seg000:1F0E             lodsb                       ; CODE XREF: sub_11DC0+125↑j
seg000:1F0E                                         ; sub_11DC0+146↑j ...
seg000:1F0F             cmp     al, 0Dh
seg000:1F11             je      short loc_11F41
seg000:1F13             or      al, al
seg000:1F15             je      short loc_11F41
seg000:1F17             cmp     al, 22h
seg000:1F19             je      short loc_11ED2
seg000:1F1B             cmp     al, 5Ch
seg000:1F1D             je      short loc_11F22
seg000:1F1F             stosb
seg000:1F20             jmp     short loc_11F0E
seg000:1F22 ; ---------------------------------------------------------------------------
seg000:1F22
seg000:1F22 loc_11F22:                              ; CODE XREF: sub_11DC0+15D↑j
seg000:1F22             xor     cx, cx              ; CODE XREF: sub_11DC0+15D↑j
seg000:1F24
seg000:1F24 loc_11F24:                              ; CODE XREF: sub_11DC0+168↓j
seg000:1F24             inc     cx                  ; CODE XREF: sub_11DC0+168↓j
seg000:1F25             lodsb
seg000:1F26             cmp     al, 5Ch
seg000:1F28             je      short loc_11F24
seg000:1F2A             cmp     al, 22h
seg000:1F2C             je      short loc_11F34
seg000:1F2E             mov     al, 5Ch
seg000:1F30             rep stosb
seg000:1F32             jmp     short loc_11F0D
seg000:1F34 ; ---------------------------------------------------------------------------
seg000:1F34
seg000:1F34 loc_11F34:                              ; CODE XREF: sub_11DC0+16C↑j
seg000:1F34             mov     al, 5Ch             ; CODE XREF: sub_11DC0+16C↑j
seg000:1F36             shr     cx, 1
seg000:1F38             rep stosb
seg000:1F3A             jnb     short loc_11ED2
seg000:1F3C             mov     al, 22h
seg000:1F3E             stosb
seg000:1F3F             jmp     short loc_11F0E
seg000:1F41 ; ---------------------------------------------------------------------------
seg000:1F41
seg000:1F41 loc_11F41:                              ; CODE XREF: sub_11DC0+11D↑j
seg000:1F41                                         ; sub_11DC0+121↑j ...
seg000:1F41             xor     ax, ax              ; CODE XREF: sub_11DC0+11D↑j
seg000:1F41                                         ; sub_11DC0+121↑j ...
seg000:1F43             stosb
seg000:1F44
seg000:1F44 loc_11F44:                              ; CODE XREF: sub_11DC0+102↑j
seg000:1F44                                         ; sub_11DC0+109↑j
seg000:1F44             push    ss                  ; CODE XREF: sub_11DC0+102↑j
seg000:1F44                                         ; sub_11DC0+109↑j
seg000:1F45             pop     ds
seg000:1F46             mov     word ptr [bx], 0
seg000:1F4A             jmp     word ptr word_13F7E
seg000:1F4E sub_11DC0       endp
seg000:1F4E
seg000:1F4E
seg000:1F4E ; =============== S U B R O U T I N E =======================================
seg000:1F4E
seg000:1F4E
seg000:1F4E sub_11F4E       proc near               ; CODE XREF: sub_118FB+86↑p
seg000:1F4E             push    bp                  ; CODE XREF: sub_118FB+86↑p
seg000:1F4F             mov     bp, sp
seg000:1F51             push    bp
seg000:1F52             mov     ds, word ptr seg_13F43
seg000:1F56             xor     cx, cx
seg000:1F58             mov     ax, cx
seg000:1F5A             mov     bp, cx
seg000:1F5C             mov     di, cx
seg000:1F5E             dec     cx
seg000:1F5F             mov     si, word_12FEC
seg000:1F63             or      si, si
seg000:1F65             je      short loc_11F77
seg000:1F67             mov     es, si
seg000:1F69             db  26h ; &
seg000:1F6A sub_11F4E       endp
seg000:1F6A
seg000:1F6A
seg000:1F6A ; =============== S U B R O U T I N E =======================================
seg000:1F6A
seg000:1F6A
seg000:1F6A $CIRTWO         proc near
seg000:1F6A             cmp     byte ptr byte_12FC0, 0
seg000:1F6F             je      short loc_11F77
seg000:1F71
seg000:1F71 loc_11F71:                              ; CODE XREF: $CIRTWO+B↓j
seg000:1F71             repne scasb                 ; CODE XREF: $CIRTWO+B↓j
seg000:1F73             inc     bp
seg000:1F74             scasb
seg000:1F75             jne     short loc_11F71
seg000:1F77
seg000:1F77 loc_11F77:                              ; CODE XREF: sub_11F4E+17↑j
seg000:1F77                                         ; $CIRTWO+5↑j
seg000:1F77             inc     bp                  ; CODE XREF: sub_11F4E+17↑j
seg000:1F77                                         ; $CIRTWO+5↑j
seg000:1F78             xchg    di, ax
seg000:1F79             inc     ax
seg000:1F7A             and     al, 0FEh
seg000:1F7C             mov     di, bp
seg000:1F7E             shl     bp, 1
seg000:1F80             add     ax, bp
seg000:1F82             push    ss
seg000:1F83             pop     ds
seg000:1F84             push    di
seg000:1F85             mov     di, 9
seg000:1F88             call    sub_122FC
seg000:1F8B             pop     di
seg000:1F8C             mov     cx, di
seg000:1F8E             mov     di, bp
seg000:1F90             add     di, ax
seg000:1F92             mov     word_13F64, bp
seg000:1F96             push    ds
seg000:1F97             pop     es
seg000:1F98             mov     ds, si
seg000:1F9A             xor     si, si
seg000:1F9C             dec     cx
seg000:1F9D             jcxz    loc_11FB2
seg000:1F9F
seg000:1F9F loc_11F9F:                              ; CODE XREF: $CIRTWO+46↓j
seg000:1F9F             cmp     word ptr [si], 433Bh; CODE XREF: $CIRTWO+46↓j
seg000:1FA3             je      short loc_11FAA
seg000:1FA5             mov     word ptr [bp], di
seg000:1FA8             inc     bp
seg000:1FA9             inc     bp
seg000:1FAA
seg000:1FAA loc_11FAA:                              ; CODE XREF: $CIRTWO+39↑j
seg000:1FAA                                         ; $CIRTWO+44↓j
seg000:1FAA             lodsb                       ; CODE XREF: $CIRTWO+39↑j
seg000:1FAA                                         ; $CIRTWO+44↓j
seg000:1FAB             stosb
seg000:1FAC             or      al, al
seg000:1FAE             jne     short loc_11FAA
seg000:1FB0             loop    loc_11F9F
seg000:1FB2
seg000:1FB2 loc_11FB2:                              ; CODE XREF: $CIRTWO+33↑j
seg000:1FB2             mov     word ptr [bp], cx   ; CODE XREF: $CIRTWO+33↑j
seg000:1FB5             push    ss
seg000:1FB6             pop     ds
seg000:1FB7             pop     bp
seg000:1FB8             mov     sp, bp
seg000:1FBA             pop     bp
seg000:1FBB             retn
seg000:1FBC $CIRTWO         endp
seg000:1FBC
seg000:1FBC
seg000:1FBC ; =============== S U B R O U T I N E =======================================
seg000:1FBC
seg000:1FBC
seg000:1FBC sub_11FBC       proc near               ; CODE XREF: NMSG_WRITE+7↓p
seg000:1FBC             push    bp                  ; CODE XREF: NMSG_WRITE+7↓p
seg000:1FBD             mov     bp, sp
seg000:1FBF             push    si
seg000:1FC0             push    di
seg000:1FC1             push    ds
seg000:1FC2             pop     es
seg000:1FC3             mov     dx, word ptr [bp+4]
seg000:1FC6             mov     si, 1122h
seg000:1FC9
seg000:1FC9 loc_11FC9:                              ; CODE XREF: sub_11FBC+20↓j
seg000:1FC9             lodsw                       ; CODE XREF: sub_11FBC+20↓j
seg000:1FCA             cmp     ax, dx
seg000:1FCC             je      short loc_11FDE
seg000:1FCE             inc     ax
seg000:1FCF             xchg    si, ax
seg000:1FD0             je      short loc_11FDE
seg000:1FD2             xchg    di, ax
seg000:1FD3             xor     ax, ax
seg000:1FD5             mov     cx, 0FFFFh
seg000:1FD8             repne scasb
seg000:1FDA             mov     si, di
seg000:1FDC             jmp     short loc_11FC9
seg000:1FDE ; ---------------------------------------------------------------------------
seg000:1FDE
seg000:1FDE loc_11FDE:                              ; CODE XREF: sub_11FBC+10↑j
seg000:1FDE                                         ; sub_11FBC+14↑j
seg000:1FDE             xchg    si, ax              ; CODE XREF: sub_11FBC+10↑j
seg000:1FDE                                         ; sub_11FBC+14↑j
seg000:1FDF             pop     di
seg000:1FE0             pop     si
seg000:1FE1             mov     sp, bp
seg000:1FE3             pop     bp
seg000:1FE4             retn    2
seg000:1FE7 sub_11FBC       endp
seg000:1FE7
seg000:1FE7
seg000:1FE7 ; =============== S U B R O U T I N E =======================================
seg000:1FE7
seg000:1FE7
seg000:1FE7 NMSG_WRITE      proc near               ; CODE XREF: sub_118FB+3B↑p
seg000:1FE7                                         ; sub_118FB+B4↑p ...
seg000:1FE7             push    bp                  ; CODE XREF: sub_118FB+3B↑p
seg000:1FE7                                         ; sub_118FB+B4↑p ...
seg000:1FE8             mov     bp, sp
seg000:1FEA             push    di
seg000:1FEB             push    [bp+4]
seg000:1FEE             call    sub_11FBC
seg000:1FF1             or      ax, ax
seg000:1FF3             je      short loc_12009
seg000:1FF5             xchg    dx, ax
seg000:1FF6             mov     di, dx
seg000:1FF8             xor     ax, ax
seg000:1FFA             mov     cx, 0FFFFh
seg000:1FFD             repne scasb
seg000:1FFF             not     cx
seg000:2001             dec     cx
seg000:2002             mov     bx, 2
seg000:2005             mov     ah, 40h
seg000:2007             int     21h
seg000:2009
seg000:2009 loc_12009:                              ; CODE XREF: NMSG_WRITE+C↑j
seg000:2009             pop     di                  ; CODE XREF: NMSG_WRITE+C↑j
seg000:200A             mov     sp, bp
seg000:200C             pop     bp
seg000:200D             retn    2
seg000:2010 NMSG_WRITE      endp
seg000:2010
seg000:2010
seg000:2010 ; =============== S U B R O U T I N E =======================================
seg000:2010
seg000:2010
seg000:2010 freebuf         proc near               ; CODE XREF: sub_11B16+57↑p
seg000:2010             push    bp                  ; CODE XREF: sub_11B16+57↑p
seg000:2011             mov     bp, sp
seg000:2013             push    si
seg000:2014             mov     si, word ptr [bp+4]
seg000:2017             test    byte ptr word_12FC6[si], 83h
seg000:201B             je      short loc_1203A
seg000:201D             test    byte ptr word_12FC6[si], 8
seg000:2021             je      short loc_1203A
seg000:2023             push    word_12FC4[si]
seg000:2026             call    sub_1265E
seg000:2029             add     sp, 2
seg000:202C             and     byte ptr word_12FC6[si], 0F7h
seg000:2030             sub     ax, ax
seg000:2032             mov     [si], ax
seg000:2034             mov     word_12FC4[si], ax
seg000:2037             mov     word ptr seg_12FC2[si], ax
seg000:203A
seg000:203A loc_1203A:                              ; CODE XREF: freebuf+B↑j
seg000:203A                                         ; freebuf+11↑j
seg000:203A             pop     si                  ; CODE XREF: freebuf+B↑j
seg000:203A                                         ; freebuf+11↑j
seg000:203B             pop     bp
seg000:203C             retn
seg000:203D             nop
seg000:203E freebuf         endp
seg000:203E
seg000:203E
seg000:203E ; =============== S U B R O U T I N E =======================================
seg000:203E
seg000:203E
seg000:203E sub_1203E       proc near               ; CODE XREF: fopen+17↑p
seg000:203E             push    bp                  ; CODE XREF: fopen+17↑p
seg000:203F             mov     bp, sp
seg000:2041             sub     sp, 0Ah
seg000:2044             push    di
seg000:2045             push    si
seg000:2046             mov     si, word ptr [bp+8]
seg000:2049             mov     bx, word ptr [bp+6]
seg000:204C             mov     al, [bx]
seg000:204E             cbw
seg000:204F             cmp     ax, 61h
seg000:2052             je      short loc_1207C
seg000:2054             cmp     ax, 72h
seg000:2057             je      short loc_12064
seg000:2059             cmp     ax, 77h
seg000:205C             je      short loc_12072
seg000:205E
seg000:205E loc_1205E:                              ; CODE XREF: sub_1203E+AF↓j
seg000:205E             sub     ax, ax              ; CODE XREF: sub_1203E+AF↓j
seg000:2060             jmp     loc_12130
seg000:2063             nop
seg000:2064
seg000:2064 loc_12064:                              ; CODE XREF: sub_1203E+19↑j
seg000:2064             sub     di, di              ; CODE XREF: sub_1203E+19↑j
seg000:2066             mov     byte ptr [bp-4], 1
seg000:206A
seg000:206A loc_1206A:                              ; CODE XREF: sub_1203E+3B↓j
seg000:206A             mov     cx, 1               ; CODE XREF: sub_1203E+3B↓j
seg000:206D             mov     dl, [bp-4]
seg000:2070             jmp     short loc_12091
seg000:2072 ; ---------------------------------------------------------------------------
seg000:2072
seg000:2072 loc_12072:                              ; CODE XREF: sub_1203E+1E↑j
seg000:2072             mov     di, 301h            ; CODE XREF: sub_1203E+1E↑j
seg000:2075
seg000:2075 loc_12075:                              ; CODE XREF: sub_1203E+41↓j
seg000:2075             mov     byte ptr [bp-4], 2  ; CODE XREF: sub_1203E+41↓j
seg000:2079             jmp     short loc_1206A
seg000:207B             nop
seg000:207C
seg000:207C loc_1207C:                              ; CODE XREF: sub_1203E+14↑j
seg000:207C             mov     di, 109h            ; CODE XREF: sub_1203E+14↑j
seg000:207F             jmp     short loc_12075
seg000:2081             nop
seg000:2082
seg000:2082 loc_12082:                              ; CODE XREF: sub_1203E+68↓j
seg000:2082             test    di, 2               ; CODE XREF: sub_1203E+68↓j
seg000:2086             jne     short loc_120C7
seg000:2088             or      di, 2
seg000:208C             and     di, 0FFFEh
seg000:208F             mov     dl, 80h
seg000:2091
seg000:2091 loc_12091:                              ; CODE XREF: sub_1203E+32↑j
seg000:2091                                         ; sub_1203E+7F↓j ...
seg000:2091             inc     word ptr [bp+6]     ; CODE XREF: sub_1203E+32↑j
seg000:2091                                         ; sub_1203E+7F↓j ...
seg000:2094             mov     bx, word ptr [bp+6]
seg000:2097             cmp     byte ptr [bx], 0
seg000:209A             je      short loc_120D2
seg000:209C             or      cx, cx
seg000:209E             je      short loc_120D2
seg000:20A0             mov     al, [bx]
seg000:20A2             cbw
seg000:20A3             cmp     ax, 2Bh
seg000:20A6             je      short loc_12082
seg000:20A8             cmp     ax, 62h
seg000:20AB             je      short loc_120C0
seg000:20AD             cmp     ax, 74h
seg000:20B0             jne     short loc_120C7
seg000:20B2             mov     ax, di
seg000:20B4             test    ax, 0C000h
seg000:20B7             jne     short loc_120C7
seg000:20B9             or      di, 4000h
seg000:20BD             jmp     short loc_12091
seg000:20BF             nop
seg000:20C0
seg000:20C0 loc_120C0:                              ; CODE XREF: sub_1203E+6D↑j
seg000:20C0             mov     ax, di              ; CODE XREF: sub_1203E+6D↑j
seg000:20C2             test    ax, 0C000h
seg000:20C5             je      short loc_120CC
seg000:20C7
seg000:20C7 loc_120C7:                              ; CODE XREF: sub_1203E+48↑j
seg000:20C7                                         ; sub_1203E+72↑j ...
seg000:20C7             sub     cx, cx              ; CODE XREF: sub_1203E+48↑j
seg000:20C7                                         ; sub_1203E+72↑j ...
seg000:20C9             jmp     short loc_12091
seg000:20CB             nop
seg000:20CC
seg000:20CC loc_120CC:                              ; CODE XREF: sub_1203E+87↑j
seg000:20CC             or      di, 8000h           ; CODE XREF: sub_1203E+87↑j
seg000:20D0             jmp     short loc_12091
seg000:20D2 ; ---------------------------------------------------------------------------
seg000:20D2
seg000:20D2 loc_120D2:                              ; CODE XREF: sub_1203E+5C↑j
seg000:20D2                                         ; sub_1203E+60↑j
seg000:20D2             mov     [bp-4], dl          ; CODE XREF: sub_1203E+5C↑j
seg000:20D2                                         ; sub_1203E+60↑j
seg000:20D5             mov     word ptr [bp-2], cx
seg000:20D8             mov     ax, 1A4h
seg000:20DB             push    ax
seg000:20DC             push    di
seg000:20DD             push    [bp+4]
seg000:20E0             call    open
seg000:20E3             add     sp, 6
seg000:20E6             mov     word ptr [bp-6], ax
seg000:20E9             or      ax, ax
seg000:20EB             jge     short loc_120F0
seg000:20ED             jmp     loc_1205E
seg000:20F0 ; ---------------------------------------------------------------------------
seg000:20F0
seg000:20F0 loc_120F0:                              ; CODE XREF: sub_1203E+AD↑j
seg000:20F0             mov     al, [bp-4]          ; CODE XREF: sub_1203E+AD↑j
seg000:20F3             mov     byte ptr word_12FC6[si], al
seg000:20F6             inc     word ptr word_140AE
seg000:20FA             mov     ax, si
seg000:20FC             sub     ax, 0FC0h
seg000:20FF             mov     cl, 3
seg000:2101             sar     ax, cl
seg000:2103             mov     cx, ax
seg000:2105             shl     ax, 1
seg000:2107             add     ax, cx
seg000:2109             shl     ax, 1
seg000:210B             add     ax, 1060h
seg000:210E             mov     word ptr [bp-8], ax
seg000:2111             sub     al, al
seg000:2113             mov     bx, word ptr [bp-8]
seg000:2116             mov     [bx], al
seg000:2118             cbw
seg000:2119             mov     word ptr seg_12FC2[si], ax
seg000:211C             mov     word ptr word_12FC4[bx], 0
seg000:2121             sub     ax, ax
seg000:2123             mov     [si], ax
seg000:2125             mov     word_12FC4[si], ax
seg000:2128             mov     al, [bp-6]
seg000:212B             mov     byte ptr word_12FC7[si], al
seg000:212E             mov     ax, si
seg000:2130
seg000:2130 loc_12130:                              ; CODE XREF: sub_1203E+22↑j
seg000:2130             pop     si                  ; CODE XREF: sub_1203E+22↑j
seg000:2131             pop     di
seg000:2132             mov     sp, bp
seg000:2134             pop     bp
seg000:2135             retn
seg000:2136 sub_1203E       endp
seg000:2136
seg000:2136
seg000:2136 ; =============== S U B R O U T I N E =======================================
seg000:2136
seg000:2136
seg000:2136 sub_12136       proc near               ; CODE XREF: sub_11B16+35↑p
seg000:2136                                         ; sub_1265E+6F↓p
seg000:2136             push    bp                  ; CODE XREF: sub_11B16+35↑p
seg000:2136                                         ; sub_1265E+6F↓p
seg000:2137             mov     bp, sp
seg000:2139             sub     sp, 4
seg000:213C             push    di
seg000:213D             push    si
seg000:213E             mov     si, word ptr [bp+4]
seg000:2141             sub     di, di
seg000:2143             mov     al, byte ptr word_12FC6[si]
seg000:2146             and     al, 3
seg000:2148             cmp     al, 2
seg000:214A             jne     short loc_12192
seg000:214C             test    byte ptr word_12FC6[si], 8
seg000:2150             jne     short loc_1216B
seg000:2152             mov     bx, si
seg000:2154             sub     bx, 0FC0h
seg000:2158             mov     cl, 3
seg000:215A             sar     bx, cl
seg000:215C             mov     ax, bx
seg000:215E             shl     bx, 1
seg000:2160             add     bx, ax
seg000:2162             shl     bx, 1
seg000:2164             test    byte ptr byte_14020[bx], 1
seg000:2169             je      short loc_12192
seg000:216B
seg000:216B loc_1216B:                              ; CODE XREF: sub_12136+1A↑j
seg000:216B             mov     ax, [si]            ; CODE XREF: sub_12136+1A↑j
seg000:216D             sub     ax, word_12FC4[si]
seg000:2170             mov     word ptr [bp-4], ax
seg000:2173             or      ax, ax
seg000:2175             jle     short loc_12192
seg000:2177             push    ax
seg000:2178             push    word_12FC4[si]
seg000:217B             mov     al, byte ptr word_12FC7[si]
seg000:217E             cbw
seg000:217F             push    ax
seg000:2180             call    sub_12536
seg000:2183             add     sp, 6
seg000:2186             cmp     ax, word ptr [bp-4]
seg000:2189             je      short loc_12192
seg000:218B             or      byte ptr word_12FC6[si], 20h
seg000:218F             mov     di, 0FFFFh
seg000:2192
seg000:2192 loc_12192:                              ; CODE XREF: sub_12136+14↑j
seg000:2192                                         ; sub_12136+33↑j ...
seg000:2192             mov     ax, word_12FC4[si]  ; CODE XREF: sub_12136+14↑j
seg000:2192                                         ; sub_12136+33↑j ...
seg000:2195             mov     [si], ax
seg000:2197             mov     word ptr seg_12FC2[si], 0
seg000:219C             mov     ax, di
seg000:219E             pop     si
seg000:219F             pop     di
seg000:21A0             mov     sp, bp
seg000:21A2             pop     bp
seg000:21A3             retn
seg000:21A4 sub_12136       endp
seg000:21A4
seg000:21A4
seg000:21A4 ; =============== S U B R O U T I N E =======================================
seg000:21A4
seg000:21A4
seg000:21A4 sub_121A4       proc near               ; CODE XREF: fopen+7↑p
seg000:21A4             push    bp                  ; CODE XREF: fopen+7↑p
seg000:21A5             mov     bp, sp
seg000:21A7             sub     sp, 2
seg000:21AA             push    si
seg000:21AB             mov     si, 0FC0h
seg000:21AE             mov     cx, word_14098
seg000:21B2
seg000:21B2 loc_121B2:                              ; CODE XREF: sub_121A4+31↓j
seg000:21B2             test    byte ptr word_12FC6[si], 83h; CODE XREF: sub_121A4+31↓j
seg000:21B6             jne     short loc_121CE
seg000:21B8             sub     ax, ax
seg000:21BA             mov     word ptr seg_12FC2[si], ax
seg000:21BD             mov     byte ptr word_12FC6[si], al
seg000:21C0             mov     word_12FC4[si], ax
seg000:21C3             mov     [si], ax
seg000:21C5             mov     byte ptr word_12FC7[si], 0FFh
seg000:21C9             mov     ax, si
seg000:21CB             jmp     short loc_121D9
seg000:21CD             nop
seg000:21CE
seg000:21CE loc_121CE:                              ; CODE XREF: sub_121A4+12↑j
seg000:21CE             mov     ax, si              ; CODE XREF: sub_121A4+12↑j
seg000:21D0             add     si, 8
seg000:21D3             cmp     ax, cx
seg000:21D5             jne     short loc_121B2
seg000:21D7             sub     ax, ax
seg000:21D9
seg000:21D9 loc_121D9:                              ; CODE XREF: sub_121A4+27↑j
seg000:21D9             pop     si                  ; CODE XREF: sub_121A4+27↑j
seg000:21DA             mov     sp, bp
seg000:21DC             pop     bp
seg000:21DD             retn
seg000:21DE sub_121A4       endp
seg000:21DE
seg000:21DE
seg000:21DE ; =============== S U B R O U T I N E =======================================
seg000:21DE
seg000:21DE
seg000:21DE sub_121DE       proc near               ; CODE XREF: sub_11B16+62↑p
seg000:21DE             push    bp                  ; CODE XREF: sub_11B16+62↑p
seg000:21DF             mov     bp, sp
seg000:21E1             mov     bx, word ptr [bp+4]
seg000:21E4             cmp     bx, word_13F4A
seg000:21E8             jb      short loc_121F0
seg000:21EA             mov     ax, 900h
seg000:21ED             stc
seg000:21EE             jmp     short loc_121FB
seg000:21F0 ; ---------------------------------------------------------------------------
seg000:21F0
seg000:21F0 loc_121F0:                              ; CODE XREF: sub_121DE+A↑j
seg000:21F0             mov     ah, 3Eh             ; CODE XREF: sub_121DE+A↑j
seg000:21F2             int     21h
seg000:21F4             jb      short loc_121FB
seg000:21F6             mov     byte ptr byte_13F4C[bx], 0
seg000:21FB
seg000:21FB loc_121FB:                              ; CODE XREF: sub_121DE+10↑j
seg000:21FB                                         ; sub_121DE+16↑j
seg000:21FB             jmp     dosret0             ; CODE XREF: sub_121DE+10↑j
seg000:21FB                                         ; sub_121DE+16↑j
seg000:21FE sub_121DE       endp
seg000:21FE
seg000:21FE
seg000:21FE ; =============== S U B R O U T I N E =======================================
seg000:21FE
seg000:21FE
seg000:21FE catox           proc near
seg000:21FE             push    bp
seg000:21FF             mov     bp, sp
seg000:2201             push    di
seg000:2202             push    si
seg000:2203             mov     si, word ptr [bp+4]
seg000:2206             xor     ax, ax
seg000:2208             cwd
seg000:2209             xor     bx, bx
seg000:220B
seg000:220B loc_1220B:                              ; CODE XREF: catox+10↓j
seg000:220B                                         ; catox+14↓j
seg000:220B             lodsb                       ; CODE XREF: catox+10↓j
seg000:220B                                         ; catox+14↓j
seg000:220C             cmp     al, 20h
seg000:220E             je      short loc_1220B
seg000:2210             cmp     al, 9
seg000:2212             je      short loc_1220B
seg000:2214             push    ax
seg000:2215             cmp     al, 2Dh
seg000:2217             je      short loc_1221D
seg000:2219             cmp     al, 2Bh
seg000:221B             jne     short loc_1221E
seg000:221D
seg000:221D loc_1221D:                              ; CODE XREF: catox+19↑j
seg000:221D                                         ; catox+41↓j
seg000:221D             lodsb                       ; CODE XREF: catox+19↑j
seg000:221D                                         ; catox+41↓j
seg000:221E
seg000:221E loc_1221E:                              ; CODE XREF: catox+1D↑j
seg000:221E             cmp     al, 39h             ; CODE XREF: catox+1D↑j
seg000:2220             ja      short loc_12241
seg000:2222             sub     al, 30h
seg000:2224             jb      short loc_12241
seg000:2226             shl     bx, 1
seg000:2228             rcl     dx, 1
seg000:222A             mov     cx, bx
seg000:222C             mov     di, dx
seg000:222E             shl     bx, 1
seg000:2230             rcl     dx, 1
seg000:2232             shl     bx, 1
seg000:2234             rcl     dx, 1
seg000:2236             add     bx, cx
seg000:2238             adc     dx, di
seg000:223A             add     bx, ax
seg000:223C             adc     dx, 0
seg000:223F             jmp     short loc_1221D
seg000:2241 ; ---------------------------------------------------------------------------
seg000:2241
seg000:2241 loc_12241:                              ; CODE XREF: catox+22↑j
seg000:2241                                         ; catox+26↑j
seg000:2241             pop     ax                  ; CODE XREF: catox+22↑j
seg000:2241                                         ; catox+26↑j
seg000:2242             cmp     al, 2Dh
seg000:2244             xchg    bx, ax
seg000:2245             jne     short loc_1224E
seg000:2247             neg     ax
seg000:2249             adc     dx, 0
seg000:224C             neg     dx
seg000:224E
seg000:224E loc_1224E:                              ; CODE XREF: catox+47↑j
seg000:224E             pop     si                  ; CODE XREF: catox+47↑j
seg000:224F             pop     di
seg000:2250             pop     bp
seg000:2251             retn
seg000:2252 catox           endp
seg000:2252
seg000:2252
seg000:2252 ; =============== S U B R O U T I N E =======================================
seg000:2252
seg000:2252
seg000:2252 sub_12252       proc near               ; CODE XREF: cexit+1E↑p
seg000:2252             push    bp                  ; CODE XREF: cexit+1E↑p
seg000:2253             mov     bp, sp
seg000:2255             mov     dx, word ptr [bp+4]
seg000:2258             mov     ah, 41h
seg000:225A             int     21h
seg000:225C             jmp     dosret0
seg000:225F             align 2
seg000:2260 sub_12252       endp
seg000:2260
seg000:2260
seg000:2260 ; =============== S U B R O U T I N E =======================================
seg000:2260
seg000:2260
seg000:2260 aNldiv          proc near               ; CODE XREF: sub_11D56+11↑p
seg000:2260             push    bp                  ; CODE XREF: sub_11D56+11↑p
seg000:2261             mov     bp, sp
seg000:2263             push    di
seg000:2264             push    si
seg000:2265             push    bx
seg000:2266             xor     di, di
seg000:2268             mov     ax, word ptr [bp+6]
seg000:226B             or      ax, ax
seg000:226D             jge     short loc_12280
seg000:226F             inc     di
seg000:2270             mov     dx, word ptr [bp+4]
seg000:2273             neg     ax
seg000:2275             neg     dx
seg000:2277             sbb     ax, 0
seg000:227A             mov     word ptr [bp+6], ax
seg000:227D             mov     word ptr [bp+4], dx
seg000:2280
seg000:2280 loc_12280:                              ; CODE XREF: aNldiv+D↑j
seg000:2280             mov     ax, word ptr [bp+0Ah]; CODE XREF: aNldiv+D↑j
seg000:2283             or      ax, ax
seg000:2285             jge     short loc_12298
seg000:2287             inc     di
seg000:2288             mov     dx, word ptr [bp+8]
seg000:228B             neg     ax
seg000:228D             neg     dx
seg000:228F             sbb     ax, 0
seg000:2292             mov     word ptr [bp+0Ah], ax
seg000:2295             mov     word ptr [bp+8], dx
seg000:2298
seg000:2298 loc_12298:                              ; CODE XREF: aNldiv+25↑j
seg000:2298             or      ax, ax              ; CODE XREF: aNldiv+25↑j
seg000:229A             jne     short loc_122B1
seg000:229C             mov     cx, word ptr [bp+8]
seg000:229F             mov     ax, word ptr [bp+6]
seg000:22A2             xor     dx, dx
seg000:22A4             div     cx
seg000:22A6             mov     bx, ax
seg000:22A8             mov     ax, word ptr [bp+4]
seg000:22AB             div     cx
seg000:22AD             mov     dx, bx
seg000:22AF             jmp     short loc_122E9
seg000:22B1 ; ---------------------------------------------------------------------------
seg000:22B1
seg000:22B1 loc_122B1:                              ; CODE XREF: aNldiv+3A↑j
seg000:22B1             mov     bx, ax              ; CODE XREF: aNldiv+3A↑j
seg000:22B3             mov     cx, word ptr [bp+8]
seg000:22B6             mov     dx, word ptr [bp+6]
seg000:22B9             mov     ax, word ptr [bp+4]
seg000:22BC
seg000:22BC loc_122BC:                              ; CODE XREF: aNldiv+66↓j
seg000:22BC             shr     bx, 1               ; CODE XREF: aNldiv+66↓j
seg000:22BE             rcr     cx, 1
seg000:22C0             shr     dx, 1
seg000:22C2             rcr     ax, 1
seg000:22C4             or      bx, bx
seg000:22C6             jne     short loc_122BC
seg000:22C8             div     cx
seg000:22CA             mov     si, ax
seg000:22CC             mul     word ptr [bp+0Ah]
seg000:22CF             xchg    cx, ax
seg000:22D0             mov     ax, word ptr [bp+8]
seg000:22D3             mul     si
seg000:22D5             add     dx, cx
seg000:22D7             jb      short loc_122E5
seg000:22D9             cmp     dx, word ptr [bp+6]
seg000:22DC             ja      short loc_122E5
seg000:22DE             jb      short loc_122E6
seg000:22E0             cmp     ax, word ptr [bp+4]
seg000:22E3             jbe     short loc_122E6
seg000:22E5
seg000:22E5 loc_122E5:                              ; CODE XREF: aNldiv+77↑j
seg000:22E5                                         ; aNldiv+7C↑j
seg000:22E5             dec     si                  ; CODE XREF: aNldiv+77↑j
seg000:22E5                                         ; aNldiv+7C↑j
seg000:22E6
seg000:22E6 loc_122E6:                              ; CODE XREF: aNldiv+7E↑j
seg000:22E6                                         ; aNldiv+83↑j
seg000:22E6             xor     dx, dx              ; CODE XREF: aNldiv+7E↑j
seg000:22E6                                         ; aNldiv+83↑j
seg000:22E8             xchg    si, ax
seg000:22E9
seg000:22E9 loc_122E9:                              ; CODE XREF: aNldiv+4F↑j
seg000:22E9             dec     di                  ; CODE XREF: aNldiv+4F↑j
seg000:22EA             jne     short loc_122F3
seg000:22EC             neg     dx
seg000:22EE             neg     ax
seg000:22F0             sbb     dx, 0
seg000:22F3
seg000:22F3 loc_122F3:                              ; CODE XREF: aNldiv+8A↑j
seg000:22F3             pop     bx                  ; CODE XREF: aNldiv+8A↑j
seg000:22F4             pop     si
seg000:22F5             pop     di
seg000:22F6             mov     sp, bp
seg000:22F8             pop     bp
seg000:22F9             retn    8
seg000:22FC aNldiv          endp
seg000:22FC
seg000:22FC
seg000:22FC ; =============== S U B R O U T I N E =======================================
seg000:22FC
seg000:22FC
seg000:22FC sub_122FC       proc near               ; CODE XREF: $CIRTWO+1E↑p
seg000:22FC             mov     dx, ax              ; CODE XREF: $CIRTWO+1E↑p
seg000:22FE             add     ax, word_13ED2
seg000:2302             jb      short loc_12339
seg000:2304             cmp     word_13ECC, ax
seg000:2308             jnb     short loc_1232F
seg000:230A             add     ax, 0Fh
seg000:230D             push    ax
seg000:230E             rcr     ax, 1
seg000:2310             mov     cl, 3
seg000:2312             shr     ax, cl
seg000:2314             mov     cx, ds
seg000:2316             mov     bx, word ptr seg_13F43
seg000:231A             sub     cx, bx
seg000:231C             add     ax, cx
seg000:231E             mov     es, bx
seg000:2320             mov     bx, ax
seg000:2322             mov     ah, 4Ah
seg000:2324             int     21h
seg000:2326             pop     ax
seg000:2327             jb      short loc_12339
seg000:2329             and     al, 0F0h
seg000:232B             dec     ax
seg000:232C             mov     word_13ECC, ax
seg000:232F
seg000:232F loc_1232F:                              ; CODE XREF: sub_122FC+C↑j
seg000:232F             xchg    bp, ax              ; CODE XREF: sub_122FC+C↑j
seg000:2330             mov     bp, word_13ED2
seg000:2334             add     word_13ED2, dx
seg000:2338             retn
seg000:2339 ; ---------------------------------------------------------------------------
seg000:2339
seg000:2339 loc_12339:                              ; CODE XREF: sub_122FC+6↑j
seg000:2339                                         ; sub_122FC+2B↑j
seg000:2339             mov     ax, di              ; CODE XREF: sub_122FC+6↑j
seg000:2339                                         ; sub_122FC+2B↑j
seg000:233B             jmp     loc_119AB
seg000:233E sub_122FC       endp
seg000:233E
seg000:233E
seg000:233E ; =============== S U B R O U T I N E =======================================
seg000:233E
seg000:233E
seg000:233E dosret0         proc near               ; CODE XREF: sub_121DE:loc_121FB↑j
seg000:233E                                         ; sub_12252+A↑j
seg000:233E             jb      short loc_12353     ; CODE XREF: sub_121DE:loc_121FB↑j
seg000:233E                                         ; sub_12252+A↑j
seg000:2340
seg000:2340 loc_12340:                              ; CODE XREF: dosreturn+0↓j
seg000:2340             xor     ax, ax              ; CODE XREF: dosreturn+0↓j
seg000:2342             mov     sp, bp
seg000:2344             pop     bp
seg000:2345             retn
seg000:2346 dosret0         endp
seg000:2346
seg000:2346
seg000:2346 ; =============== S U B R O U T I N E =======================================
seg000:2346
seg000:2346
seg000:2346 dosreturn       proc near
seg000:2346             jnb     short loc_12340
seg000:2348             push    ax
seg000:2349             call    sub_12364
seg000:234C             pop     ax
seg000:234D             mov     sp, bp
seg000:234F             pop     bp
seg000:2350             retn
seg000:2351 dosreturn       endp
seg000:2351
seg000:2351
seg000:2351 ; =============== S U B R O U T I N E =======================================
seg000:2351
seg000:2351
seg000:2351 dosretax        proc near               ; CODE XREF: open+45↓j
seg000:2351                                         ; open:loc_1249D↓j ...
seg000:2351             jnb     short loc_1235A     ; CODE XREF: open+45↓j
seg000:2351                                         ; open:loc_1249D↓j ...
seg000:2353
seg000:2353 loc_12353:                              ; CODE XREF: dosret0+0↑j
seg000:2353             call    sub_12364           ; CODE XREF: dosret0+0↑j
seg000:2356             mov     ax, 0FFFFh
seg000:2359             cwd
seg000:235A
seg000:235A loc_1235A:                              ; CODE XREF: dosretax+0↑j
seg000:235A             mov     sp, bp              ; CODE XREF: dosretax+0↑j
seg000:235C             pop     bp
seg000:235D             retn
seg000:235E             xor     ah, ah
seg000:2360             call    sub_12364
seg000:2363             retn
seg000:2364 dosretax        endp
seg000:2364
seg000:2364
seg000:2364 ; =============== S U B R O U T I N E =======================================
seg000:2364
seg000:2364
seg000:2364 sub_12364       proc near               ; CODE XREF: dosreturn+3↑p
seg000:2364                                         ; dosretax:loc_12353↑p ...
seg000:2364             mov     byte_13F48, al      ; CODE XREF: dosreturn+3↑p
seg000:2364                                         ; dosretax:loc_12353↑p ...
seg000:2367             or      ah, ah
seg000:2369             jne     short loc_1238E
seg000:236B             cmp     byte ptr word_13F45, 3
seg000:2370             jb      short loc_1237F
seg000:2372             cmp     al, 22h
seg000:2374             jnb     short loc_12383
seg000:2376             cmp     al, 20h
seg000:2378             jb      short loc_1237F
seg000:237A             mov     al, 5
seg000:237C             jmp     short loc_12385
seg000:237E             nop
seg000:237F
seg000:237F loc_1237F:                              ; CODE XREF: sub_12364+C↑j
seg000:237F                                         ; sub_12364+14↑j
seg000:237F             cmp     al, 13h             ; CODE XREF: sub_12364+C↑j
seg000:237F                                         ; sub_12364+14↑j
seg000:2381             jbe     short loc_12385
seg000:2383
seg000:2383 loc_12383:                              ; CODE XREF: sub_12364+10↑j
seg000:2383             mov     al, 13h             ; CODE XREF: sub_12364+10↑j
seg000:2385
seg000:2385 loc_12385:                              ; CODE XREF: sub_12364+18↑j
seg000:2385                                         ; sub_12364+1D↑j
seg000:2385             mov     bx, 10DAh           ; CODE XREF: sub_12364+18↑j
seg000:2385                                         ; sub_12364+1D↑j
seg000:2388             xlat
seg000:2389
seg000:2389 loc_12389:                              ; CODE XREF: sub_12364+2C↓j
seg000:2389             cbw                         ; CODE XREF: sub_12364+2C↓j
seg000:238A             mov     word_13F3D, ax
seg000:238D             retn
seg000:238E ; ---------------------------------------------------------------------------
seg000:238E
seg000:238E loc_1238E:                              ; CODE XREF: sub_12364+5↑j
seg000:238E             mov     al, ah              ; CODE XREF: sub_12364+5↑j
seg000:2390             jmp     short loc_12389
seg000:2392 sub_12364       endp
seg000:2392
seg000:2392
seg000:2392 ; =============== S U B R O U T I N E =======================================
seg000:2392
seg000:2392
seg000:2392 open            proc near               ; CODE XREF: sub_1203E+A2↑p
seg000:2392             push    bp                  ; CODE XREF: sub_1203E+A2↑p
seg000:2393             mov     bp, sp
seg000:2395             sub     sp, 4
seg000:2398             xor     bh, bh
seg000:239A             mov     [bp-2], bh
seg000:239D             mov     ax, word ptr [bp+6]
seg000:23A0             mov     cx, ax
seg000:23A2             mov     byte ptr [bp-4], 0
seg000:23A6             test    ax, 8000h
seg000:23A9             jne     short loc_123BB
seg000:23AB             test    ax, 4000h
seg000:23AE             jne     short loc_123B7
seg000:23B0             test    byte ptr byte_140BB, 80h
seg000:23B5             jne     short loc_123BB
seg000:23B7
seg000:23B7 loc_123B7:                              ; CODE XREF: open+1C↑j
seg000:23B7             mov     byte ptr [bp-4], 80h; CODE XREF: open+1C↑j
seg000:23BB
seg000:23BB loc_123BB:                              ; CODE XREF: open+17↑j
seg000:23BB                                         ; open+23↑j
seg000:23BB             mov     dx, word ptr [bp+4] ; CODE XREF: open+17↑j
seg000:23BB                                         ; open+23↑j
seg000:23BE             and     al, 3
seg000:23C0             or      al, bh
seg000:23C2             mov     ah, 3Dh
seg000:23C4             int     21h
seg000:23C6             jnb     short loc_123DA
seg000:23C8             cmp     ax, 2
seg000:23CB             jne     short loc_123D6
seg000:23CD             test    cx, 100h
seg000:23D1             je      short loc_123D6
seg000:23D3             jmp     loc_12477
seg000:23D6 ; ---------------------------------------------------------------------------
seg000:23D6
seg000:23D6 loc_123D6:                              ; CODE XREF: open+39↑j
seg000:23D6                                         ; open+3F↑j ...
seg000:23D6             stc                         ; CODE XREF: open+39↑j
seg000:23D6                                         ; open+3F↑j ...
seg000:23D7             jmp     dosretax
seg000:23DA ; ---------------------------------------------------------------------------
seg000:23DA
seg000:23DA loc_123DA:                              ; CODE XREF: open+34↑j
seg000:23DA             xchg    bx, ax              ; CODE XREF: open+34↑j
seg000:23DB             mov     ax, cx
seg000:23DD             and     ax, 500h
seg000:23E0             cmp     ax, 500h
seg000:23E3             jne     short loc_123EE
seg000:23E5             mov     ah, 3Eh
seg000:23E7             int     21h
seg000:23E9             mov     ax, 1100h
seg000:23EC             jmp     short loc_123D6
seg000:23EE ; ---------------------------------------------------------------------------
seg000:23EE
seg000:23EE loc_123EE:                              ; CODE XREF: open+51↑j
seg000:23EE             mov     byte ptr [bp-3], 1  ; CODE XREF: open+51↑j
seg000:23F2             mov     ax, 4400h
seg000:23F5             int     21h
seg000:23F7             test    dl, 80h
seg000:23FA             je      short loc_12400
seg000:23FC             or      byte ptr [bp-4], 40h
seg000:2400
seg000:2400 loc_12400:                              ; CODE XREF: open+68↑j
seg000:2400             test    byte ptr [bp-4], 40h; CODE XREF: open+68↑j
seg000:2404             je      short loc_12409
seg000:2406             jmp     loc_124DE
seg000:2409 ; ---------------------------------------------------------------------------
seg000:2409
seg000:2409 loc_12409:                              ; CODE XREF: open+72↑j
seg000:2409             mov     ax, word ptr [bp+6] ; CODE XREF: open+72↑j
seg000:240C             test    ax, 200h
seg000:240F             je      short loc_1242E
seg000:2411             test    ax, 3
seg000:2414             je      short loc_1241F
seg000:2416             xor     cx, cx
seg000:2418             mov     ah, 40h
seg000:241A             int     21h
seg000:241C             jmp     loc_124DE
seg000:241F ; ---------------------------------------------------------------------------
seg000:241F
seg000:241F loc_1241F:                              ; CODE XREF: open+82↑j
seg000:241F             mov     ah, 3Eh             ; CODE XREF: open+82↑j
seg000:2421             int     21h
seg000:2423             mov     dx, word ptr [bp+4]
seg000:2426             mov     ax, 4300h
seg000:2429             int     21h
seg000:242B             jmp     short loc_12494
seg000:242D             nop
seg000:242E
seg000:242E loc_1242E:                              ; CODE XREF: open+7D↑j
seg000:242E             test    byte ptr [bp-4], 80h; CODE XREF: open+7D↑j
seg000:2432             jne     short loc_12437
seg000:2434             jmp     loc_124DE
seg000:2437 ; ---------------------------------------------------------------------------
seg000:2437
seg000:2437 loc_12437:                              ; CODE XREF: open+A0↑j
seg000:2437             test    ax, 2               ; CODE XREF: open+A0↑j
seg000:243A             jne     short loc_1243F
seg000:243C             jmp     loc_124DE
seg000:243F ; ---------------------------------------------------------------------------
seg000:243F
seg000:243F loc_1243F:                              ; CODE XREF: open+A8↑j
seg000:243F             mov     cx, 0FFFFh          ; CODE XREF: open+A8↑j
seg000:2442             mov     dx, cx
seg000:2444             mov     ax, 4202h
seg000:2447             int     21h
seg000:2449             neg     cx
seg000:244B             lea     dx, [bp-1]
seg000:244E             mov     ah, 3Fh
seg000:2450             int     21h
seg000:2452             or      ax, ax
seg000:2454             je      short loc_1246B
seg000:2456             cmp     byte ptr [bp-1], 1Ah
seg000:245A             jne     short loc_1246B
seg000:245C             neg     cx
seg000:245E             mov     dx, cx
seg000:2460             mov     ax, 4202h
seg000:2463             int     21h
seg000:2465             xor     cx, cx
seg000:2467             mov     ah, 40h
seg000:2469             int     21h
seg000:246B
seg000:246B loc_1246B:                              ; CODE XREF: open+C2↑j
seg000:246B                                         ; open+C8↑j
seg000:246B             xor     cx, cx              ; CODE XREF: open+C2↑j
seg000:246B                                         ; open+C8↑j
seg000:246D             mov     dx, cx
seg000:246F             mov     ax, 4200h
seg000:2472             int     21h
seg000:2474             jmp     short loc_124DE
seg000:2476             nop
seg000:2477
seg000:2477 loc_12477:                              ; CODE XREF: open+41↑j
seg000:2477             mov     byte ptr [bp-3], 0  ; CODE XREF: open+41↑j
seg000:247B             mov     cx, word ptr [bp+8]
seg000:247E             call    cXENIXtoDOSmode
seg000:2481             mov     word ptr [bp+8], cx
seg000:2484             test    byte ptr [bp-2], 0FFh
seg000:2488             jne     short loc_12491
seg000:248A             test    word ptr [bp+6], 2
seg000:248F             jne     short loc_12494
seg000:2491
seg000:2491 loc_12491:                              ; CODE XREF: open+F6↑j
seg000:2491             and     cl, 0FEh            ; CODE XREF: open+F6↑j
seg000:2494
seg000:2494 loc_12494:                              ; CODE XREF: open+99↑j
seg000:2494                                         ; open+FD↑j
seg000:2494             mov     dx, word ptr [bp+4] ; CODE XREF: open+99↑j
seg000:2494                                         ; open+FD↑j
seg000:2497             mov     ah, 3Ch
seg000:2499             int     21h
seg000:249B             jnb     short loc_124A0
seg000:249D
seg000:249D loc_1249D:                              ; CODE XREF: open+12F↓j
seg000:249D                                         ; open+14A↓j
seg000:249D             jmp     dosretax            ; CODE XREF: open+12F↓j
seg000:249D                                         ; open+14A↓j
seg000:24A0 ; ---------------------------------------------------------------------------
seg000:24A0
seg000:24A0 loc_124A0:                              ; CODE XREF: open+109↑j
seg000:24A0             xchg    bx, ax              ; CODE XREF: open+109↑j
seg000:24A1             test    byte ptr [bp-2], 0FFh
seg000:24A5             jne     short loc_124AE
seg000:24A7             test    word ptr [bp+6], 2
seg000:24AC             jne     short loc_124DE
seg000:24AE
seg000:24AE loc_124AE:                              ; CODE XREF: open+113↑j
seg000:24AE             mov     ah, 3Eh             ; CODE XREF: open+113↑j
seg000:24B0             int     21h
seg000:24B2             mov     al, [bp+6]
seg000:24B5             and     al, 3
seg000:24B7             or      al, [bp-2]
seg000:24BA             mov     dx, word ptr [bp+4]
seg000:24BD             mov     ah, 3Dh
seg000:24BF             int     21h
seg000:24C1             jb      short loc_1249D
seg000:24C3             xchg    bx, ax
seg000:24C4             test    byte ptr [bp-3], 1
seg000:24C8             jne     short loc_124DE
seg000:24CA             test    word ptr [bp+8], 1
seg000:24CF             je      short loc_124DE
seg000:24D1             or      cl, 1
seg000:24D4             mov     dx, word ptr [bp+4]
seg000:24D7             mov     ax, 4301h
seg000:24DA             int     21h
seg000:24DC             jb      short loc_1249D
seg000:24DE
seg000:24DE loc_124DE:                              ; CODE XREF: open+74↑j
seg000:24DE                                         ; open+8A↑j ...
seg000:24DE             test    byte ptr [bp-4], 40h; CODE XREF: open+74↑j
seg000:24DE                                         ; open+8A↑j ...
seg000:24E2             jne     short loc_12521
seg000:24E4             mov     dx, word ptr [bp+4]
seg000:24E7             mov     ax, 4300h
seg000:24EA             int     21h
seg000:24EC             mov     ax, cx
seg000:24EE             xor     cl, cl
seg000:24F0             and     ax, 1
seg000:24F3             je      short loc_124F7
seg000:24F5             mov     cl, 10h
seg000:24F7
seg000:24F7 loc_124F7:                              ; CODE XREF: open+161↑j
seg000:24F7             test    word ptr [bp+6], 8  ; CODE XREF: open+161↑j
seg000:24FC             je      short loc_12501
seg000:24FE             or      cl, 20h
seg000:2501
seg000:2501 loc_12501:                              ; CODE XREF: open+16A↑j
seg000:2501                                         ; open+191↓j
seg000:2501             cmp     bx, word_13F4A      ; CODE XREF: open+16A↑j
seg000:2501                                         ; open+191↓j
seg000:2505             jb      short loc_12511
seg000:2507             mov     ah, 3Eh
seg000:2509             int     21h
seg000:250B             mov     ax, 1800h
seg000:250E             jmp     loc_123D6
seg000:2511 ; ---------------------------------------------------------------------------
seg000:2511
seg000:2511 loc_12511:                              ; CODE XREF: open+173↑j
seg000:2511             or      cl, [bp-4]          ; CODE XREF: open+173↑j
seg000:2514             or      cl, 1
seg000:2517             mov     byte_13F4C[bx], cl
seg000:251B             mov     ax, bx
seg000:251D             mov     sp, bp
seg000:251F             pop     bp
seg000:2520             retn
seg000:2521 ; ---------------------------------------------------------------------------
seg000:2521
seg000:2521 loc_12521:                              ; CODE XREF: open+150↑j
seg000:2521             xor     cl, cl              ; CODE XREF: open+150↑j
seg000:2523             jmp     short loc_12501
seg000:2525 open            endp
seg000:2525
seg000:2525
seg000:2525 ; =============== S U B R O U T I N E =======================================
seg000:2525
seg000:2525
seg000:2525 cXENIXtoDOSmode proc near               ; CODE XREF: open+EC↑p
seg000:2525             mov     ax, word_13F3F      ; CODE XREF: open+EC↑p
seg000:2528             not     ax
seg000:252A             and     ax, cx
seg000:252C             xor     cx, cx
seg000:252E             test    al, 80h
seg000:2530             jne     short loc_12535
seg000:2532             or      cl, 1
seg000:2535
seg000:2535 loc_12535:                              ; CODE XREF: cXENIXtoDOSmode+B↑j
seg000:2535             retn                        ; CODE XREF: cXENIXtoDOSmode+B↑j
seg000:2536 cXENIXtoDOSmode endp
seg000:2536
seg000:2536
seg000:2536 ; =============== S U B R O U T I N E =======================================
seg000:2536
seg000:2536
seg000:2536 sub_12536       proc near               ; CODE XREF: sub_12136+4A↑p
seg000:2536             push    bp                  ; CODE XREF: sub_12136+4A↑p
seg000:2537             mov     bp, sp
seg000:2539             sub     sp, 8
seg000:253C             mov     bx, word ptr [bp+4]
seg000:253F             cmp     bx, word_13F4A
seg000:2543             jb      short loc_1254C
seg000:2545             mov     ax, 900h
seg000:2548             stc
seg000:2549
seg000:2549 loc_12549:                              ; CODE XREF: sub_12536+26↓j
seg000:2549             jmp     dosretax            ; CODE XREF: sub_12536+26↓j
seg000:254C ; ---------------------------------------------------------------------------
seg000:254C
seg000:254C loc_1254C:                              ; CODE XREF: sub_12536+D↑j
seg000:254C             test    byte ptr byte_13F4C[bx], 20h; CODE XREF: sub_12536+D↑j
seg000:2551             je      short loc_1255E
seg000:2553             mov     ax, 4202h
seg000:2556             xor     cx, cx
seg000:2558             mov     dx, cx
seg000:255A             int     21h
seg000:255C             jb      short loc_12549
seg000:255E
seg000:255E loc_1255E:                              ; CODE XREF: sub_12536+1B↑j
seg000:255E             test    byte ptr byte_13F4C[bx], 80h; CODE XREF: sub_12536+1B↑j
seg000:2563             je      short loc_125D3
seg000:2565             mov     dx, word ptr [bp+6]
seg000:2568             push    ds
seg000:2569             pop     es
seg000:256A             xor     ax, ax
seg000:256C             mov     word ptr [bp-2], ax
seg000:256F             mov     word ptr [bp-4], ax
seg000:2572             cld
seg000:2573             push    di
seg000:2574             push    si
seg000:2575             mov     di, dx
seg000:2577             mov     si, dx
seg000:2579             mov     word ptr [bp-8], sp
seg000:257C             mov     cx, word ptr [bp+8]
seg000:257F             jcxz    loc_125D5
seg000:2581             mov     al, 0Ah
seg000:2583             repne scasb
seg000:2585             jne     short loc_125D1
seg000:2587             call    sub_126E8
seg000:258A             cmp     ax, 0A8h
seg000:258D             jbe     short loc_125D7
seg000:258F             sub     sp, 2
seg000:2592             mov     bx, sp
seg000:2594             mov     dx, 200h
seg000:2597             cmp     ax, 228h
seg000:259A             jnb     short loc_1259F
seg000:259C             mov     dx, 80h
seg000:259F
seg000:259F loc_1259F:                              ; CODE XREF: sub_12536+64↑j
seg000:259F             sub     sp, dx              ; CODE XREF: sub_12536+64↑j
seg000:25A1             mov     dx, sp
seg000:25A3             mov     di, dx
seg000:25A5             push    ss
seg000:25A6             pop     es
seg000:25A7             mov     cx, word ptr [bp+8]
seg000:25AA
seg000:25AA loc_125AA:                              ; CODE XREF: sub_12536+7E↓j
seg000:25AA             lodsb                       ; CODE XREF: sub_12536+7E↓j
seg000:25AB             cmp     al, 0Ah
seg000:25AD             je      short loc_125BB
seg000:25AF
seg000:25AF loc_125AF:                              ; CODE XREF: sub_12536+94↓j
seg000:25AF             cmp     di, bx              ; CODE XREF: sub_12536+94↓j
seg000:25B1             je      short loc_125CC
seg000:25B3
seg000:25B3 loc_125B3:                              ; CODE XREF: sub_12536+99↓j
seg000:25B3             stosb                       ; CODE XREF: sub_12536+99↓j
seg000:25B4             loop    loc_125AA
seg000:25B6             call    sub_125DC
seg000:25B9             jmp     short loc_1261C
seg000:25BB ; ---------------------------------------------------------------------------
seg000:25BB
seg000:25BB loc_125BB:                              ; CODE XREF: sub_12536+77↑j
seg000:25BB             mov     al, 0Dh             ; CODE XREF: sub_12536+77↑j
seg000:25BD             cmp     di, bx
seg000:25BF             jne     short loc_125C4
seg000:25C1             call    sub_125DC
seg000:25C4
seg000:25C4 loc_125C4:                              ; CODE XREF: sub_12536+89↑j
seg000:25C4             stosb                       ; CODE XREF: sub_12536+89↑j
seg000:25C5             mov     al, 0Ah
seg000:25C7             inc     word ptr [bp-4]
seg000:25CA             jmp     short loc_125AF
seg000:25CC ; ---------------------------------------------------------------------------
seg000:25CC
seg000:25CC loc_125CC:                              ; CODE XREF: sub_12536+7B↑j
seg000:25CC             call    sub_125DC           ; CODE XREF: sub_12536+7B↑j
seg000:25CF             jmp     short loc_125B3
seg000:25D1 ; ---------------------------------------------------------------------------
seg000:25D1
seg000:25D1 loc_125D1:                              ; CODE XREF: sub_12536+4F↑j
seg000:25D1             pop     si                  ; CODE XREF: sub_12536+4F↑j
seg000:25D2             pop     di
seg000:25D3
seg000:25D3 loc_125D3:                              ; CODE XREF: sub_12536+2D↑j
seg000:25D3             jmp     short loc_1262A     ; CODE XREF: sub_12536+2D↑j
seg000:25D5 ; ---------------------------------------------------------------------------
seg000:25D5
seg000:25D5 loc_125D5:                              ; CODE XREF: sub_12536+49↑j
seg000:25D5             jmp     short loc_1261C     ; CODE XREF: sub_12536+49↑j
seg000:25D7 ; ---------------------------------------------------------------------------
seg000:25D7
seg000:25D7 loc_125D7:                              ; CODE XREF: sub_12536+57↑j
seg000:25D7             xor     ax, ax              ; CODE XREF: sub_12536+57↑j
seg000:25D9             jmp     loc_119AB
seg000:25DC sub_12536       endp
seg000:25DC
seg000:25DC
seg000:25DC ; =============== S U B R O U T I N E =======================================
seg000:25DC
seg000:25DC
seg000:25DC sub_125DC       proc near               ; CODE XREF: sub_12536+80↑p
seg000:25DC                                         ; sub_12536+8B↑p ...
seg000:25DC             push    ax                  ; CODE XREF: sub_12536+80↑p
seg000:25DC                                         ; sub_12536+8B↑p ...
seg000:25DD             push    bx
seg000:25DE             push    cx
seg000:25DF             mov     cx, di
seg000:25E1             sub     cx, dx
seg000:25E3             jcxz    loc_125F5
seg000:25E5             mov     bx, word ptr [bp+4]
seg000:25E8             mov     ah, 40h
seg000:25EA             int     21h
seg000:25EC             jb      short loc_125FB
seg000:25EE             add     word ptr [bp-2], ax
seg000:25F1             or      ax, ax
seg000:25F3             je      short loc_125FB
seg000:25F5
seg000:25F5 loc_125F5:                              ; CODE XREF: sub_125DC+7↑j
seg000:25F5             pop     cx                  ; CODE XREF: sub_125DC+7↑j
seg000:25F6             pop     bx
seg000:25F7             pop     ax
seg000:25F8             mov     di, dx
seg000:25FA             retn
seg000:25FB ; ---------------------------------------------------------------------------
seg000:25FB
seg000:25FB loc_125FB:                              ; CODE XREF: sub_125DC+10↑j
seg000:25FB                                         ; sub_125DC+17↑j
seg000:25FB             add     sp, 8               ; CODE XREF: sub_125DC+10↑j
seg000:25FB                                         ; sub_125DC+17↑j
seg000:25FE             jnb     short loc_12604
seg000:2600             mov     ah, 9
seg000:2602             jmp     short loc_12622
seg000:2604 ; ---------------------------------------------------------------------------
seg000:2604
seg000:2604 loc_12604:                              ; CODE XREF: sub_125DC+22↑j
seg000:2604             test    byte ptr byte_13F4C[bx], 40h; CODE XREF: sub_125DC+22↑j
seg000:2609             je      short loc_12616
seg000:260B             mov     bx, word ptr [bp+6]
seg000:260E             cmp     byte ptr [bx], 1Ah
seg000:2611             jne     short loc_12616
seg000:2613             clc
seg000:2614             jmp     short loc_12622
seg000:2616 ; ---------------------------------------------------------------------------
seg000:2616
seg000:2616 loc_12616:                              ; CODE XREF: sub_125DC+2D↑j
seg000:2616                                         ; sub_125DC+35↑j
seg000:2616             stc                         ; CODE XREF: sub_125DC+2D↑j
seg000:2616                                         ; sub_125DC+35↑j
seg000:2617             mov     ax, 1C00h
seg000:261A             jmp     short loc_12622
seg000:261C ; ---------------------------------------------------------------------------
seg000:261C
seg000:261C loc_1261C:                              ; CODE XREF: sub_12536+83↑j
seg000:261C                                         ; sub_12536:loc_125D5↑j
seg000:261C             mov     ax, word ptr [bp-2] ; CODE XREF: sub_12536+83↑j
seg000:261C                                         ; sub_12536:loc_125D5↑j
seg000:261F             sub     ax, word ptr [bp-4]
seg000:2622
seg000:2622 loc_12622:                              ; CODE XREF: sub_125DC+26↑j
seg000:2622                                         ; sub_125DC+38↑j ...
seg000:2622             mov     sp, word ptr [bp-8] ; CODE XREF: sub_125DC+26↑j
seg000:2622                                         ; sub_125DC+38↑j ...
seg000:2625             pop     si
seg000:2626             pop     di
seg000:2627
seg000:2627 loc_12627:                              ; CODE XREF: sub_125DC+65↓j
seg000:2627                                         ; sub_125DC+69↓j ...
seg000:2627             jmp     dosretax            ; CODE XREF: sub_125DC+65↓j
seg000:2627                                         ; sub_125DC+69↓j ...
seg000:262A ; ---------------------------------------------------------------------------
seg000:262A
seg000:262A loc_1262A:                              ; CODE XREF: sub_12536:loc_125D3↑j
seg000:262A             mov     cx, word ptr [bp+8] ; CODE XREF: sub_12536:loc_125D3↑j
seg000:262D             or      cx, cx
seg000:262F             jne     short loc_12636
seg000:2631             mov     ax, cx
seg000:2633             jmp     dosretax
seg000:2636 ; ---------------------------------------------------------------------------
seg000:2636
seg000:2636 loc_12636:                              ; CODE XREF: sub_125DC+53↑j
seg000:2636             mov     dx, word ptr [bp+6] ; CODE XREF: sub_125DC+53↑j
seg000:2639             mov     ah, 40h
seg000:263B             int     21h
seg000:263D             jnb     short loc_12643
seg000:263F             mov     ah, 9
seg000:2641             jmp     short loc_12627
seg000:2643 ; ---------------------------------------------------------------------------
seg000:2643
seg000:2643 loc_12643:                              ; CODE XREF: sub_125DC+61↑j
seg000:2643             or      ax, ax              ; CODE XREF: sub_125DC+61↑j
seg000:2645             jne     short loc_12627
seg000:2647             test    byte ptr byte_13F4C[bx], 40h
seg000:264C             je      short loc_12658
seg000:264E             mov     bx, dx
seg000:2650             cmp     byte ptr [bx], 1Ah
seg000:2653             jne     short loc_12658
seg000:2655             clc
seg000:2656             jmp     short loc_12627
seg000:2658 ; ---------------------------------------------------------------------------
seg000:2658
seg000:2658 loc_12658:                              ; CODE XREF: sub_125DC+70↑j
seg000:2658                                         ; sub_125DC+77↑j
seg000:2658             stc                         ; CODE XREF: sub_125DC+70↑j
seg000:2658                                         ; sub_125DC+77↑j
seg000:2659             mov     ax, 1C00h
seg000:265C             jmp     short loc_12627
seg000:265E sub_125DC       endp
seg000:265E
seg000:265E
seg000:265E ; =============== S U B R O U T I N E =======================================
seg000:265E
seg000:265E
seg000:265E sub_1265E       proc near               ; CODE XREF: freebuf+16↑p
seg000:265E             push    bp                  ; CODE XREF: freebuf+16↑p
seg000:265F             mov     bp, sp
seg000:2661             mov     bx, word ptr [bp+4]
seg000:2664             or      bx, bx
seg000:2666             je      short loc_1266C
seg000:2668             or      byte ptr word_22FBE[bx], 1
seg000:266C
seg000:266C loc_1266C:                              ; CODE XREF: sub_1265E+8↑j
seg000:266C             mov     sp, bp              ; CODE XREF: sub_1265E+8↑j
seg000:266E             pop     bp
seg000:266F             retn
seg000:2670             push    bp
seg000:2671             mov     bp, sp
seg000:2673             push    si
seg000:2674             push    di
seg000:2675             mov     bx, 10F0h
seg000:2678             cmp     word ptr [bx], 0
seg000:267B             jne     short loc_126A6
seg000:267D             push    ds
seg000:267E             pop     es
seg000:267F             mov     ax, 5
seg000:2682             call    amallocbrk
seg000:2685             jne     short loc_1268C
seg000:2687             xor     ax, ax
seg000:2689             cwd
seg000:268A             jmp     short loc_126B0
seg000:268C ; ---------------------------------------------------------------------------
seg000:268C
seg000:268C loc_1268C:                              ; CODE XREF: sub_1265E+27↑j
seg000:268C             inc     ax                  ; CODE XREF: sub_1265E+27↑j
seg000:268D             and     al, 0FEh
seg000:268F             mov     word_140B0, ax
seg000:2692             mov     word_140B2, ax
seg000:2695             xchg    si, ax
seg000:2696             mov     word ptr [si], 1
seg000:269A             add     si, 4
seg000:269D             mov     word ptr word_22FBE[si], 0FFFEh
seg000:26A2             mov     word_140B6, si
seg000:26A6
seg000:26A6 loc_126A6:                              ; CODE XREF: sub_1265E+1D↑j
seg000:26A6             mov     cx, word ptr [bp+4] ; CODE XREF: sub_1265E+1D↑j
seg000:26A9             mov     ax, ds
seg000:26AB             mov     es, ax
seg000:26AD             call    sub_126FD
seg000:26B0
seg000:26B0 loc_126B0:                              ; CODE XREF: sub_1265E+2C↑j
seg000:26B0             pop     di                  ; CODE XREF: sub_1265E+2C↑j
seg000:26B1             pop     si
seg000:26B2             mov     sp, bp
seg000:26B4             pop     bp
seg000:26B5             retn
seg000:26B6             push    bp
seg000:26B7             mov     bp, sp
seg000:26B9             sub     sp, 4
seg000:26BC             push    di
seg000:26BD             push    si
seg000:26BE             mov     si, 0FC0h
seg000:26C1             sub     di, di
seg000:26C3             jmp     short loc_126DA
seg000:26C5             nop
seg000:26C6
seg000:26C6 loc_126C6:                              ; CODE XREF: sub_1265E+80↓j
seg000:26C6             test    byte ptr word_12FC6[si], 83h; CODE XREF: sub_1265E+80↓j
seg000:26CA             je      short loc_126D7
seg000:26CC             push    si
seg000:26CD             call    sub_12136
seg000:26D0             add     sp, 2
seg000:26D3             inc     ax
seg000:26D4             je      short loc_126D7
seg000:26D6             inc     di
seg000:26D7
seg000:26D7 loc_126D7:                              ; CODE XREF: sub_1265E+6C↑j
seg000:26D7                                         ; sub_1265E+76↑j
seg000:26D7             add     si, 8               ; CODE XREF: sub_1265E+6C↑j
seg000:26D7                                         ; sub_1265E+76↑j
seg000:26DA
seg000:26DA loc_126DA:                              ; CODE XREF: sub_1265E+65↑j
seg000:26DA             cmp     word_14098, si      ; CODE XREF: sub_1265E+65↑j
seg000:26DE             jnb     short loc_126C6
seg000:26E0             mov     ax, di
seg000:26E2             pop     si
seg000:26E3             pop     di
seg000:26E4             mov     sp, bp
seg000:26E6             pop     bp
seg000:26E7             retn
seg000:26E8 sub_1265E       endp
seg000:26E8
seg000:26E8
seg000:26E8 ; =============== S U B R O U T I N E =======================================
seg000:26E8
seg000:26E8
seg000:26E8 sub_126E8       proc near               ; CODE XREF: sub_12536+51↑p
seg000:26E8             pop     cx                  ; CODE XREF: sub_12536+51↑p
seg000:26E9             mov     ax, word_140C8
seg000:26EC             cmp     ax, sp
seg000:26EE             jnb     short loc_126F6
seg000:26F0             sub     ax, sp
seg000:26F2             neg     ax
seg000:26F4
seg000:26F4 loc_126F4:                              ; CODE XREF: sub_126E8+10↓j
seg000:26F4             jmp     cx                  ; CODE XREF: sub_126E8+10↓j
seg000:26F6 ; ---------------------------------------------------------------------------
seg000:26F6
seg000:26F6 loc_126F6:                              ; CODE XREF: sub_126E8+6↑j
seg000:26F6             xor     ax, ax              ; CODE XREF: sub_126E8+6↑j
seg000:26F8             jmp     short loc_126F4
seg000:26FA ; ---------------------------------------------------------------------------
seg000:26FA
seg000:26FA loc_126FA:                              ; CODE XREF: sub_126FD+1↓j
seg000:26FA                                         ; sub_126FD+9↓j
seg000:26FA             jmp     loc_127CB           ; CODE XREF: sub_126FD+1↓j
seg000:26FA                                         ; sub_126FD+9↓j
seg000:26FD sub_126E8       endp
seg000:26FD
seg000:26FD
seg000:26FD ; =============== S U B R O U T I N E =======================================
seg000:26FD
seg000:26FD
seg000:26FD sub_126FD       proc near               ; CODE XREF: sub_1265E+4F↑p
seg000:26FD             inc     cx                  ; CODE XREF: sub_1265E+4F↑p
seg000:26FE             je      short loc_126FA
seg000:2700             and     cl, 0FEh
seg000:2703             cmp     cx, -12h
seg000:2706             jnb     short loc_126FA
seg000:2708             mov     si, word ptr seg_12FC2[bx]
seg000:270B             cld
seg000:270C             lodsw
seg000:270D             mov     di, si
seg000:270F             test    al, 1
seg000:2711             je      short loc_12755
seg000:2713
seg000:2713 loc_12713:                              ; CODE XREF: sub_126FD+2E↓j
seg000:2713             dec     ax                  ; CODE XREF: sub_126FD+2E↓j
seg000:2714             cmp     ax, cx
seg000:2716             jnb     short loc_1272D
seg000:2718             mov     dx, ax
seg000:271A             add     si, ax
seg000:271C             lodsw
seg000:271D             test    al, 1
seg000:271F             je      short loc_12755
seg000:2721             add     ax, dx
seg000:2723             add     ax, 2
seg000:2726             mov     si, di
seg000:2728             mov     word_22FBE[si], ax
seg000:272B             jmp     short loc_12713
seg000:272D ; ---------------------------------------------------------------------------
seg000:272D
seg000:272D loc_1272D:                              ; CODE XREF: sub_126FD+19↑j
seg000:272D                                         ; sub_126FD+71↓j
seg000:272D             mov     di, si              ; CODE XREF: sub_126FD+19↑j
seg000:272D                                         ; sub_126FD+71↓j
seg000:272F             je      short loc_1273D
seg000:2731             add     di, cx
seg000:2733             mov     word_22FBE[si], cx
seg000:2736             sub     ax, cx
seg000:2738             dec     ax
seg000:2739             mov     [di], ax
seg000:273B             jmp     short loc_12742
seg000:273D ; ---------------------------------------------------------------------------
seg000:273D
seg000:273D loc_1273D:                              ; CODE XREF: sub_126FD+32↑j
seg000:273D             add     di, cx              ; CODE XREF: sub_126FD+32↑j
seg000:273F             dec     byte ptr word_22FBE[si]
seg000:2742
seg000:2742 loc_12742:                              ; CODE XREF: sub_126FD+3E↑j
seg000:2742             mov     ax, si              ; CODE XREF: sub_126FD+3E↑j
seg000:2744             mov     dx, ds
seg000:2746             mov     cx, ss
seg000:2748             cmp     dx, cx
seg000:274A             je      short loc_12751
seg000:274C             mov     word ptr es:1100h, ds
seg000:2751
seg000:2751 loc_12751:                              ; CODE XREF: sub_126FD+4D↑j
seg000:2751             mov     word ptr seg_12FC2[bx], di; CODE XREF: sub_126FD+4D↑j
seg000:2754             retn
seg000:2755 ; ---------------------------------------------------------------------------
seg000:2755
seg000:2755 loc_12755:                              ; CODE XREF: sub_126FD+14↑j
seg000:2755                                         ; sub_126FD+22↑j
seg000:2755             mov     byte ptr es:1106h, 2; CODE XREF: sub_126FD+14↑j
seg000:2755                                         ; sub_126FD+22↑j
seg000:275B
seg000:275B loc_1275B:                              ; CODE XREF: sub_126FD+6A↓j
seg000:275B                                         ; sub_126FD+7A↓j
seg000:275B             cmp     ax, 0FFFEh          ; CODE XREF: sub_126FD+6A↓j
seg000:275B                                         ; sub_126FD+7A↓j
seg000:275E             je      short loc_12785
seg000:2760             mov     di, si
seg000:2762             add     si, ax
seg000:2764
seg000:2764 loc_12764:                              ; CODE XREF: sub_126FD+A9↓j
seg000:2764                                         ; sub_126FD+CC↓j
seg000:2764             lodsw                       ; CODE XREF: sub_126FD+A9↓j
seg000:2764                                         ; sub_126FD+CC↓j
seg000:2765             test    al, 1
seg000:2767             je      short loc_1275B
seg000:2769             mov     di, si
seg000:276B
seg000:276B loc_1276B:                              ; CODE XREF: sub_126FD+86↓j
seg000:276B             dec     ax                  ; CODE XREF: sub_126FD+86↓j
seg000:276C             cmp     ax, cx
seg000:276E             jnb     short loc_1272D
seg000:2770             mov     dx, ax
seg000:2772             add     si, ax
seg000:2774             lodsw
seg000:2775             test    al, 1
seg000:2777             je      short loc_1275B
seg000:2779             add     ax, dx
seg000:277B             add     ax, 2
seg000:277E             mov     si, di
seg000:2780             mov     word_22FBE[si], ax
seg000:2783             jmp     short loc_1276B
seg000:2785 ; ---------------------------------------------------------------------------
seg000:2785
seg000:2785 loc_12785:                              ; CODE XREF: sub_126FD+61↑j
seg000:2785             mov     ax, word_12FC8[bx]  ; CODE XREF: sub_126FD+61↑j
seg000:2788             or      ax, ax
seg000:278A             je      short loc_12790
seg000:278C             mov     ds, ax
seg000:278E             jmp     short loc_127A4
seg000:2790 ; ---------------------------------------------------------------------------
seg000:2790
seg000:2790 loc_12790:                              ; CODE XREF: sub_126FD+8D↑j
seg000:2790             dec     byte ptr es:1106h   ; CODE XREF: sub_126FD+8D↑j
seg000:2795             je      short loc_127A8
seg000:2797             mov     ax, ds
seg000:2799             mov     di, ss
seg000:279B             cmp     ax, di
seg000:279D             je      short loc_127A4
seg000:279F             mov     ds, word ptr es:10FCh
seg000:27A4
seg000:27A4 loc_127A4:                              ; CODE XREF: sub_126FD+91↑j
seg000:27A4                                         ; sub_126FD+A0↑j
seg000:27A4             mov     si, [bx]            ; CODE XREF: sub_126FD+91↑j
seg000:27A4                                         ; sub_126FD+A0↑j
seg000:27A6             jmp     short loc_12764
seg000:27A8 ; ---------------------------------------------------------------------------
seg000:27A8
seg000:27A8 loc_127A8:                              ; CODE XREF: sub_126FD+98↑j
seg000:27A8             mov     si, word_12FC6[bx]  ; CODE XREF: sub_126FD+98↑j
seg000:27AB             xor     ax, ax
seg000:27AD             call    amlink
seg000:27B0             cmp     ax, si
seg000:27B2             je      short loc_127C1
seg000:27B4             and     al, 1
seg000:27B6             inc     ax
seg000:27B7             inc     ax
seg000:27B8             cbw
seg000:27B9             call    amlink
seg000:27BC             je      short loc_127CB
seg000:27BE             dec     byte ptr word_22FBE[di]
seg000:27C1
seg000:27C1 loc_127C1:                              ; CODE XREF: sub_126FD+B5↑j
seg000:27C1             call    sub_127E0           ; CODE XREF: sub_126FD+B5↑j
seg000:27C4             je      short loc_127CB
seg000:27C6             xchg    si, ax
seg000:27C7             dec     si
seg000:27C8             dec     si
seg000:27C9             jmp     short loc_12764
seg000:27CB ; ---------------------------------------------------------------------------
seg000:27CB
seg000:27CB loc_127CB:                              ; CODE XREF: sub_126E8:loc_126FA↑j
seg000:27CB                                         ; sub_126FD+BF↑j ...
seg000:27CB             mov     ax, ds              ; CODE XREF: sub_126E8:loc_126FA↑j
seg000:27CB                                         ; sub_126FD+BF↑j ...
seg000:27CD             mov     cx, ss
seg000:27CF             cmp     ax, cx
seg000:27D1             je      short loc_127D7
seg000:27D3             mov     word ptr es:1100h, ax
seg000:27D7
seg000:27D7 loc_127D7:                              ; CODE XREF: sub_126FD+D4↑j
seg000:27D7             mov     ax, [bx]            ; CODE XREF: sub_126FD+D4↑j
seg000:27D9             mov     word ptr seg_12FC2[bx], ax
seg000:27DC             xor     ax, ax
seg000:27DE             cwd
seg000:27DF             retn
seg000:27E0 sub_126FD       endp
seg000:27E0
seg000:27E0
seg000:27E0 ; =============== S U B R O U T I N E =======================================
seg000:27E0
seg000:27E0
seg000:27E0 sub_127E0       proc near               ; CODE XREF: sub_126FD:loc_127C1↑p
seg000:27E0             push    cx                  ; CODE XREF: sub_126FD:loc_127C1↑p
seg000:27E1             mov     ax, word_22FBE[di]
seg000:27E4             test    al, 1
seg000:27E6             je      short loc_127EB
seg000:27E8             sub     cx, ax
seg000:27EA             dec     cx
seg000:27EB
seg000:27EB loc_127EB:                              ; CODE XREF: sub_127E0+6↑j
seg000:27EB             inc     cx                  ; CODE XREF: sub_127E0+6↑j
seg000:27EC             inc     cx
seg000:27ED             mov     dx, 7FFFh
seg000:27F0
seg000:27F0 loc_127F0:                              ; CODE XREF: sub_127E0+19↓j
seg000:27F0             cmp     dx, word ptr es:1102h; CODE XREF: sub_127E0+19↓j
seg000:27F5             jbe     short loc_127FB
seg000:27F7             shr     dx, 1
seg000:27F9             jne     short loc_127F0
seg000:27FB
seg000:27FB loc_127FB:                              ; CODE XREF: sub_127E0+15↑j
seg000:27FB                                         ; sub_127E0+34↓j
seg000:27FB             mov     ax, cx              ; CODE XREF: sub_127E0+15↑j
seg000:27FB                                         ; sub_127E0+34↓j
seg000:27FD             add     ax, si
seg000:27FF             jb      short loc_12816
seg000:2801             add     ax, dx
seg000:2803             jb      short loc_12812
seg000:2805             not     dx
seg000:2807             and     ax, dx
seg000:2809             sub     ax, si
seg000:280B             call    amlink
seg000:280E             jne     short loc_12818
seg000:2810             not     dx
seg000:2812
seg000:2812 loc_12812:                              ; CODE XREF: sub_127E0+23↑j
seg000:2812             shr     dx, 1               ; CODE XREF: sub_127E0+23↑j
seg000:2814             jne     short loc_127FB
seg000:2816
seg000:2816 loc_12816:                              ; CODE XREF: sub_127E0+1F↑j
seg000:2816             xor     ax, ax              ; CODE XREF: sub_127E0+1F↑j
seg000:2818
seg000:2818 loc_12818:                              ; CODE XREF: sub_127E0+2E↑j
seg000:2818             pop     cx                  ; CODE XREF: sub_127E0+2E↑j
seg000:2819             retn
seg000:281A sub_127E0       endp
seg000:281A
seg000:281A
seg000:281A ; =============== S U B R O U T I N E =======================================
seg000:281A
seg000:281A
seg000:281A amlink          proc near               ; CODE XREF: sub_126FD+B0↑p
seg000:281A                                         ; sub_126FD+BC↑p ...
seg000:281A             push    dx                  ; CODE XREF: sub_126FD+B0↑p
seg000:281A                                         ; sub_126FD+BC↑p ...
seg000:281B             push    cx
seg000:281C             call    amallocbrk
seg000:281F             je      short loc_12839
seg000:2821             push    di
seg000:2822             mov     di, si
seg000:2824             mov     si, ax
seg000:2826             add     si, dx
seg000:2828             mov     word ptr word_22FBE[si], 0FFFEh
seg000:282D             mov     word_12FC6[bx], si
seg000:2830             mov     dx, si
seg000:2832             sub     dx, di
seg000:2834             dec     dx
seg000:2835             mov     word_22FBE[di], dx
seg000:2838             pop     ax
seg000:2839
seg000:2839 loc_12839:                              ; CODE XREF: amlink+5↑j
seg000:2839             pop     cx                  ; CODE XREF: amlink+5↑j
seg000:283A             pop     dx
seg000:283B             retn
seg000:283C amlink          endp
seg000:283C
seg000:283C
seg000:283C ; =============== S U B R O U T I N E =======================================
seg000:283C
seg000:283C
seg000:283C amallocbrk      proc near               ; CODE XREF: sub_1265E+24↑p
seg000:283C                                         ; amlink+2↑p
seg000:283C             push    bx                  ; CODE XREF: sub_1265E+24↑p
seg000:283C                                         ; amlink+2↑p
seg000:283D             push    ax
seg000:283E             xor     dx, dx
seg000:2840             push    ds
seg000:2841             push    dx
seg000:2842             push    dx
seg000:2843             push    ax
seg000:2844             mov     ax, 1
seg000:2847             push    ax
seg000:2848             push    es
seg000:2849             pop     ds
seg000:284A             call    sub_12872
seg000:284D             add     sp, 8
seg000:2850             cmp     dx, -1
seg000:2853             pop     ds
seg000:2854             pop     dx
seg000:2855             pop     bx
seg000:2856             je      short loc_1285A
seg000:2858             or      dx, dx
seg000:285A
seg000:285A loc_1285A:                              ; CODE XREF: amallocbrk+1A↑j
seg000:285A             retn                        ; CODE XREF: amallocbrk+1A↑j
seg000:285B             add     byte_22F4B[bx+di], bl
seg000:285E             fsubr   qword ptr [bp+di]
seg000:2860             fdiv    dword ptr [bp+0Ah+si]
seg000:2863             cmp     bx, word_140C8
seg000:2867             jb      short loc_1286D
seg000:2869             mov     sp, bx
seg000:286B             jmp     cx
seg000:286D ; ---------------------------------------------------------------------------
seg000:286D
seg000:286D loc_1286D:                              ; CODE XREF: amallocbrk+2B↑j
seg000:286D             xor     ax, ax              ; CODE XREF: amallocbrk+2B↑j
seg000:286F             jmp     loc_119AB
seg000:2872 amallocbrk      endp
seg000:2872
seg000:2872
seg000:2872 ; =============== S U B R O U T I N E =======================================
seg000:2872
seg000:2872
seg000:2872 sub_12872       proc near               ; CODE XREF: amallocbrk+E↑p
seg000:2872             push    bp                  ; CODE XREF: amallocbrk+E↑p
seg000:2873             mov     bp, sp
seg000:2875             push    si
seg000:2876             push    di
seg000:2877             push    es
seg000:2878             cmp     word ptr [bp+8], 0
seg000:287C             jne     short loc_128B6
seg000:287E             mov     di, 0F12h
seg000:2881             mov     dx, word ptr [bp+6]
seg000:2884             mov     ax, word ptr [bp+4]
seg000:2887             dec     ax
seg000:2888             jne     short loc_12891
seg000:288A             call    sub_128E0
seg000:288D             jb      short loc_128B6
seg000:288F             jmp     short loc_128D9
seg000:2891 ; ---------------------------------------------------------------------------
seg000:2891
seg000:2891 loc_12891:                              ; CODE XREF: sub_12872+16↑j
seg000:2891             mov     si, word_13F22      ; CODE XREF: sub_12872+16↑j
seg000:2895             dec     ax
seg000:2896             je      short loc_128A9
seg000:2898             cmp     si, di
seg000:289A             je      short loc_128A9
seg000:289C             mov     ax, word ptr seg_12FC2[si]
seg000:289F             mov     word ptr [bp+0Ch], ax
seg000:28A2             push    si
seg000:28A3             call    sub_128E0
seg000:28A6             pop     si
seg000:28A7             jnb     short loc_128D9
seg000:28A9
seg000:28A9 loc_128A9:                              ; CODE XREF: sub_12872+24↑j
seg000:28A9                                         ; sub_12872+28↑j
seg000:28A9             add     si, 4               ; CODE XREF: sub_12872+24↑j
seg000:28A9                                         ; sub_12872+28↑j
seg000:28AC             cmp     si, 0F62h
seg000:28B0             jnb     short loc_128B6
seg000:28B2             or      dx, dx
seg000:28B4             jne     short loc_128BC
seg000:28B6
seg000:28B6 loc_128B6:                              ; CODE XREF: sub_12872+A↑j
seg000:28B6                                         ; sub_12872+1B↑j ...
seg000:28B6             mov     ax, 0FFFFh          ; CODE XREF: sub_12872+A↑j
seg000:28B6                                         ; sub_12872+1B↑j ...
seg000:28B9             cwd
seg000:28BA             jmp     short loc_128D9
seg000:28BC ; ---------------------------------------------------------------------------
seg000:28BC
seg000:28BC loc_128BC:                              ; CODE XREF: sub_12872+42↑j
seg000:28BC             mov     bx, dx              ; CODE XREF: sub_12872+42↑j
seg000:28BE             add     bx, 0Fh
seg000:28C1             rcr     bx, 1
seg000:28C3             mov     cl, 3
seg000:28C5             shr     bx, cl
seg000:28C7             mov     ah, 48h
seg000:28C9             int     21h
seg000:28CB             jb      short loc_128B6
seg000:28CD             xchg    dx, ax
seg000:28CE             mov     [si], ax
seg000:28D0             mov     word ptr seg_12FC2[si], dx
seg000:28D3             mov     word_13F22, si
seg000:28D7             xor     ax, ax
seg000:28D9
seg000:28D9 loc_128D9:                              ; CODE XREF: sub_12872+1D↑j
seg000:28D9                                         ; sub_12872+35↑j ...
seg000:28D9             pop     es                  ; CODE XREF: sub_12872+1D↑j
seg000:28D9                                         ; sub_12872+35↑j ...
seg000:28DA             pop     di
seg000:28DB             pop     si
seg000:28DC             mov     sp, bp
seg000:28DE             pop     bp
seg000:28DF             retn
seg000:28E0 sub_12872       endp
seg000:28E0
seg000:28E0
seg000:28E0 ; =============== S U B R O U T I N E =======================================
seg000:28E0
seg000:28E0
seg000:28E0 sub_128E0       proc near               ; CODE XREF: sub_12872+18↑p
seg000:28E0                                         ; sub_12872+31↑p
seg000:28E0             mov     cx, word ptr [bp+0Ch]; CODE XREF: sub_12872+18↑p
seg000:28E0                                         ; sub_12872+31↑p
seg000:28E3             mov     si, di
seg000:28E5
seg000:28E5 loc_128E5:                              ; CODE XREF: sub_128E0+11↓j
seg000:28E5             cmp     word ptr seg_12FC2[si], cx; CODE XREF: sub_128E0+11↓j
seg000:28E8             je      short loc_128F6
seg000:28EA             add     si, 4
seg000:28ED             cmp     si, 0F62h
seg000:28F1             jne     short loc_128E5
seg000:28F3             stc
seg000:28F4             jmp     short B$NearRetVect
seg000:28F6 ; ---------------------------------------------------------------------------
seg000:28F6
seg000:28F6 loc_128F6:                              ; CODE XREF: sub_128E0+8↑j
seg000:28F6             mov     bx, dx              ; CODE XREF: sub_128E0+8↑j
seg000:28F8             add     bx, [si]
seg000:28FA             jb      short B$NearRetVect
seg000:28FC             mov     dx, bx
seg000:28FE             mov     es, cx
seg000:2900             cmp     si, di
seg000:2902             jne     short loc_1290A
seg000:2904             cmp     word_13ECC, bx
seg000:2908             jnb     short loc_12930
seg000:290A
seg000:290A loc_1290A:                              ; CODE XREF: sub_128E0+22↑j
seg000:290A             add     bx, 0Fh             ; CODE XREF: sub_128E0+22↑j
seg000:290D             rcr     bx, 1
seg000:290F             shr     bx, 1
seg000:2911             shr     bx, 1
seg000:2913             shr     bx, 1
seg000:2915             cmp     si, di
seg000:2917             jne     short loc_12922
seg000:2919             add     bx, cx
seg000:291B             mov     ax, word ptr seg_13F43
seg000:291E             sub     bx, ax
seg000:2920             mov     es, ax
seg000:2922
seg000:2922 loc_12922:                              ; CODE XREF: sub_128E0+37↑j
seg000:2922             mov     ah, 4Ah             ; CODE XREF: sub_128E0+37↑j
seg000:2924             int     21h
seg000:2926             jb      short B$NearRetVect
seg000:2928             cmp     si, di
seg000:292A             jne     short loc_12930
seg000:292C             mov     word_13ECC, dx
seg000:2930
seg000:2930 loc_12930:                              ; CODE XREF: sub_128E0+28↑j
seg000:2930                                         ; sub_128E0+4A↑j
seg000:2930             xchg    dx, ax              ; CODE XREF: sub_128E0+28↑j
seg000:2930                                         ; sub_128E0+4A↑j
seg000:2931             xchg    [si], ax
seg000:2933             mov     dx, cx
seg000:2935 sub_128E0       endp
seg000:2935
seg000:2935
seg000:2935 ; =============== S U B R O U T I N E =======================================
seg000:2935
seg000:2935
seg000:2935 B$NearRetVect   proc near               ; CODE XREF: sub_128E0+14↑j
seg000:2935                                         ; sub_128E0+1A↑j ...
seg000:2935             retn                        ; CODE XREF: sub_128E0+14↑j
seg000:2935                                         ; sub_128E0+1A↑j ...
seg000:2936             add     [bx+si], al
seg000:2938             add     [bx+si], al
seg000:293A             add     [bx+si], al
seg000:293C             add     [bx+si], al
seg000:293E             add     [bx+si], al
seg000:2940             xchg    cx, bx
seg000:2942             mov     [bx], sp
seg000:2944             xchg    cx, bx
seg000:2946             pop     word ptr cs:16h
seg000:294B             pop     word ptr cs:18h
seg000:2950             mov     ax, 4B03h
seg000:2953             int     21h
seg000:2955             jmp     far ptr 3090h:514h
seg000:295A             pop     ds
seg000:295B             inc     bx
seg000:295C             loop    loc_12959
seg000:295E             dec     word ptr word_12FF9
seg000:2962             jne     short loc_12990
seg000:2964             pop     dx
seg000:2965             pop     bx
seg000:2966             mov     ss:[bx], sp
seg000:2969             pop     bx
seg000:296A             pop     di
seg000:296B
seg000:296B loc_1296B:                              ; CODE XREF: aFfdivs+11↓j
seg000:296B             pop     si                  ; CODE XREF: aFfdivs+11↓j
seg000:296C             pop     es
seg000:296D             pop     ds
seg000:296E             pop     bp
seg000:296F             xchg    al, ah
seg000:2971             not     ax
seg000:2973             mov     si, 3Bh
seg000:2976             jmp     dword ptr cs:[si]
seg000:2979             add     [bx+si], al
seg000:297B             add     [bx+si], al
seg000:297D             add     [bx+si], al
seg000:297F             push    bp
seg000:2980             mov     bp, sp
seg000:2982             push    ds
seg000:2983 B$NearRetVect   endp
seg000:2983
seg000:2983
seg000:2983 ; =============== S U B R O U T I N E =======================================
seg000:2983
seg000:2983
seg000:2983 aFfdivs         proc near
seg000:2983             push    si
seg000:2984             push    di
seg000:2985             mov     bp, word ptr [bp+6]
seg000:2988             call    sub_12A81
seg000:298B             pop     di
seg000:298C             pop     si
seg000:298D             pop     ds
seg000:298E             pop     bp
seg000:298F             retf
seg000:2990 ; ---------------------------------------------------------------------------
seg000:2990
seg000:2990 loc_12990:                              ; CODE XREF: B$NearRetVect+2D↑j
seg000:2990             dec     si                  ; CODE XREF: B$NearRetVect+2D↑j
seg000:2991             in      ax, 49h
seg000:2993             sahf
seg000:2994             jne     short loc_1296B
seg000:2996
seg000:2996 loc_12996:                              ; CODE XREF: aFfdivs+8A↓j
seg000:2996             imul    bp, word_21407[bx], 5B5Ah; CODE XREF: aFfdivs+8A↓j
seg000:299C             mov     bh, 55h
seg000:299E             jmp     far ptr 5040h:0AD46h
seg000:29A3             xchg    di, bp
seg000:29A5             db  8Dh
seg000:29A6             fldenv  [bp+68h+si]
seg000:29A9             jmp     far ptr 6CD4h:6997h
seg000:29AE             outsw
seg000:29AF             sbb     al, 57h
seg000:29B1             iret
seg000:29B2             jno     short loc_12A27
seg000:29B4
seg000:29B4 loc_129B4:                              ; CODE XREF: aFfdivs+38↓j
seg000:29B4             int3                        ; CODE XREF: aFfdivs+38↓j
seg000:29B5             je      short loc_12A2B
seg000:29B7             inc     sp
seg000:29B8             mov     word_1AB80, ax
seg000:29BB             jnp     short loc_129B4
seg000:29BD             test    al, 0EEh
seg000:29BF             out     dx, ax
seg000:29C0             imul    cx, word ptr [bp+67B0h], 0Fh
seg000:29C5             push    ax
seg000:29C6             dec     bx
seg000:29C7             xchg    sp, ax
seg000:29C8             db 0C6h
seg000:29C9             cld
seg000:29CA             arpl    word ptr [bp+di], si
seg000:29CC             mov     cs, seg_1B725[bx]
seg000:29D0             add     byte_12FFF[bx+di], bh
seg000:29D3             xchg    bx, ax
seg000:29D4             lahf
seg000:29D5             push    bp
seg000:29D6             loop    loc_12977
seg000:29D8             xlat
seg000:29D9             in      ax, dx
seg000:29DA             lahf
seg000:29DB             jnb     short loc_12A0F
seg000:29DD             pushf
seg000:29DE             jne     short loc_12A36
seg000:29E0             and     bx, word ptr [bp-59h]
seg000:29E3             xlat
seg000:29E4             stosw
seg000:29E5             cmc
seg000:29E6             adc     bh, [bp-779Bh]
seg000:29EA             cbw
seg000:29EB             dec     di
seg000:29EC             xchg    di, ax
seg000:29ED             push    0ACDBh
seg000:29F0             pop     ax
seg000:29F1             adc     dh, [bp-4015h+di]
seg000:29F5             jne     short loc_12A05
seg000:29F7             add     ax, word_22F8C[si]
seg000:29FA             mov     cx, 0E852h
seg000:29FD             inc     dx
seg000:29FE
seg000:29FE loc_129FE:                              ; CODE XREF: aFfdivs+8E↓j
seg000:29FE             or      al, 0Dh             ; CODE XREF: aFfdivs+8E↓j
seg000:2A00
seg000:2A00 loc_12A00:                              ; CODE XREF: aFfdivs+9B↓j
seg000:2A00             aaa                         ; CODE XREF: aFfdivs+9B↓j
seg000:2A01             adc     bp, ax
seg000:2A03             xor     ax, 3742h
seg000:2A06             push    sp
seg000:2A07             db  8Fh
seg000:2A08             jnb     short loc_129FC
seg000:2A0A             retf    33E5h
seg000:2A0D             loop    loc_12996
seg000:2A0F
seg000:2A0F loc_12A0F:                              ; CODE XREF: aFfdivs+58↑j
seg000:2A0F             int3                        ; CODE XREF: aFfdivs+58↑j
seg000:2A10             xchg    si, ax
seg000:2A11             loopne  loc_129FE
seg000:2A13             xchg    dx, ax
seg000:2A14             aam     2Ah
seg000:2A16             salc
seg000:2A17             xlat
seg000:2A18             fcomp   st(1)
seg000:2A1A             fcmovbe st(0), st(3)
seg000:2A1C             fsubr   st(2), st(0)
seg000:2A1E             loope   loc_12A00
seg000:2A20             db 0DFh
seg000:2A21             db 0DEh
seg000:2A22             fstp    st(4)
seg000:2A24             fcmovnu st(0), st(2)
seg000:2A26             fstpnce st(0), st(0)
seg000:2A28             call    sub_11514
seg000:2A2B
seg000:2A2B loc_12A2B:                              ; CODE XREF: aFfdivs+32↑j
seg000:2A2B             jmp     short loc_12A19     ; CODE XREF: aFfdivs+32↑j
seg000:2A2D             in      ax, dx
seg000:2A2E             out     dx, al
seg000:2A2F             out     dx, ax
seg000:2A30             db 0F0h
seg000:2A31             int1
seg000:2A32             hlt
seg000:2A35             cmc
seg000:2A36
seg000:2A36 loc_12A36:                              ; CODE XREF: aFfdivs+5B↑j
seg000:2A36             div     bh                  ; CODE XREF: aFfdivs+5B↑j
seg000:2A38             clc
seg000:2A39             stc
seg000:2A3A             cli
seg000:2A3B             sti
seg000:2A3C             cld
seg000:2A3D             std
seg000:2A3E             db 0FEh
seg000:2A3F             inc     word ptr [bx+si]
seg000:2A41             add     word ptr [bp+si], ax
seg000:2A43             add     ax, [si]
seg000:2A45             add     ax, 706h
seg000:2A48             or      [bx+di], cl
seg000:2A4A             or      cl, [bp+di]
seg000:2A4C             or      al, 0Dh
seg000:2A4E             push    cs
seg000:2A4F             movups  xmm2, [bx+di]
seg000:2A52             adc     dl, [bp+di]
seg000:2A54             adc     al, 15h
seg000:2A56             push    ss
seg000:2A57             pop     ss
seg000:2A58             sbb     [bx+di], bl
seg000:2A5A             sbb     bl, [bp+di]
seg000:2A5C             sbb     al, 1Dh
seg000:2A5E             push    ds
seg000:2A5F             pop     ds
seg000:2A60             and     [bx+di], ah
seg000:2A62             and     ah, [bp+di]
seg000:2A64             and     al, 25h
seg000:2A66             daa
seg000:2A68             sub     [bx+di], ch
seg000:2A6A             sub     ch, [bp+di]
seg000:2A6C             sub     al, 2Dh
seg000:2A6E             das
seg000:2A70             xor     [bx+di], dh
seg000:2A72
seg000:2A72 loc_12A72:                              ; CODE XREF: sub_12A81+13↓j
seg000:2A72             xor     dh, [bp+di]         ; CODE XREF: sub_12A81+13↓j
seg000:2A74             xor     al, 35h
seg000:2A76             aaa
seg000:2A78             cmp     [bx+di], bh
seg000:2A7A             cmp     bh, [bp+di]
seg000:2A7C             cmp     al, 3Dh
seg000:2A7E             aas
seg000:2A80             inc     ax
seg000:2A81 aFfdivs         endp
seg000:2A81
seg000:2A81
seg000:2A81 ; =============== S U B R O U T I N E =======================================
seg000:2A81
seg000:2A81
seg000:2A81 sub_12A81       proc near               ; CODE XREF: aFfdivs+5↑p
seg000:2A81             stc                         ; CODE XREF: aFfdivs+5↑p
seg000:2A82             inc     dx
seg000:2A83             pop     di
seg000:2A84             iret
seg000:2A85             nop
seg000:2A86             mov     byte ptr byte_18709[di], 79h
seg000:2A8B             nop
seg000:2A8C             retn    0F596h
seg000:2A8F             iret
seg000:2A90             push    ax
seg000:2A91             fimul   dword ptr [di]
seg000:2A93             push    di
seg000:2A94             jp      short loc_12A72
seg000:2A96             dec     ax
seg000:2A97             insb
seg000:2A98             pop     ax
seg000:2A99             loop    loc_12A75
seg000:2A9B             pop     bx
seg000:2A9C             xlat
seg000:2A9D             add     bl, byte_13031[bx+si]
seg000:2AA0             jmp     loc_18A22
seg000:2AA3             arpl    word_21C04[bx+di], bp
seg000:2AA7             push    0E277h
seg000:2AAA             scasw
seg000:2AAB             sub     cx, si
seg000:2AAD             mov     cl, 6Eh
seg000:2AAF             fld     [bp-35h+si]
seg000:2AB2             jnb     short loc_12B26
seg000:2AB4             mov     cx, 0C254h
seg000:2AB7             retn    7AACh
seg000:2ABB             mov     dh, 5Dh
seg000:2ABD             leave
seg000:2ABE             jg      short loc_12B35
seg000:2AC0             inc     ax
seg000:2AC1             hlt
seg000:2AC2             mov     sp, 60B1h
seg000:2AC5             jns     loc_12B40
seg000:2AC8             retf
seg000:2AC9             add     cx, [di]
seg000:2ACB             inc     bp
seg000:2ACC             mov     word_22B0E[bx], es
seg000:2AD0             cwd
seg000:2AD1             mov     bx, 9A15h
seg000:2AD4             xchg    bp, ax
seg000:2AD5             loope   loc_12B3E
seg000:2AD7             jl      short loc_12A89
seg000:2AD9             or      word ptr [bp+si], bx
seg000:2ADB             bound   sp, dword_22FA9[bx+di]
seg000:2ADE             xchg    si, ax
seg000:2ADF             pop     ds
seg000:2AE0             pop     cx
seg000:2AE1             pop     ax
seg000:2AE2             salc
seg000:2AE3             stosb
seg000:2AE4             dec     di
seg000:2AE5             mov     si, 1936h
seg000:2AE8             test    ax, 418Fh
seg000:2AEB             lodsb
seg000:2AEC             cmp     al, 13h
seg000:2AEE             scasw
seg000:2AEF             loope   loc_12B4C
seg000:2AF1             mov     al, 22h
seg000:2AF3             pop     bx
seg000:2AF4             mov     ax, 0BDB5h
seg000:2AF7             ja      short loc_12AC6
seg000:2AF9             mov     si, 7D3Bh
seg000:2AFC             mov     sp, 56BCh
seg000:2AFF             mov     si, 2C0h
seg000:2B02             dec     si
seg000:2B03             add     cx, word_12FC6[bx+si]
seg000:2B06             retn
seg000:2B07             db 0C7h
seg000:2B08             retf    0CAECh
seg000:2B0B             cmp     si, di
seg000:2B0D             push    cs
seg000:2B0E             mov     ax, 5ECDh
seg000:2B11             adc     word ptr [bp-30h+di], bp
seg000:2B14             aam     84h
seg000:2B16             enter   3E4h, 57h
seg000:2B1A             add     word_22F64[bx+si], sp
seg000:2B1D             fstp    qword ptr [bp+di]
seg000:2B1F             shl     byte ptr byte_21166, 0E5h
seg000:2B24             sti
seg000:2B25             pop     bp
seg000:2B26
seg000:2B26 loc_12B26:                              ; CODE XREF: sub_12A81+31↑j
seg000:2B26             out     0E5h, ax            ; CODE XREF: sub_12A81+31↑j
seg000:2B28             push    bx
seg000:2B29             jmp     loc_18C16
seg000:2B2C             and     bl, byte_22FAF[si]
seg000:2B2F             and     ax, 0E13Ch
seg000:2B33             in      ax, dx
seg000:2B34             db 0C7h
seg000:2B35
seg000:2B35 loc_12B35:                              ; CODE XREF: sub_12A81+3D↑j
seg000:2B35             js      loc_12B64           ; CODE XREF: sub_12A81+3D↑j
seg000:2B38             inc     bx
seg000:2B39             cmp     dx, 0E33Eh
seg000:2B3D             cmp     di, word_132BC[bx+di]
seg000:2B41             push    ds
seg000:2B42             cmp     bh, 14h
seg000:2B45             jo      short loc_12B73
seg000:2B47             mov     di, 0B09h
seg000:2B4A             mov     cl, 0Bh
seg000:2B4C
seg000:2B4C loc_12B4C:                              ; CODE XREF: sub_12A81+6E↑j
seg000:2B4C             or      al, 86h             ; CODE XREF: sub_12A81+6E↑j
seg000:2B4E             sar     byte ptr [bp-65EDh], 0C7h
seg000:2B53             fiadd   word ptr [bx]
seg000:2B55             or      word_16BD9[eax+ebx], bp
seg000:2B5D             cmpsb
seg000:2B5E             push    ds
seg000:2B5F             sbb     al, 6
seg000:2B61             stosb
seg000:2B62             sub     ax, 0E518h
seg000:2B65             push    ax
seg000:2B66             xor     bh, [bp-70h]
seg000:2B69             sub     word ptr [bp+si], bp
seg000:2B6B             call    sub_15805
seg000:2B6E             les     di, cs:[di]
seg000:2B71             mov     dh, [bx+si]
seg000:2B73
seg000:2B73 loc_12B73:                              ; CODE XREF: sub_12A81+C4↑j
seg000:2B73             xor     bx, di              ; CODE XREF: sub_12A81+C4↑j
seg000:2B75             cmp     ax, 348Dh
seg000:2B78             cmp     dl, dl
seg000:2B7A             cmp     word_16CF8[bx+si], ax
seg000:2B7E             mov     bh, [bx]
seg000:2B80             retf
seg000:2B81             xchg    sp, ax
seg000:2B82             db  8Fh
seg000:2B83             push    ax
seg000:2B84             sbb     ax, 0C8A7h
seg000:2B87             int3
seg000:2B88             mov     es, bx
seg000:2B8A             mov     word_187B2[bx+si], cx
seg000:2B8E             dec     bp
seg000:2B8F             cmpsw
seg000:2B90             pop     bx
seg000:2B91             push    cx
seg000:2B92             sar     word ptr [bp-69EBh], 1
seg000:2B96             call    sub_187E5
seg000:2B99             mov     cl, 5Bh
seg000:2B9B             pop     bx
seg000:2B9C             lahf
seg000:2B9D             inc     bx
seg000:2B9E             insw
seg000:2B9F             test    dh, ch
seg000:2BA1             mov     dx, 0E3D9h
seg000:2BA4             out     dx, al
seg000:2BA6             cmp     word ptr [bp+46h+di], sp
seg000:2BA9             loopne  loc_12C1F
seg000:2BAB             push    ax
seg000:2BAC             insb
seg000:2BAD             salc
seg000:2BAE             out     dx, al
seg000:2BAF             outsw
seg000:2BB0             sti
seg000:2BB1             je      loc_12C11
seg000:2BB4             std
seg000:2BB5             imul    cx, word ptr [bp+77h+di], 67h
seg000:2BB9             int     75h
seg000:2BBB             mov     dh, 6Ch
seg000:2BBD             dec     di
seg000:2BBE             call    far ptr 8286h:0BD2Fh
seg000:2BC3             test    word ptr word_1B6FD[bx], 4587h
seg000:2BC9             cwd
seg000:2BCA             bound   sp, dword_1654C[di]
seg000:2BCE             mov     word_17A63[bx+di], ax
seg000:2BD2             pop     di
seg000:2BD3             and     word ptr word_18B15[bx], 0FF81h
seg000:2BD8             sub     al, 93h
seg000:2BDA             test    ax, 2540h
seg000:2BDD             pushf
seg000:2BDE             sahf
seg000:2BDF             push    dx
seg000:2BE0             mov     al, 9Dh
seg000:2BE2             retn
seg000:2BE3             shl     word ptr [bp-2367h+si], 1
seg000:2BE7             shr     byte ptr [bp-757Bh+si], 1
seg000:2BEB             cwd
seg000:2BEC             dec     ax
seg000:2BED             inc     si
seg000:2BEF             idiv    word ptr word_22F61[di]
seg000:2BF2             db  8Fh
seg000:2BF3             mov     ah, 0B4h
seg000:2BF5             sal     byte ptr byte_1C81F[di], 0B9h
seg000:2BFA             jns     short loc_12C2C
seg000:2BFC             mov     ax, 0CAFDh
seg000:2BFF             cmpsb
seg000:2C00             je      short loc_12BC5
seg000:2C02             int1
seg000:2C03             sbb     byte_1300F[bx+si], ch
seg000:2C06             imul    ax, word ptr ss:[bp+19h+si], 7
seg000:2C0B             db 0DBh
seg000:2C0C             pushaw
seg000:2C0D             db 0C7h
seg000:2C0E             push    cs
seg000:2C0F             mov     bx, 653Ah
seg000:2C12             fsubr   st(0), st(0)
seg000:2C14             db  0Fh
seg000:2C15             sbb     dh, al
seg000:2C17             cmp     al, 2Bh
seg000:2C19             sbb     ah, byte_13024[bx+si]
seg000:2C1C             fild    qword ptr byte_22F9F[di]
seg000:2C1F
seg000:2C1F loc_12C1F:                              ; CODE XREF: sub_12A81+128↑j
seg000:2C1F             xor     word ptr [bp+di], cx; CODE XREF: sub_12A81+128↑j
seg000:2C21             loope   loc_12C7B
seg000:2C23             pop     bx
seg000:2C24             out     55h, ax
seg000:2C26             in      al, 9
seg000:2C28             add     bp, cx
seg000:2C2A             push    sp
seg000:2C2B             out     0EFh, ax
seg000:2C2D             fbld    tbyte ptr [bx]
seg000:2C2F             push    bp
seg000:2C30             inc     sp
seg000:2C31             bnd js  loc_12C66
seg000:2C34             sbb     bl, byte_1E5B6
seg000:2C38             push    sp
seg000:2C39             pop     ss
seg000:2C3A             adc     bx, di
seg000:2C3C             add     bh, [si]
seg000:2C3E             jle     short loc_12C46
seg000:2C40             or      al, 73h
seg000:2C42             out     dx, al
seg000:2C43             mov     cx, 6BCh
seg000:2C46
seg000:2C46 loc_12C46:                              ; CODE XREF: sub_12A81+1BD↑j
seg000:2C46             mov     dh, 0Dh             ; CODE XREF: sub_12A81+1BD↑j
seg000:2C48             out     0E2h, al
seg000:2C4A             or      cl, al
seg000:2C4C             cmp     [bx+si], sp
seg000:2C4E
seg000:2C4E loc_12C4E:                              ; CODE XREF: sub_12A81+1EB↓j
seg000:2C4E             and     [bx+si], cl         ; CODE XREF: sub_12A81+1EB↓j
seg000:2C50             dec     bx
seg000:2C51             adc     ax, word_13004[di]
seg000:2C54             push    ss
seg000:2C55             push    ss
seg000:2C56             sbb     ax, 181Bh
seg000:2C59             sbb     [bx+si], dx
seg000:2C5B             sbb     ch, dl
seg000:2C5D             rcl     bl, 1
seg000:2C5F             shr     ch, cl
seg000:2C61             in      al, dx
seg000:2C62             out     dx, ax
seg000:2C63             out     dx, al
seg000:2C64             jmp     loc_1184F
seg000:2C67             jmp     far ptr 0E6E7h:0E4E5h
seg000:2C6C             loope   loc_12C4E
seg000:2C6E             jcxz    loc_12C52
seg000:2C70             std
seg000:2C71             cld
seg000:2C72             db 0FFh
seg000:2C73             db 0FEh
seg000:2C74             stc
seg000:2C75             clc
seg000:2C76             sti
seg000:2C77             cli
seg000:2C78             cmc
seg000:2C79             hlt
seg000:2C7A             div     si
seg000:2C7C             xchg    [di], di
seg000:2C7E             xor     ax, 0FA3Ch
seg000:2C81             popaw
seg000:2C82             bound   sp, dword ptr [bp+64h+di]
seg000:2C85             push    6C6B6A69h
seg000:2C8D             insw
seg000:2C8E             outsb
seg000:2C8F             outsw
seg000:2C90             jo      short loc_12D03
seg000:2C92             jb      short loc_12D07
seg000:2C94             je      short loc_12D0B
seg000:2C96             jbe     short loc_12D0F
seg000:2C98             js      short loc_12D13
seg000:2C9A             jp      short loc_12D17
seg000:2C9C             jl      short loc_12D1B
seg000:2C9E             jle     short loc_12D1F
seg000:2CA0             fisub   dword ptr dword_1302E[bx+di]
seg000:2CA3             pushaw
seg000:2CA4             fiadd   word ptr word_13006[di]
seg000:2CA7             aaa
seg000:2CA8             add     al, 0Ch
seg000:2CAA             or      bx, [bx+si]
seg000:2CAC             or      word_12FC7[di], cx
seg000:2CAF             add     word ptr [bp+di], ax
seg000:2CB1             adc     al, 0
seg000:2CB3             pop     es
seg000:2CB4             push    sp
seg000:2CB5             xor     bp, ds:word_14D18
seg000:2CBA             adc     cx, [bx+si]
seg000:2CBC             pop     ss
seg000:2CBD             sbb     [bp+si], cl
seg000:2CBF             or      sp, bp
seg000:2CC1             mov     ax, word_1D362
seg000:2CC4             test    word ptr ds:[bp+3284h+di], cx
seg000:2CC9             test    ax, 0ABAAh
seg000:2CCC             lodsb
seg000:2CCD             lodsw
seg000:2CCE             scasb
seg000:2CCF             scasw
seg000:2CD0             mov     al, 0B1h
seg000:2CD2             mov     dl, 0B3h
seg000:2CD4             mov     ah, 0B5h
seg000:2CD6             mov     dh, 0B7h
seg000:2CD8             mov     ax, 0BAB9h
seg000:2CDB             mov     bx, 0BDBCh
seg000:2CDE             mov     si, 80BFh
seg000:2CE1             add     word ptr [bp-7B7Dh+si], 8685h
seg000:2CE7             xchg    word ptr [bp+si], dx
seg000:2CE9             test    ax, 0A8A4h
seg000:2CEC             push    ss
seg000:2CED             lea     cx, [bp-2132h]
seg000:2CF1             aad     92h
seg000:2CF3             db 0C7h
seg000:2CF4             int     0C5h
seg000:2CF6             rcl     word ptr word_1FB9C[bx], cl
seg000:2CFA             ror     bp, cl
seg000:2CFC             fstp    dword ptr dword_20A92[di]
seg000:2D00             mov     ah, 0B5h
seg000:2D02             cmpsw
seg000:2D03
seg000:2D03 loc_12D03:                              ; CODE XREF: sub_12A81+20F↑j
seg000:2D03             mov     cl, 0E4h            ; CODE XREF: sub_12A81+20F↑j
seg000:2D05             jmp     short loc_12CEF
seg000:2D07 ; ---------------------------------------------------------------------------
seg000:2D07
seg000:2D07 loc_12D07:                              ; CODE XREF: sub_12A81+211↑j
seg000:2D07             jmp     loc_116F2           ; CODE XREF: sub_12A81+211↑j
seg000:2D0A             jmp     far ptr 0C1CDh:76EBh
seg000:2D0F ; ---------------------------------------------------------------------------
seg000:2D0F
seg000:2D0F loc_12D0F:                              ; CODE XREF: sub_12A81+215↑j
seg000:2D0F             int3                        ; CODE XREF: sub_12A81+215↑j
seg000:2D10             push    -0Fh
seg000:2D12             hlt
seg000:2D15             cmc
seg000:2D16             div     bh
seg000:2D18             clc
seg000:2D19             stc
seg000:2D1A             cli
seg000:2D1B
seg000:2D1B loc_12D1B:                              ; CODE XREF: sub_12A81+21B↑j
seg000:2D1B             sti                         ; CODE XREF: sub_12A81+21B↑j
seg000:2D1C             cld
seg000:2D1D             std
seg000:2D1E             db 0FEh
seg000:2D1F
seg000:2D1F loc_12D1F:                              ; CODE XREF: sub_12A81+21D↑j
seg000:2D1F             inc     ax                  ; CODE XREF: sub_12A81+21D↑j
seg000:2D21             rol     dx, 0C3h
seg000:2D24 loc_12D24       db 0C4h                 ; CODE XREF: sub_12A81+2B1↓j
seg000:2D25             db 0C5h
seg000:2D26             mov     bh, 0C8h
seg000:2D29             leave
seg000:2D2A             retf    0CCCBh
seg000:2D2D             int     0CEh
seg000:2D2F             iret
seg000:2D30             dec     dx
seg000:2D31             int1
seg000:2D32             loop    loc_12D24
seg000:2D34             cmp     al, 38h
seg000:2D36             cmp     di, word ptr [bp+si]
seg000:2D38             xor     ax, 3734h
seg000:2D3B             xor     ss:[bx+si], si
seg000:2D3E             xor     si, word ptr [bp+si]
seg000:2D40             int     0CCh
seg000:2D42             iret
seg000:2D43             into
seg000:2D44             leave
seg000:2D45             enter   -3535h, -3Bh
seg000:2D49             db 0C4h
seg000:2D4A             mov     si, 0C0C1h
seg000:2D4E
seg000:2D4E loc_12D4E:                              ; CODE XREF: sub_12A81+2EB↓j
seg000:2D4E             retn                        ; CODE XREF: sub_12A81+2EB↓j
seg000:2D4F             retn    0DCDDh
seg000:2D52 loc_12D52       db 0DFh                 ; CODE XREF: sub_12A81+2ED↓j
seg000:2D53             fisubr  word ptr word_147D5[bx+si]
seg000:2D57             aaa
seg000:2D58             sbb     dh, ah
seg000:2D5A             in      ax, 11h
seg000:2D5C             pop     ds
seg000:2D5D             aam     0D3h
seg000:2D5F             shr     ch, cl
seg000:2D61             in      al, dx
seg000:2D62             out     dx, ax
seg000:2D63             out     dx, al
seg000:2D64             jmp     loc_1194F
seg000:2D67             jmp     far ptr 0E6E7h:0E4E5h
seg000:2D6C             loope   loc_12D4E
seg000:2D6E             jcxz    loc_12D52
seg000:2D70             std
seg000:2D71             cld
seg000:2D72             db 0FFh
seg000:2D73             db 0FEh
seg000:2D74             stc
seg000:2D75             clc
seg000:2D76             sti
seg000:2D77             cli
seg000:2D78             cmc
seg000:2D79             hlt
seg000:2D7A             div     si
seg000:2D7C             int1
seg000:2D7D             xchg    byte_172F4, bh
seg000:2D81             sti
seg000:2D82             bound   sp, dword ptr [bp+64h+di]
seg000:2D85             push    6C6B6A69h
seg000:2D8D             insw
seg000:2D8E             outsb
seg000:2D8F             outsw
seg000:2D90             jo      short loc_12E03
seg000:2D92             jb      short loc_12E07
seg000:2D94             je      short loc_12E0B
seg000:2D96             jbe     short loc_12E0F
seg000:2D98             js      short loc_12E13
seg000:2D9A             jp      short loc_12E17
seg000:2D9C             jl      short loc_12E1B
seg000:2D9E             jle     short loc_12E1F
seg000:2DA0             inc     ax
seg000:2DA1             db 0DBh
seg000:2DA2             bound   bp, dword_13027[bx]
seg000:2DA5             fild    word ptr [bp+47h]
seg000:2DA8             cmp     [di], al
seg000:2DAA             db  0Fh
seg000:2DAB             or      bl, [bx]
seg000:2DAD             or      [bp+1Dh], cl
seg000:2DB0             adc     ax, 1D1Ch
seg000:2DB3             add     ax, 5511h
seg000:2DB6             cmp     ax, 2132h
seg000:2DB9             pop     cx
seg000:2DBA             push    ds
seg000:2DBB             adc     cl, [bx]
seg000:2DBD             push    ss
seg000:2DBE             sbb     cx, word ptr [bp+di]
seg000:2DC0             hlt
seg000:2DC1             in      al, 0A2h
seg000:2DC3             mov     word_16F64, ax
seg000:2DC6             xchg    [bp+338Bh+si], cl
seg000:2DCA             stosb
seg000:2DCB             stosw
seg000:2DCC             lodsb
seg000:2DCD             lodsw
seg000:2DCE             scasb
seg000:2DCF             scasw
seg000:2DD0             mov     al, 0B1h
seg000:2DD2             mov     dl, 0B3h
seg000:2DD4             mov     ah, 0B5h
seg000:2DD6             mov     dh, 0B7h
seg000:2DD8             mov     ax, 0BAB9h
seg000:2DDB             mov     bx, 0BDBCh
seg000:2DDE             mov     si, 80BFh
seg000:2DE1             add     word ptr [bp-7B7Dh+si], 8685h
seg000:2DE7             xchg    word_1D9D3[bx+si], cx
seg000:2DEB             movsw
seg000:2DEC             scasw
seg000:2DED
seg000:2DED loc_12DED:                              ; CODE XREF: sub_12A81+37A↓j
seg000:2DED             pop     ss                  ; CODE XREF: sub_12A81+37A↓j
seg000:2DEE             mov     cs, seg_20F91[bx]
seg000:2DF2             salc
seg000:2DF3             xchg    bx, ax
seg000:2DF4             fstp    st(3)
seg000:2DF6             db 0C5h
seg000:2DF7             ror     dl, cl
seg000:2DF9             int     9Ah
seg000:2DFB             jmp     short loc_12DED
seg000:2DFD             cld
seg000:2DFE             out     9Fh, ax
seg000:2E00             movsb
seg000:2E01             test    al, 0B1h
seg000:2E03
seg000:2E03 loc_12E03:                              ; CODE XREF: sub_12A81+30F↑j
seg000:2E03             test    al, 0A1h            ; CODE XREF: sub_12A81+30F↑j
seg000:2E05             mov     cl, 0B2h
seg000:2E07
seg000:2E07 loc_12E07:                              ; CODE XREF: sub_12A81+311↑j
seg000:2E07             mov     byte_219A6, al      ; CODE XREF: sub_12A81+311↑j
seg000:2E0A             jmp     far ptr 0CE77h:0ECEBh
seg000:2E0F ; ---------------------------------------------------------------------------
seg000:2E0F
seg000:2E0F loc_12E0F:                              ; CODE XREF: sub_12A81+315↑j
seg000:2E0F             rcl     bl, 6Bh             ; CODE XREF: sub_12A81+315↑j
seg000:2E12             hlt
seg000:2E15             cmc
seg000:2E16             div     bh
seg000:2E18             clc
seg000:2E19             stc
seg000:2E1A             cli
seg000:2E1B
seg000:2E1B loc_12E1B:                              ; CODE XREF: sub_12A81+31B↑j
seg000:2E1B             sti                         ; CODE XREF: sub_12A81+31B↑j
seg000:2E1C             cld
seg000:2E1D             std
seg000:2E1E             db 0FEh
seg000:2E1F
seg000:2E1F loc_12E1F:                              ; CODE XREF: sub_12A81+31D↑j
seg000:2E1F             inc     ax                  ; CODE XREF: sub_12A81+31D↑j
seg000:2E21             rol     dx, 0C3h
seg000:2E24             db 0C4h
seg000:2E25             db 0C5h
seg000:2E26             mov     bh, 0C8h
seg000:2E29             leave
seg000:2E2A             retf    0CCCBh
seg000:2E2D             int     0CEh
seg000:2E2F             iret
seg000:2E30             ror     byte ptr [bp-0Eh+di], 1
seg000:2E33             jcxz    loc_12E2C
seg000:2E35             dec     di
seg000:2E36             salc
seg000:2E37             xlat
seg000:2E38             mov     al, 90h
seg000:2E3A             mov     ds, bx
seg000:2E3C             popf
seg000:2E3D             xchg    bx, ax
seg000:2E3E             xchg    di, bx
seg000:2E40             imul    sp, word_1303B[si], 23h
seg000:2E44             jo      short loc_12EB0
seg000:2E46             jle     loc_12EAE
seg000:2E4C             bound   di, dword_1302B[bx+si]
seg000:2E4F             das
seg000:2E50             aas
seg000:2E52             cmp     al, 33h
seg000:2E54             xor     al, 0AFh
seg000:2E56             push    ss
seg000:2E57             push    es
seg000:2E58             sbb     sp, word ptr [bp+3B3Ah+di]
seg000:2E5C             cmp     al, 3Dh
seg000:2E5E             aas
seg000:2E60             add     [bx+di], al
seg000:2E62             add     al, [bp+di]
seg000:2E64             add     al, 5
seg000:2E66             push    es
seg000:2E67             pop     es
seg000:2E68             or      [bx+di], cl
seg000:2E6A             or      cl, [bp+di]
seg000:2E6C             or      al, 0Dh
seg000:2E6E             push    cs
seg000:2E6F             movups  xmm2, [bx+di]
seg000:2E72             adc     dl, [bp+di]
seg000:2E74             adc     al, 15h
seg000:2E76             push    ss
seg000:2E77             pop     ss
seg000:2E78             sbb     [bp+293Ah+di], al
seg000:2E7C             aas
seg000:2E7D             cmc
seg000:2E7E             lea     cx, word_1BE4F[si]
seg000:2E84             mov     word_1BA4B[bx+si], cx
seg000:2E88             test    word_1B647[si], ax
seg000:2E8C             add     word ptr word_1B243[bx+si], 9C9Dh
seg000:2E92             lahf
seg000:2E93             sahf
seg000:2E94             cwd
seg000:2E95             cbw
seg000:2E96             wait
seg000:2E97             call    far ptr 9697h:9495h
seg000:2E9C             xchg    cx, ax
seg000:2E9D             loope   loc_12EFD
seg000:2E9F             dec     di
seg000:2EA0             inc     cx
seg000:2EA1             popaw
seg000:2EA2             popf
seg000:2EA3             pushf
seg000:2EA4             call    sub_12ED4
seg000:2EA7             sub     si, si
seg000:2EA9             call    sub_12EB2
seg000:2EAC             inc     si
seg000:2EAD             inc     si
seg000:2EAE
seg000:2EAE loc_12EAE:                              ; CODE XREF: sub_12A81+3C5↑j
seg000:2EAE             call    sub_12EB2           ; CODE XREF: sub_12A81+3C5↑j
seg000:2EB1             retf
seg000:2EB2 sub_12A81       endp
seg000:2EB2
seg000:2EB2
seg000:2EB2 ; =============== S U B R O U T I N E =======================================
seg000:2EB2
seg000:2EB2
seg000:2EB2 sub_12EB2       proc near               ; CODE XREF: sub_12A81+428↑p
seg000:2EB2                                         ; sub_12A81:loc_12EAE↑p
seg000:2EB2             push    ax                  ; CODE XREF: sub_12A81+428↑p
seg000:2EB2                                         ; sub_12A81:loc_12EAE↑p
seg000:2EB3             mov     ax, word_13EA4[si]
seg000:2EB7             mov     word_13E8C[si], ax
seg000:2EBB             mov     word_13E7C[si], ax
seg000:2EBF             mov     word_13E84[si], ax
seg000:2EC3             pop     ax
seg000:2EC4             retn
seg000:2EC5             call    sub_12ED4
seg000:2EC8             sub     si, si
seg000:2ECA             call    sub_12F1C
seg000:2ECD             mov     si, 1
seg000:2ED0             call    sub_12F1C
seg000:2ED3             retf
seg000:2ED4 sub_12EB2       endp
seg000:2ED4
seg000:2ED4
seg000:2ED4 ; =============== S U B R O U T I N E =======================================
seg000:2ED4
seg000:2ED4
seg000:2ED4 sub_12ED4       proc near               ; CODE XREF: sub_12A81+423↑p
seg000:2ED4                                         ; sub_12EB2+13↑p
seg000:2ED4             push    ax                  ; CODE XREF: sub_12A81+423↑p
seg000:2ED4                                         ; sub_12EB2+13↑p
seg000:2ED5             push    bx
seg000:2ED6             push    cx
seg000:2ED7             push    dx
seg000:2ED8             push    si
seg000:2ED9             push    di
seg000:2EDA             push    bp
seg000:2EDB             sub     bp, bp
seg000:2EDD             sub     cx, cx
seg000:2EDF             sub     di, di
seg000:2EE1             mov     dx, 201h
seg000:2EE4             mov     bx, 3
seg000:2EE7             cli
seg000:2EE8             out     dx, al
seg000:2EE9             jmp     short loc_12EEB
seg000:2EEB ; ---------------------------------------------------------------------------
seg000:2EEB
seg000:2EEB loc_12EEB:                              ; CODE XREF: sub_12ED4+15↑j
seg000:2EEB             jmp     short loc_12EEE     ; CODE XREF: sub_12ED4+15↑j
seg000:2EED             nop
seg000:2EEE
seg000:2EEE loc_12EEE:                              ; CODE XREF: sub_12ED4:loc_12EEB↑j
seg000:2EEE                                         ; sub_12ED4+2B↓j
seg000:2EEE             in      al, dx              ; CODE XREF: sub_12ED4:loc_12EEB↑j
seg000:2EEE                                         ; sub_12ED4+2B↓j
seg000:2EEF             and     ax, bx
seg000:2EF1             mov     si, ax
seg000:2EF3             and     al, 1
seg000:2EF5             add     bp, ax
seg000:2EF7             mov     ax, si
seg000:2EF9             shr     ax, 1
seg000:2EFB             add     di, ax
seg000:2EFD
seg000:2EFD loc_12EFD:                              ; CODE XREF: sub_12A81+41C↑j
seg000:2EFD             or      si, si              ; CODE XREF: sub_12A81+41C↑j
seg000:2EFF             loopne  loc_12EEE
seg000:2F01             je      short loc_12F0B
seg000:2F03             sub     bp, bp
seg000:2F05             not     bp
seg000:2F07             sub     di, di
seg000:2F09             not     di
seg000:2F0B
seg000:2F0B loc_12F0B:                              ; CODE XREF: sub_12ED4+2D↑j
seg000:2F0B             sti                         ; CODE XREF: sub_12ED4+2D↑j
seg000:2F0C             mov     word_13EA4, bp
seg000:2F10             mov     word_13EA6, di
seg000:2F14             pop     bp
seg000:2F15             pop     di
seg000:2F16             pop     si
seg000:2F17             pop     dx
seg000:2F18             pop     cx
seg000:2F19             pop     bx
seg000:2F1A             pop     ax
seg000:2F1B             retn
seg000:2F1C sub_12ED4       endp
seg000:2F1C
seg000:2F1C
seg000:2F1C ; =============== S U B R O U T I N E =======================================
seg000:2F1C
seg000:2F1C
seg000:2F1C sub_12F1C       proc near               ; CODE XREF: sub_12EB2+18↑p
seg000:2F1C                                         ; sub_12EB2+1E↑p
seg000:2F1C             push    ax                  ; CODE XREF: sub_12EB2+18↑p
seg000:2F1C                                         ; sub_12EB2+1E↑p
seg000:2F1D             push    dx
seg000:2F1E             push    ds
seg000:2F1F             shl     si, 1
seg000:2F21             mov     ax, word_13EA4[si]
seg000:2F25             mov     dx, ax
seg000:2F27             sub     ax, word_13E8C[si]
seg000:2F2B             jne     short loc_12F32
seg000:2F2D             mov     ah, 7Fh
seg000:2F2F             jmp     short loc_12F57
seg000:2F31             nop
seg000:2F32
seg000:2F32 loc_12F32:                              ; CODE XREF: sub_12F1C+F↑j
seg000:2F32             ja      short loc_12F61     ; CODE XREF: sub_12F1C+F↑j
seg000:2F34             cmp     dx, word_13E7C[si]
seg000:2F38             ja      short loc_12F49
seg000:2F3A             mov     word_13E7C[si], dx
seg000:2F3E             neg     ax
seg000:2F40             mov     word_13E94[si], ax
seg000:2F44             sub     ax, ax
seg000:2F46             jmp     short loc_12F57
seg000:2F48             nop
seg000:2F49
seg000:2F49 loc_12F49:                              ; CODE XREF: sub_12F1C+1C↑j
seg000:2F49             neg     ax                  ; CODE XREF: sub_12F1C+1C↑j
seg000:2F4B             mov     dx, ax
seg000:2F4D             sub     ax, ax
seg000:2F4F             div     word ptr word_13E94[si]
seg000:2F53             not     ax
seg000:2F55             shr     ax, 1
seg000:2F57
seg000:2F57 loc_12F57:                              ; CODE XREF: sub_12F1C+13↑j
seg000:2F57                                         ; sub_12F1C+2A↑j
seg000:2F57             shr     si, 1               ; CODE XREF: sub_12F1C+13↑j
seg000:2F57                                         ; sub_12F1C+2A↑j
seg000:2F59             mov     byte_13EAC[si], ah
seg000:2F5D             pop     ds
seg000:2F5E             pop     dx
seg000:2F5F             pop     ax
seg000:2F60             retn
seg000:2F61 ; ---------------------------------------------------------------------------
seg000:2F61
seg000:2F61 loc_12F61:                              ; CODE XREF: sub_12F1C:loc_12F32↑j
seg000:2F61             cmp     dx, word_13E84[si]  ; CODE XREF: sub_12F1C:loc_12F32↑j
seg000:2F65             jb      short loc_12F76
seg000:2F67             mov     word_13E84[si], dx
seg000:2F6B             mov     word_13E9C[si], ax
seg000:2F6F             sub     ax, ax
seg000:2F71             not     ax
seg000:2F73             jmp     short loc_12F83
seg000:2F75             nop
seg000:2F76
seg000:2F76 loc_12F76:                              ; CODE XREF: sub_12F1C+49↑j
seg000:2F76             mov     dx, ax              ; CODE XREF: sub_12F1C+49↑j
seg000:2F78             sub     ax, ax
seg000:2F7A             div     word ptr word_13E9C[si]
seg000:2F7E             shr     ax, 1
seg000:2F80             add     ah, 80h
seg000:2F83
seg000:2F83 loc_12F83:                              ; CODE XREF: sub_12F1C+57↑j
seg000:2F83             shr     si, 1               ; CODE XREF: sub_12F1C+57↑j
seg000:2F85             mov     byte_13EAC[si], ah
seg000:2F89             pop     ds
seg000:2F8A             pop     dx
seg000:2F8B             pop     ax
seg000:2F8C             retn
seg000:2F8D             push    bp
seg000:2F8E             mov     bp, sp
seg000:2F90             push    es
seg000:2F91             les     di, [bp+6]
seg000:2F94             mov     cx, 14h
seg000:2F97             mov     si, 0EBCh
seg000:2F9A             rep movsw
seg000:2F9C             pop     es
seg000:2F9D             pop     bp
seg000:2F9E             retf
seg000:2F9F             push    bp
seg000:2FA0             mov     bp, sp
seg000:2FA2             push    es
seg000:2FA3             push    ds
seg000:2FA4             push    ds
seg000:2FA5             pop     es
seg000:2FA6             lds     si, [bp+6]
seg000:2FA9             mov     cx, 14h
seg000:2FAC             mov     di, 0EBCh
seg000:2FAF             rep movsw
seg000:2FB1             pop     ds
seg000:2FB2             pop     es
seg000:2FB3             pop     bp
seg000:2FB4             retf
seg000:2FB5             add     [bx+si], al
seg000:2FB7             add     [bx+si], al
seg000:2FB9             add     [bx+si], al
seg000:2FBB             add     [bx+si], al
seg000:2FBD             add     [bx+si], al
seg000:2FBF             db    0
seg000:2FBF sub_12F1C       endp
seg000:2FBF
seg000:2FBF seg000          ends
seg000:2FBF
dseg:0000 ; ===========================================================================
dseg:0000
dseg:0000 ; Segment type: Pure data
dseg:0000 dseg            segment byte public 'DATA' use16
dseg:0000 byte_12FC0      db    0                 ; DATA XREF: sub_10010+1C3↑r
dseg:0000                                         ; sub_10010+1FC↑w ...
dseg:0001 word_12FC1      db    0                 ; DATA XREF: sub_10FB9+3B↑w
dseg:0002 seg_12FC2       db    0                 ; DATA XREF: sub_11080+7↑r
dseg:0002                                         ; sub_11779+E↑r ...
dseg:0003 word_12FC3      db    0                 ; DATA XREF: sub_10FB9+3E↑w
dseg:0004 word_12FC4      db    0                 ; DATA XREF: sub_11779+11↑r
dseg:0004                                         ; sub_11779+55↑w ...
dseg:0005               db    0
dseg:0006 word_12FC6      db    0                 ; DATA XREF: sub_11779+14↑r
dseg:0006                                         ; sub_11779+58↑w ...
dseg:0007 word_12FC7      db    0                 ; DATA XREF: sub_11B16+5D↑r
dseg:0007                                         ; sub_1203E+ED↑w ...
dseg:0008 word_12FC8      db  4Dh ; M             ; DATA XREF: sub_108FC+33↑w
dseg:0008                                         ; sub_108FC+59↑w ...
dseg:0009               db  53h ; S
dseg:000A word_12FCA      db  20h ;               ; DATA XREF: sub_108FC+3C↑w
dseg:000A                                         ; sub_108FC+62↑w ...
dseg:000B               db  52h ; R
dseg:000C word_12FCC      db  75h ; u             ; DATA XREF: sub_10971+4C↑r
dseg:000C                                         ; sub_10971+191↑r ...
dseg:000D               db  6Eh ; n
dseg:000E               db  2Dh ; -
dseg:000F               db  54h ; T
dseg:0010               db  69h ; i
dseg:0011               db  6Dh ; m
dseg:0012               db  65h ; e
dseg:0013               db  20h ;  
dseg:0014               db  4Ch ; L
dseg:0015               db  69h ; i
dseg:0016               db  62h ; b
dseg:0017               db  72h ; r
dseg:0018               db  61h ; a
dseg:0019               db  72h ; r
dseg:001A               db  79h ; y
dseg:001B               db  20h ;  
dseg:001C               db  2Dh ; -
dseg:001D               db  20h ;  
dseg:001E               db  43h ; C
dseg:001F               db  6Fh ; o
dseg:0020               db  70h ; p
dseg:0021               db  79h ; y
dseg:0022               db  72h ; r
dseg:0023               db  69h ; i
dseg:0024               db  67h ; g
dseg:0025               db  68h ; h
dseg:0026               db  74h ; t
dseg:0027               db  20h ;  
dseg:0028               db  28h ; (
dseg:0029               db  63h ; c
dseg:002A               db  29h ; )
dseg:002B               db  20h ;  
dseg:002C word_12FEC      db  31h ; 1             ; DATA XREF: sub_11F4E+11↑r
dseg:002D               db  39h ; 9
dseg:002E               db  38h ; 8
dseg:002F               db  38h ; 8
dseg:0030               db  2Ch ; ,
dseg:0031               db  20h ;  
dseg:0032               db  4Dh ; M
dseg:0033               db  69h ; i
dseg:0034               db  63h ; c
dseg:0035               db  72h ; r
dseg:0036               db  6Fh ; o
dseg:0037               db  73h ; s
dseg:0038               db  6Fh ; o
dseg:0039 word_12FF9      db  66h ; f             ; DATA XREF: B$NearRetVect+29↑w
dseg:003A               db  74h ; t
dseg:003B               db  20h ;  
dseg:003C               db  43h ; C
dseg:003D               db  6Fh ; o
dseg:003E               db  72h ; r
dseg:003F byte_12FFF      db  70h ; p             ; DATA XREF: aFfdivs+4D↑w
dseg:0040               db  11h
dseg:0041               db    0
dseg:0042               db  4Dh ; M
dseg:0043               db  67h ; g
dseg:0044 word_13004      db  72h ; r             ; DATA XREF: sub_12A81+1D0↑r
dseg:0045               db  61h ; a
dseg:0046 word_13006      db  70h ; p             ; DATA XREF: sub_12A81+223↑r
dseg:0047               db  68h ; h
dseg:0048               db  69h ; i
dseg:0049               db  63h ; c
dseg:004A               db  2Eh ; .
dseg:004B               db  65h ; e
dseg:004C               db  78h ; x
dseg:004D               db  65h ; e
dseg:004E               db    0
dseg:004F byte_1300F      db  45h ; E             ; DATA XREF: sub_12A81+182↑w
dseg:0050               db  67h ; g
dseg:0051               db  72h ; r
dseg:0052               db  61h ; a
dseg:0053               db  70h ; p
dseg:0054               db  68h ; h
dseg:0055               db  69h ; i
dseg:0056               db  63h ; c
dseg:0057               db  2Eh ; .
dseg:0058               db  65h ; e
dseg:0059               db  78h ; x
dseg:005A               db  65h ; e
dseg:005B               db    0
dseg:005C               db  54h ; T
dseg:005D               db  67h ; g
dseg:005E               db  72h ; r
dseg:005F               db  61h ; a
dseg:0060               db  70h ; p
dseg:0061               db  68h ; h
dseg:0062               db  69h ; i
dseg:0063               db  63h ; c
dseg:0064 byte_13024      db  2Eh ; .             ; DATA XREF: sub_12A81+198↑r
dseg:0065               db  65h ; e
dseg:0066               db  78h ; x
dseg:0067 dword_13027     db  65h ; e             ; DATA XREF: sub_12A81+321↑r
dseg:0068               db    0
dseg:0069               db  43h ; C
dseg:006A               db  67h ; g
dseg:006B dword_1302B     db  72h ; r             ; DATA XREF: sub_12A81+3CB↑r
dseg:006C               db  61h ; a
dseg:006D               db  70h ; p
dseg:006E dword_1302E     db  68h ; h             ; DATA XREF: sub_12A81+21F↑r
dseg:006F               db  69h ; i
dseg:0070               db  63h ; c
dseg:0071 byte_13031      db  2Eh ; .             ; DATA XREF: sub_12A81+1C↑r
dseg:0072               db  65h ; e
dseg:0073               db  78h ; x
dseg:0074               db  65h ; e
dseg:0075               db    0
dseg:0076               db  43h ; C
dseg:0077               db  67h ; g
dseg:0078               db  72h ; r
dseg:0079               db  61h ; a
dseg:007A               db  70h ; p
dseg:007B word_1303B      db  68h ; h             ; DATA XREF: sub_12A81+3BF↑r
dseg:007C               db  69h ; i
dseg:007D               db  63h ; c
dseg:007E               db  2Eh ; .
dseg:007F               db  65h ; e
dseg:0080               db  78h ; x
dseg:0081               db  65h ; e
dseg:0082               db    0
dseg:0083               db  20h ;  
dseg:0084               db  20h ;  
dseg:0085               db  20h ;  
dseg:0086               db  20h ;  
dseg:0087               db  20h ;  
dseg:0088               db  20h ;  
dseg:0089               db  20h ;  
dseg:008A               db  20h ;  
dseg:008B               db  20h ;  
dseg:008C               db  20h ;  
dseg:008D               db  20h ;  
dseg:008E               db  20h ;  
dseg:008F               db  20h ;  
dseg:0090               db  20h ;  
dseg:0091               db  20h ;  
dseg:0092               db  20h ;  
dseg:0093               db  20h ;  
dseg:0094               db  20h ;  
dseg:0095               db  20h ;  
dseg:0096               db  20h ;  
dseg:0097               db  20h ;  
dseg:0098               db  20h ;  
dseg:0099               db  20h ;  
dseg:009A               db  20h ;  
dseg:009B               db  20h ;  
dseg:009C               db  20h ;  
dseg:009D               db  20h ;  
dseg:009E               db  20h ;  
dseg:009F               db  20h ;  
dseg:00A0               db  20h ;  
dseg:00A1               db  20h ;  
dseg:00A2               db  20h ;  
dseg:00A3               db  20h ;  
dseg:00A4               db  20h ;  
dseg:00A5               db  20h ;  
dseg:00A6               db  20h ;  
dseg:00A7               db  20h ;  
dseg:00A8               db  20h ;  
dseg:00A9               db  20h ;  
dseg:00AA               db  20h ;  
dseg:00AB               db  20h ;  
dseg:00AC               db  20h ;  
dseg:00AD               db  20h ;  
dseg:00AE               db  20h ;  
dseg:00AF               db  20h ;  
dseg:00B0               db  20h ;  
dseg:00B1               db  20h ;  
dseg:00B2               db  20h ;  
dseg:00B3               db  20h ;  
dseg:00B4               db  20h ;  
dseg:00B5               db  20h ;  
dseg:00B6               db  20h ;  
dseg:00B7               db  20h ;  
dseg:00B8               db  20h ;  
dseg:00B9               db  20h ;  
dseg:00BA               db  20h ;  
dseg:00BB               db  20h ;  
dseg:00BC               db  20h ;  
dseg:00BD               db  20h ;  
dseg:00BE               db  20h ;  
dseg:00BF               db  20h ;  
dseg:00C0               db  20h ;  
dseg:00C1               db  20h ;  
dseg:00C2               db  20h ;  
dseg:00C3               db  20h ;  
dseg:00C4               db  20h ;  
dseg:00C5               db  20h ;  
dseg:00C6               db  20h ;  
dseg:00C7               db  20h ;  
dseg:00C8               db  20h ;  
dseg:00C9               db  20h ;  
dseg:00CA               db  20h ;  
dseg:00CB               db  20h ;  
dseg:00CC               db  20h ;  
dseg:00CD               db  20h ;  
dseg:00CE               db  20h ;  
dseg:00CF               db  20h ;  
dseg:00D0 loc_13090       db  0Dh                 ; CODE XREF: B$NearRetVect+20↑j
dseg:00D1               db  0Ah
dseg:00D2               db  24h ; $
dseg:00D3               db    0
dseg:00D4               db  6Dh ; m
dseg:00D5               db  69h ; i
dseg:00D6               db  73h ; s
dseg:00D7               db  63h ; c
dseg:00D8               db  2Eh ; .
dseg:00D9               db  65h ; e
dseg:00DA               db  78h ; x
dseg:00DB               db  65h ; e
dseg:00DC               db    0
dseg:00DD               db 0FFh
dseg:00DE               db  1Fh
dseg:00DF               db    0
dseg:00E0               db  20h ;  
dseg:00E1               db 0C9h
dseg:00E2               db 0CDh
dseg:00E3               db 0CDh
dseg:00E4               db 0CDh
dseg:00E5               db 0CDh
dseg:00E6               db 0CDh
dseg:00E7               db 0CDh
dseg:00E8               db 0CDh
dseg:00E9               db 0CDh
dseg:00EA               db 0CDh
dseg:00EB               db 0CDh
dseg:00EC               db 0CDh
dseg:00ED               db 0CDh
dseg:00EE               db 0CDh
dseg:00EF               db 0CDh
dseg:00F0               db 0CDh
dseg:00F1               db 0CDh
dseg:00F2               db 0CDh
dseg:00F3               db 0CDh
dseg:00F4               db 0CDh
dseg:00F5               db 0CDh
dseg:00F6               db 0CDh
dseg:00F7               db 0CDh
dseg:00F8               db 0CDh
dseg:00F9               db 0CDh
dseg:00FA               db 0CDh
dseg:00FB               db 0CDh
dseg:00FC               db 0CDh
dseg:00FD               db 0CDh
dseg:00FE               db 0CDh
dseg:00FF               db 0CDh
dseg:0100               db 0CDh
dseg:0101               db 0CDh
dseg:0102               db 0CDh
dseg:0103               db 0CDh
dseg:0104               db 0CDh
dseg:0105               db 0CDh
dseg:0106               db 0CDh
dseg:0107               db 0CDh
dseg:0108               db 0CDh
dseg:0109               db 0CDh
dseg:010A               db 0CDh
dseg:010B               db 0CDh
dseg:010C               db 0CDh
dseg:010D               db 0CDh
dseg:010E               db 0CDh
dseg:010F               db 0CDh
dseg:0110               db 0CDh
dseg:0111               db 0CDh
dseg:0112               db 0CDh
dseg:0113               db 0CDh
dseg:0114               db 0CDh
dseg:0115               db 0CDh
dseg:0116               db 0CDh
dseg:0117               db 0CDh
dseg:0118               db 0CDh
dseg:0119               db 0CDh
dseg:011A               db 0CDh
dseg:011B               db 0CDh
dseg:011C               db 0CDh
dseg:011D               db 0CDh
dseg:011E               db 0CDh
dseg:011F               db 0CDh
dseg:0120               db 0CDh
dseg:0121               db 0CDh
dseg:0122               db 0CDh
dseg:0123               db 0CDh
dseg:0124               db 0CDh
dseg:0125               db 0CDh
dseg:0126               db 0CDh
dseg:0127               db 0CDh
dseg:0128               db 0CDh
dseg:0129               db 0CDh
dseg:012A               db 0CDh
dseg:012B               db 0CDh
dseg:012C               db 0CDh
dseg:012D               db 0CDh
dseg:012E               db 0BBh
dseg:012F               db  20h ;  
dseg:0130               db    0
dseg:0131               db  20h ;  
dseg:0132               db 0BAh
dseg:0133               db  20h ;  
dseg:0134               db  20h ;  
dseg:0135               db  20h ;  
dseg:0136               db  20h ;  
dseg:0137               db  20h ;  
dseg:0138               db  20h ;  
dseg:0139               db  20h ;  
dseg:013A               db  20h ;  
dseg:013B               db  20h ;  
dseg:013C               db  20h ;  
dseg:013D               db  20h ;  
dseg:013E               db  20h ;  
dseg:013F               db  20h ;  
dseg:0140               db  20h ;  
dseg:0141               db  20h ;  
dseg:0142               db  20h ;  
dseg:0143               db  20h ;  
dseg:0144               db  20h ;  
dseg:0145               db  20h ;  
dseg:0146               db  20h ;  
dseg:0147               db  20h ;  
dseg:0148               db  20h ;  
dseg:0149               db  20h ;  
dseg:014A               db  20h ;  
dseg:014B               db  20h ;  
dseg:014C               db  20h ;  
dseg:014D               db  20h ;  
dseg:014E               db  20h ;  
dseg:014F               db  20h ;  
dseg:0150               db  20h ;  
dseg:0151               db  20h ;  
dseg:0152               db  20h ;  
dseg:0153               db  20h ;  
dseg:0154               db  20h ;  
dseg:0155               db  20h ;  
dseg:0156               db  20h ;  
dseg:0157               db  20h ;  
dseg:0158               db  20h ;  
dseg:0159               db  20h ;  
dseg:015A               db  20h ;  
dseg:015B               db  20h ;  
dseg:015C               db  20h ;  
dseg:015D               db  20h ;  
dseg:015E               db  20h ;  
dseg:015F               db  20h ;  
dseg:0160               db  20h ;  
dseg:0161               db  20h ;  
dseg:0162               db  20h ;  
dseg:0163               db  20h ;  
dseg:0164               db  20h ;  
dseg:0165               db  20h ;  
dseg:0166               db  20h ;  
dseg:0167               db  20h ;  
dseg:0168               db  20h ;  
dseg:0169               db  20h ;  
dseg:016A               db  20h ;  
dseg:016B               db  20h ;  
dseg:016C               db  20h ;  
dseg:016D               db  20h ;  
dseg:016E               db  20h ;  
dseg:016F               db  20h ;  
dseg:0170               db  20h ;  
dseg:0171               db  20h ;  
dseg:0172               db  20h ;  
dseg:0173               db  20h ;  
dseg:0174               db  20h ;  
dseg:0175               db  20h ;  
dseg:0176               db  20h ;  
dseg:0177               db  20h ;  
dseg:0178               db  20h ;  
dseg:0179               db  20h ;  
dseg:017A               db  20h ;  
dseg:017B               db  20h ;  
dseg:017C               db  20h ;  
dseg:017D               db  20h ;  
dseg:017E               db  20h ;  
dseg:017F               db 0BAh
dseg:0180               db  20h ;  
dseg:0181               db    0
dseg:0182               db  20h ;  
dseg:0183               db 0BAh
dseg:0184               db  20h ;  
dseg:0185               db  20h ;  
dseg:0186               db  20h ;  
dseg:0187               db  20h ;  
dseg:0188               db  20h ;  
dseg:0189               db  20h ;  
dseg:018A               db  20h ;  
dseg:018B               db  20h ;  
dseg:018C               db  20h ;  
dseg:018D               db  20h ;  
dseg:018E               db  20h ;  
dseg:018F               db  20h ;  
dseg:0190               db  20h ;  
dseg:0191               db  20h ;  
dseg:0192               db  20h ;  
dseg:0193               db  20h ;  
dseg:0194               db  20h ;  
dseg:0195               db  20h ;  
dseg:0196               db  20h ;  
dseg:0197               db  46h ; F
dseg:0198               db  2Dh ; -
dseg:0199               db  31h ; 1
dseg:019A               db  39h ; 9
dseg:019B               db  20h ;  
dseg:019C               db  53h ; S
dseg:019D               db  74h ; t
dseg:019E               db  65h ; e
dseg:019F               db  61h ; a
dseg:01A0               db  6Ch ; l
dseg:01A1               db  74h ; t
dseg:01A2               db  68h ; h
dseg:01A3               db  20h ;  
dseg:01A4               db  46h ; F
dseg:01A5               db  69h ; i
dseg:01A6               db  67h ; g
dseg:01A7               db  68h ; h
dseg:01A8               db  74h ; t
dseg:01A9               db  65h ; e
dseg:01AA               db  72h ; r
dseg:01AB               db  20h ;  
dseg:01AC               db  2Dh ; -
dseg:01AD               db  20h ;  
dseg:01AE               db  56h ; V
dseg:01AF               db  65h ; e
dseg:01B0               db  72h ; r
dseg:01B1               db  73h ; s
dseg:01B2               db  69h ; i
dseg:01B3               db  6Fh ; o
dseg:01B4               db  6Eh ; n
dseg:01B5               db  20h ;  
dseg:01B6               db  34h ; 4
dseg:01B7               db  33h ; 3
dseg:01B8               db  35h ; 5
dseg:01B9               db  2Eh ; .
dseg:01BA               db  30h ; 0
dseg:01BB               db  34h ; 4
dseg:01BC               db  20h ;  
dseg:01BD               db  20h ;  
dseg:01BE               db  20h ;  
dseg:01BF               db  20h ;  
dseg:01C0               db  20h ;  
dseg:01C1               db  20h ;  
dseg:01C2               db  20h ;  
dseg:01C3               db  20h ;  
dseg:01C4               db  20h ;  
dseg:01C5               db  20h ;  
dseg:01C6               db  20h ;  
dseg:01C7               db  20h ;  
dseg:01C8               db  20h ;  
dseg:01C9               db  20h ;  
dseg:01CA               db  20h ;  
dseg:01CB               db  20h ;  
dseg:01CC               db  20h ;  
dseg:01CD               db  20h ;  
dseg:01CE               db  20h ;  
dseg:01CF               db  20h ;  
dseg:01D0               db 0BAh
dseg:01D1               db  20h ;  
dseg:01D2               db    0
dseg:01D3               db  20h ;  
dseg:01D4               db 0BAh
dseg:01D5               db  20h ;  
dseg:01D6               db  20h ;  
dseg:01D7               db  20h ;  
dseg:01D8               db  20h ;  
dseg:01D9               db  20h ;  
dseg:01DA               db  20h ;  
dseg:01DB               db  20h ;  
dseg:01DC               db  20h ;  
dseg:01DD               db  20h ;  
dseg:01DE               db  20h ;  
dseg:01DF               db  20h ;  
dseg:01E0               db  20h ;  
dseg:01E1               db  20h ;  
dseg:01E2               db  20h ;  
dseg:01E3               db  20h ;  
dseg:01E4               db  20h ;  
dseg:01E5               db  20h ;  
dseg:01E6               db  20h ;  
dseg:01E7               db  20h ;  
dseg:01E8               db  20h ;  
dseg:01E9               db  20h ;  
dseg:01EA               db  20h ;  
dseg:01EB               db  20h ;  
dseg:01EC               db  20h ;  
dseg:01ED               db  20h ;  
dseg:01EE               db  20h ;  
dseg:01EF               db  20h ;  
dseg:01F0               db  20h ;  
dseg:01F1               db  20h ;  
dseg:01F2               db  20h ;  
dseg:01F3               db  20h ;  
dseg:01F4               db  20h ;  
dseg:01F5               db  20h ;  
dseg:01F6               db  20h ;  
dseg:01F7               db  20h ;  
dseg:01F8               db  20h ;  
dseg:01F9               db  20h ;  
dseg:01FA               db  20h ;  
dseg:01FB               db  20h ;  
dseg:01FC               db  20h ;  
dseg:01FD               db  20h ;  
dseg:01FE               db  20h ;  
dseg:01FF               db  20h ;  
dseg:0200               db  20h ;  
dseg:0201               db  20h ;  
dseg:0202               db  20h ;  
dseg:0203               db  20h ;  
dseg:0204               db  20h ;  
dseg:0205               db  20h ;  
dseg:0206               db  20h ;  
dseg:0207               db  20h ;  
dseg:0208               db  20h ;  
dseg:0209               db  20h ;  
dseg:020A               db  20h ;  
dseg:020B               db  20h ;  
dseg:020C               db  20h ;  
dseg:020D               db  20h ;  
dseg:020E               db  20h ;  
dseg:020F               db  20h ;  
dseg:0210               db  20h ;  
dseg:0211               db  20h ;  
dseg:0212               db  20h ;  
dseg:0213               db  20h ;  
dseg:0214               db  20h ;  
dseg:0215               db  20h ;  
dseg:0216               db  20h ;  
dseg:0217               db  20h ;  
dseg:0218               db  20h ;  
dseg:0219               db  20h ;  
dseg:021A               db  20h ;  
dseg:021B               db  20h ;  
dseg:021C               db  20h ;  
dseg:021D               db  20h ;  
dseg:021E               db  20h ;  
dseg:021F               db  20h ;  
dseg:0220               db  20h ;  
dseg:0221               db 0BAh
dseg:0222               db  20h ;  
dseg:0223               db    0
dseg:0224               db  20h ;  
dseg:0225               db 0BAh
dseg:0226               db  20h ;  
dseg:0227               db  20h ;  
dseg:0228               db  20h ;  
dseg:0229               db  20h ;  
dseg:022A               db  50h ; P
dseg:022B               db  72h ; r
dseg:022C               db  6Fh ; o
dseg:022D               db  67h ; g
dseg:022E               db  72h ; r
dseg:022F               db  61h ; a
dseg:0230               db  6Dh ; m
dseg:0231               db  20h ;  
dseg:0232               db  26h ; &
dseg:0233               db  20h ;  
dseg:0234               db  41h ; A
dseg:0235               db  75h ; u
dseg:0236               db  64h ; d
dseg:0237               db  69h ; i
dseg:0238               db  6Fh ; o
dseg:0239               db  2Dh ; -
dseg:023A               db  76h ; v
dseg:023B               db  69h ; i
dseg:023C               db  73h ; s
dseg:023D               db  75h ; u
dseg:023E               db  61h ; a
dseg:023F               db  6Ch ; l
dseg:0240               db  20h ;  
dseg:0241               db  43h ; C
dseg:0242               db  6Fh ; o
dseg:0243               db  70h ; p
dseg:0244               db  79h ; y
dseg:0245               db  72h ; r
dseg:0246               db  69h ; i
dseg:0247               db  67h ; g
dseg:0248               db  68h ; h
dseg:0249               db  74h ; t
dseg:024A               db  20h ;  
dseg:024B               db  28h ; (
dseg:024C               db  43h ; C
dseg:024D               db  29h ; )
dseg:024E               db  20h ;  
dseg:024F               db  31h ; 1
dseg:0250               db  39h ; 9
dseg:0251               db  38h ; 8
dseg:0252               db  38h ; 8
dseg:0253               db  20h ;  
dseg:0254               db  62h ; b
dseg:0255               db  79h ; y
dseg:0256               db  20h ;  
dseg:0257               db  4Dh ; M
dseg:0258               db  69h ; i
dseg:0259               db  63h ; c
dseg:025A               db  72h ; r
dseg:025B               db  6Fh ; o
dseg:025C               db  50h ; P
dseg:025D               db  72h ; r
dseg:025E               db  6Fh ; o
dseg:025F               db  73h ; s
dseg:0260               db  65h ; e
dseg:0261               db  20h ;  
dseg:0262               db  53h ; S
dseg:0263               db  6Fh ; o
dseg:0264               db  66h ; f
dseg:0265               db  74h ; t
dseg:0266               db  77h ; w
dseg:0267               db  61h ; a
dseg:0268               db  72h ; r
dseg:0269               db  65h ; e
dseg:026A               db  2Ch ; ,
dseg:026B               db  49h ; I
dseg:026C               db  6Eh ; n
dseg:026D               db  63h ; c
dseg:026E               db  2Eh ; .
dseg:026F               db  2Ch ; ,
dseg:0270               db  20h ;  
dseg:0271               db  20h ;  
dseg:0272               db 0BAh
dseg:0273               db  20h ;  
dseg:0274               db    0
dseg:0275               db  20h ;  
dseg:0276               db 0BAh
dseg:0277               db  20h ;  
dseg:0278               db  20h ;  
dseg:0279               db  20h ;  
dseg:027A               db  20h ;  
dseg:027B               db  20h ;  
dseg:027C               db  20h ;  
dseg:027D               db  20h ;  
dseg:027E               db  20h ;  
dseg:027F               db  20h ;  
dseg:0280               db  20h ;  
dseg:0281               db  20h ;  
dseg:0282               db  20h ;  
dseg:0283               db  20h ;  
dseg:0284               db  20h ;  
dseg:0285               db  20h ;  
dseg:0286               db  20h ;  
dseg:0287               db  20h ;  
dseg:0288               db  20h ;  
dseg:0289               db  20h ;  
dseg:028A               db  20h ;  
dseg:028B               db  20h ;  
dseg:028C               db  20h ;  
dseg:028D               db  20h ;  
dseg:028E               db  20h ;  
dseg:028F               db  20h ;  
dseg:0290               db  20h ;  
dseg:0291               db  20h ;  
dseg:0292               db  20h ;  
dseg:0293               db  41h ; A
dseg:0294               db  6Ch ; l
dseg:0295               db  6Ch ; l
dseg:0296               db  20h ;  
dseg:0297               db  52h ; R
dseg:0298               db  69h ; i
dseg:0299               db  67h ; g
dseg:029A               db  68h ; h
dseg:029B               db  74h ; t
dseg:029C               db  73h ; s
dseg:029D               db  20h ;  
dseg:029E               db  52h ; R
dseg:029F               db  65h ; e
dseg:02A0               db  73h ; s
dseg:02A1               db  65h ; e
dseg:02A2               db  72h ; r
dseg:02A3               db  76h ; v
dseg:02A4               db  65h ; e
dseg:02A5               db  64h ; d
dseg:02A6               db  2Eh ; .
dseg:02A7               db  20h ;  
dseg:02A8               db  20h ;  
dseg:02A9               db  20h ;  
dseg:02AA               db  20h ;  
dseg:02AB               db  20h ;  
dseg:02AC               db  20h ;  
dseg:02AD               db  20h ;  
dseg:02AE               db  20h ;  
dseg:02AF               db  20h ;  
dseg:02B0               db  20h ;  
dseg:02B1               db  20h ;  
dseg:02B2               db  20h ;  
dseg:02B3               db  20h ;  
dseg:02B4               db  20h ;  
dseg:02B5               db  20h ;  
dseg:02B6               db  20h ;  
dseg:02B7               db  20h ;  
dseg:02B8               db  20h ;  
dseg:02B9               db  20h ;  
dseg:02BA               db  20h ;  
dseg:02BB               db  20h ;  
dseg:02BC               db  20h ;  
dseg:02BD               db  20h ;  
dseg:02BE               db  20h ;  
dseg:02BF               db  20h ;  
dseg:02C0               db  20h ;  
dseg:02C1               db  20h ;  
dseg:02C2               db  20h ;  
dseg:02C3               db 0BAh
dseg:02C4               db  20h ;  
dseg:02C5               db    0
dseg:02C6               db  20h ;  
dseg:02C7               db 0BAh
dseg:02C8               db  20h ;  
dseg:02C9               db  20h ;  
dseg:02CA               db  20h ;  
dseg:02CB               db  20h ;  
dseg:02CC               db  20h ;  
dseg:02CD               db  20h ;  
dseg:02CE               db  20h ;  
dseg:02CF               db  20h ;  
dseg:02D0               db  20h ;  
dseg:02D1               db  20h ;  
dseg:02D2               db  20h ;  
dseg:02D3               db  20h ;  
dseg:02D4               db  20h ;  
dseg:02D5               db  20h ;  
dseg:02D6               db  20h ;  
dseg:02D7               db  20h ;  
dseg:02D8               db  20h ;  
dseg:02D9               db  20h ;  
dseg:02DA               db  20h ;  
dseg:02DB               db  20h ;  
dseg:02DC               db  20h ;  
dseg:02DD               db  20h ;  
dseg:02DE               db  20h ;  
dseg:02DF               db  20h ;  
dseg:02E0               db  20h ;  
dseg:02E1               db  20h ;  
dseg:02E2               db  20h ;  
dseg:02E3               db  20h ;  
dseg:02E4               db  20h ;  
dseg:02E5               db  20h ;  
dseg:02E6               db  20h ;  
dseg:02E7               db  20h ;  
dseg:02E8               db  20h ;  
dseg:02E9               db  20h ;  
dseg:02EA               db  20h ;  
dseg:02EB               db  20h ;  
dseg:02EC               db  20h ;  
dseg:02ED               db  20h ;  
dseg:02EE               db  20h ;  
dseg:02EF               db  20h ;  
dseg:02F0               db  20h ;  
dseg:02F1               db  20h ;  
dseg:02F2               db  20h ;  
dseg:02F3               db  20h ;  
dseg:02F4               db  20h ;  
dseg:02F5               db  20h ;  
dseg:02F6               db  20h ;  
dseg:02F7               db  20h ;  
dseg:02F8               db  20h ;  
dseg:02F9               db  20h ;  
dseg:02FA               db  20h ;  
dseg:02FB               db  20h ;  
dseg:02FC word_132BC      db  20h ;               ; DATA XREF: sub_12A81+BC↑r
dseg:02FD               db  20h ;  
dseg:02FE               db  20h ;  
dseg:02FF               db  20h ;  
dseg:0300               db  20h ;  
dseg:0301               db  20h ;  
dseg:0302               db  20h ;  
dseg:0303               db  20h ;  
dseg:0304               db  20h ;  
dseg:0305               db  20h ;  
dseg:0306               db  20h ;  
dseg:0307               db  20h ;  
dseg:0308               db  20h ;  
dseg:0309               db  20h ;  
dseg:030A               db  20h ;  
dseg:030B               db  20h ;  
dseg:030C               db  20h ;  
dseg:030D               db  20h ;  
dseg:030E               db  20h ;  
dseg:030F               db  20h ;  
dseg:0310               db  20h ;  
dseg:0311               db  20h ;  
dseg:0312               db  20h ;  
dseg:0313               db  20h ;  
dseg:0314               db 0BAh
dseg:0315               db  20h ;  
dseg:0316               db    0
dseg:0317               db  20h ;  
dseg:0318               db 0C8h
dseg:0319               db 0CDh
dseg:031A               db 0CDh
dseg:031B               db 0CDh
dseg:031C               db 0CDh
dseg:031D               db 0CDh
dseg:031E               db 0CDh
dseg:031F               db 0CDh
dseg:0320               db 0CDh
dseg:0321               db 0CDh
dseg:0322               db 0CDh
dseg:0323               db 0CDh
dseg:0324               db 0CDh
dseg:0325               db 0CDh
dseg:0326               db 0CDh
dseg:0327               db 0CDh
dseg:0328               db 0CDh
dseg:0329               db 0CDh
dseg:032A               db 0CDh
dseg:032B               db 0CDh
dseg:032C               db 0CDh
dseg:032D               db 0CDh
dseg:032E               db 0CDh
dseg:032F               db 0CDh
dseg:0330               db 0CDh
dseg:0331               db 0CDh
dseg:0332               db 0CDh
dseg:0333               db 0CDh
dseg:0334               db 0CDh
dseg:0335               db 0CDh
dseg:0336               db 0CDh
dseg:0337               db 0CDh
dseg:0338               db 0CDh
dseg:0339               db 0CDh
dseg:033A               db 0CDh
dseg:033B               db 0CDh
dseg:033C               db 0CDh
dseg:033D               db 0CDh
dseg:033E               db 0CDh
dseg:033F               db 0CDh
dseg:0340               db 0CDh
dseg:0341               db 0CDh
dseg:0342               db 0CDh
dseg:0343               db 0CDh
dseg:0344               db 0CDh
dseg:0345               db 0CDh
dseg:0346               db 0CDh
dseg:0347               db 0CDh
dseg:0348               db 0CDh
dseg:0349               db 0CDh
dseg:034A               db 0CDh
dseg:034B               db 0CDh
dseg:034C               db 0CDh
dseg:034D               db 0CDh
dseg:034E               db 0CDh
dseg:034F               db 0CDh
dseg:0350               db 0CDh
dseg:0351               db 0CDh
dseg:0352               db 0CDh
dseg:0353               db 0CDh
dseg:0354               db 0CDh
dseg:0355               db 0CDh
dseg:0356               db 0CDh
dseg:0357               db 0CDh
dseg:0358               db 0CDh
dseg:0359               db 0CDh
dseg:035A               db 0CDh
dseg:035B               db 0CDh
dseg:035C               db 0CDh
dseg:035D               db 0CDh
dseg:035E               db 0CDh
dseg:035F               db 0CDh
dseg:0360               db 0CDh
dseg:0361               db 0CDh
dseg:0362               db 0CDh
dseg:0363               db 0CDh
dseg:0364               db 0CDh
dseg:0365               db 0BCh
dseg:0366               db  20h ;  
dseg:0367               db    0
dseg:0368               db 0FFh
dseg:0369               db    7
dseg:036A               db  2Ah ; *
dseg:036B               db  2Ah ; *
dseg:036C               db  2Ah ; *
dseg:036D               db  20h ;  
dseg:036E               db  4Eh ; N
dseg:036F               db  4Fh ; O
dseg:0370               db  54h ; T
dseg:0371               db  45h ; E
dseg:0372               db  20h ;  
dseg:0373               db  2Ah ; *
dseg:0374               db  2Ah ; *
dseg:0375               db  2Ah ; *
dseg:0376               db    0
dseg:0377               db  44h ; D
dseg:0378               db  75h ; u
dseg:0379               db  72h ; r
dseg:037A               db  69h ; i
dseg:037B               db  6Eh ; n
dseg:037C               db  67h ; g
dseg:037D               db  20h ;  
dseg:037E               db  66h ; f
dseg:037F               db  6Ch ; l
dseg:0380               db  69h ; i
dseg:0381               db  67h ; g
dseg:0382               db  68h ; h
dseg:0383               db  74h ; t
dseg:0384               db  20h ;  
dseg:0385               db  79h ; y
dseg:0386               db  6Fh ; o
dseg:0387               db  75h ; u
dseg:0388               db  20h ;  
dseg:0389               db  6Dh ; m
dseg:038A               db  61h ; a
dseg:038B               db  79h ; y
dseg:038C               db  20h ;  
dseg:038D               db  75h ; u
dseg:038E               db  73h ; s
dseg:038F               db  65h ; e
dseg:0390               db  20h ;  
dseg:0391               db  22h ; "
dseg:0392               db  41h ; A
dseg:0393               db  6Ch ; l
dseg:0394               db  74h ; t
dseg:0395               db  2Dh ; -
dseg:0396               db  44h ; D
dseg:0397               db  22h ; "
dseg:0398               db  20h ;  
dseg:0399               db  74h ; t
dseg:039A               db  6Fh ; o
dseg:039B               db  20h ;  
dseg:039C               db  61h ; a
dseg:039D               db  64h ; d
dseg:039E               db  6Ah ; j
dseg:039F               db  75h ; u
dseg:03A0               db  73h ; s
dseg:03A1               db  74h ; t
dseg:03A2               db  20h ;  
dseg:03A3               db  74h ; t
dseg:03A4               db  68h ; h
dseg:03A5               db  65h ; e
dseg:03A6               db  20h ;  
dseg:03A7               db  6Ch ; l
dseg:03A8               db  65h ; e
dseg:03A9               db  76h ; v
dseg:03AA               db  65h ; e
dseg:03AB               db  6Ch ; l
dseg:03AC               db  20h ;  
dseg:03AD               db  6Fh ; o
dseg:03AE               db  66h ; f
dseg:03AF               db  20h ;  
dseg:03B0               db  76h ; v
dseg:03B1               db  69h ; i
dseg:03B2               db  73h ; s
dseg:03B3               db  75h ; u
dseg:03B4               db  61h ; a
dseg:03B5               db  6Ch ; l
dseg:03B6               db  20h ;  
dseg:03B7               db  64h ; d
dseg:03B8               db  65h ; e
dseg:03B9               db  74h ; t
dseg:03BA               db  61h ; a
dseg:03BB               db  69h ; i
dseg:03BC               db  6Ch ; l
dseg:03BD               db  3Ah ; :
dseg:03BE               db    0
dseg:03BF               db  4Ch ; L
dseg:03C0               db  65h ; e
dseg:03C1               db  76h ; v
dseg:03C2               db  65h ; e
dseg:03C3               db  6Ch ; l
dseg:03C4               db  20h ;  
dseg:03C5               db  32h ; 2
dseg:03C6               db  20h ;  
dseg:03C7               db  28h ; (
dseg:03C8               db  73h ; s
dseg:03C9               db  74h ; t
dseg:03CA               db  64h ; d
dseg:03CB               db  29h ; )
dseg:03CC               db  20h ;  
dseg:03CD               db  20h ;  
dseg:03CE               db  4Dh ; M
dseg:03CF               db  61h ; a
dseg:03D0               db  78h ; x
dseg:03D1               db  69h ; i
dseg:03D2               db  6Dh ; m
dseg:03D3               db  75h ; u
dseg:03D4               db  6Dh ; m
dseg:03D5               db  20h ;  
dseg:03D6               db  76h ; v
dseg:03D7               db  69h ; i
dseg:03D8               db  73h ; s
dseg:03D9               db  75h ; u
dseg:03DA               db  61h ; a
dseg:03DB               db  6Ch ; l
dseg:03DC               db  20h ;  
dseg:03DD               db  64h ; d
dseg:03DE               db  65h ; e
dseg:03DF               db  74h ; t
dseg:03E0               db  61h ; a
dseg:03E1               db  69h ; i
dseg:03E2               db  6Ch ; l
dseg:03E3               db  2Ch ; ,
dseg:03E4               db  20h ;  
dseg:03E5               db  66h ; f
dseg:03E6               db  6Fh ; o
dseg:03E7               db  72h ; r
dseg:03E8               db  20h ;  
dseg:03E9               db  66h ; f
dseg:03EA               db  61h ; a
dseg:03EB               db  73h ; s
dseg:03EC               db  74h ; t
dseg:03ED               db  20h ;  
dseg:03EE               db  41h ; A
dseg:03EF               db  54h ; T
dseg:03F0               db  73h ; s
dseg:03F1               db  20h ;  
dseg:03F2               db  61h ; a
dseg:03F3               db  6Eh ; n
dseg:03F4               db  64h ; d
dseg:03F5               db  20h ;  
dseg:03F6               db  33h ; 3
dseg:03F7               db  38h ; 8
dseg:03F8               db  36h ; 6
dseg:03F9               db  73h ; s
dseg:03FA               db  2Eh ; .
dseg:03FB               db    0
dseg:03FC               db  4Ch ; L
dseg:03FD               db  65h ; e
dseg:03FE               db  76h ; v
dseg:03FF               db  65h ; e
dseg:0400               db  6Ch ; l
dseg:0401               db  20h ;  
dseg:0402               db  31h ; 1
dseg:0403               db  20h ;  
dseg:0404               db  20h ;  
dseg:0405               db  20h ;  
dseg:0406               db  20h ;  
dseg:0407               db  20h ;  
dseg:0408               db  20h ;  
dseg:0409               db  20h ;  
dseg:040A               db  20h ;  
dseg:040B               db  47h ; G
dseg:040C               db  6Fh ; o
dseg:040D               db  6Fh ; o
dseg:040E               db  64h ; d
dseg:040F               db  20h ;  
dseg:0410               db  76h ; v
dseg:0411               db  69h ; i
dseg:0412               db  73h ; s
dseg:0413               db  75h ; u
dseg:0414               db  61h ; a
dseg:0415               db  6Ch ; l
dseg:0416               db  20h ;  
dseg:0417               db  64h ; d
dseg:0418               db  65h ; e
dseg:0419               db  74h ; t
dseg:041A               db  61h ; a
dseg:041B               db  69h ; i
dseg:041C               db  6Ch ; l
dseg:041D               db  2Ch ; ,
dseg:041E               db  20h ;  
dseg:041F               db  66h ; f
dseg:0420               db  6Fh ; o
dseg:0421               db  72h ; r
dseg:0422               db  20h ;  
dseg:0423               db  6Eh ; n
dseg:0424               db  6Fh ; o
dseg:0425               db  72h ; r
dseg:0426               db  6Dh ; m
dseg:0427               db  61h ; a
dseg:0428               db  6Ch ; l
dseg:0429               db  20h ;  
dseg:042A               db  41h ; A
dseg:042B               db  54h ; T
dseg:042C               db  73h ; s
dseg:042D               db  20h ;  
dseg:042E               db  28h ; (
dseg:042F               db  38h ; 8
dseg:0430               db  30h ; 0
dseg:0431               db  32h ; 2
dseg:0432               db  38h ; 8
dseg:0433               db  36h ; 6
dseg:0434               db  20h ;  
dseg:0435               db  6Dh ; m
dseg:0436               db  61h ; a
dseg:0437               db  63h ; c
dseg:0438               db  68h ; h
dseg:0439               db  69h ; i
dseg:043A               db  6Eh ; n
dseg:043B               db  65h ; e
dseg:043C               db  73h ; s
dseg:043D               db  29h ; )
dseg:043E               db  2Eh ; .
dseg:043F               db    0
dseg:0440               db  4Ch ; L
dseg:0441               db  65h ; e
dseg:0442               db  76h ; v
dseg:0443               db  65h ; e
dseg:0444               db  6Ch ; l
dseg:0445               db  20h ;  
dseg:0446               db  30h ; 0
dseg:0447               db  20h ;  
dseg:0448               db  20h ;  
dseg:0449               db  20h ;  
dseg:044A               db  20h ;  
dseg:044B               db  20h ;  
dseg:044C               db  20h ;  
dseg:044D               db  20h ;  
dseg:044E               db  20h ;  
dseg:044F               db  4Dh ; M
dseg:0450               db  6Fh ; o
dseg:0451               db  64h ; d
dseg:0452               db  65h ; e
dseg:0453               db  73h ; s
dseg:0454               db  74h ; t
dseg:0455               db  20h ;  
dseg:0456               db  76h ; v
dseg:0457               db  69h ; i
dseg:0458               db  73h ; s
dseg:0459               db  75h ; u
dseg:045A               db  61h ; a
dseg:045B               db  6Ch ; l
dseg:045C               db  20h ;  
dseg:045D               db  64h ; d
dseg:045E               db  65h ; e
dseg:045F               db  74h ; t
dseg:0460               db  61h ; a
dseg:0461               db  69h ; i
dseg:0462               db  6Ch ; l
dseg:0463               db  2Ch ; ,
dseg:0464               db  20h ;  
dseg:0465               db  66h ; f
dseg:0466               db  6Fh ; o
dseg:0467               db  72h ; r
dseg:0468               db  20h ;  
dseg:0469               db  50h ; P
dseg:046A               db  43h ; C
dseg:046B               db  73h ; s
dseg:046C               db  20h ;  
dseg:046D               db  61h ; a
dseg:046E               db  6Eh ; n
dseg:046F               db  64h ; d
dseg:0470               db  20h ;  
dseg:0471               db  58h ; X
dseg:0472               db  54h ; T
dseg:0473               db  73h ; s
dseg:0474               db  20h ;  
dseg:0475               db  28h ; (
dseg:0476               db  38h ; 8
dseg:0477               db  30h ; 0
dseg:0478               db  38h ; 8
dseg:0479               db  38h ; 8
dseg:047A               db  20h ;  
dseg:047B               db  6Dh ; m
dseg:047C               db  61h ; a
dseg:047D               db  63h ; c
dseg:047E               db  68h ; h
dseg:047F               db  69h ; i
dseg:0480               db  6Eh ; n
dseg:0481               db  65h ; e
dseg:0482               db  73h ; s
dseg:0483               db  29h ; )
dseg:0484               db  2Eh ; .
dseg:0485               db    0
dseg:0486               db  52h ; R
dseg:0487               db  75h ; u
dseg:0488               db  6Eh ; n
dseg:0489               db  6Eh ; n
dseg:048A               db  69h ; i
dseg:048B               db  6Eh ; n
dseg:048C               db  67h ; g
dseg:048D               db  20h ;  
dseg:048E               db  77h ; w
dseg:048F               db  69h ; i
dseg:0490               db  74h ; t
dseg:0491               db  68h ; h
dseg:0492               db  20h ;  
dseg:0493               db  74h ; t
dseg:0494               db  6Fh ; o
dseg:0495               db  6Fh ; o
dseg:0496               db  20h ;  
dseg:0497               db  6Dh ; m
dseg:0498               db  75h ; u
dseg:0499               db  63h ; c
dseg:049A               db  68h ; h
dseg:049B               db  20h ;  
dseg:049C               db  64h ; d
dseg:049D               db  65h ; e
dseg:049E               db  74h ; t
dseg:049F               db  61h ; a
dseg:04A0               db  69h ; i
dseg:04A1               db  6Ch ; l
dseg:04A2               db  20h ;  
dseg:04A3               db  6Dh ; m
dseg:04A4               db  61h ; a
dseg:04A5               db  79h ; y
dseg:04A6               db  20h ;  
dseg:04A7               db  73h ; s
dseg:04A8               db  6Ch ; l
dseg:04A9               db  6Fh ; o
dseg:04AA               db  77h ; w
dseg:04AB               db  20h ;  
dseg:04AC               db  64h ; d
dseg:04AD               db  6Fh ; o
dseg:04AE               db  77h ; w
dseg:04AF               db  6Eh ; n
dseg:04B0               db  20h ;  
dseg:04B1               db  66h ; f
dseg:04B2               db  6Ch ; l
dseg:04B3               db  69h ; i
dseg:04B4               db  67h ; g
dseg:04B5               db  68h ; h
dseg:04B6               db  74h ; t
dseg:04B7               db  20h ;  
dseg:04B8               db  63h ; c
dseg:04B9               db  6Fh ; o
dseg:04BA               db  6Eh ; n
dseg:04BB               db  74h ; t
dseg:04BC               db  72h ; r
dseg:04BD               db  6Fh ; o
dseg:04BE               db  6Ch ; l
dseg:04BF               db  73h ; s
dseg:04C0               db  2Ch ; ,
dseg:04C1               db  20h ;  
dseg:04C2               db  6Dh ; m
dseg:04C3               db  61h ; a
dseg:04C4               db  6Bh ; k
dseg:04C5               db  69h ; i
dseg:04C6               db  6Eh ; n
dseg:04C7               db  67h ; g
dseg:04C8               db  20h ;  
dseg:04C9               db  74h ; t
dseg:04CA               db  68h ; h
dseg:04CB               db  65h ; e
dseg:04CC               db    0
dseg:04CD               db  61h ; a
dseg:04CE               db  69h ; i
dseg:04CF               db  72h ; r
dseg:04D0               db  63h ; c
dseg:04D1               db  72h ; r
dseg:04D2               db  61h ; a
dseg:04D3               db  66h ; f
dseg:04D4               db  74h ; t
dseg:04D5               db  20h ;  
dseg:04D6               db  64h ; d
dseg:04D7               db  69h ; i
dseg:04D8               db  66h ; f
dseg:04D9               db  66h ; f
dseg:04DA               db  69h ; i
dseg:04DB               db  63h ; c
dseg:04DC               db  75h ; u
dseg:04DD               db  6Ch ; l
dseg:04DE               db  74h ; t
dseg:04DF               db  20h ;  
dseg:04E0               db  74h ; t
dseg:04E1               db  6Fh ; o
dseg:04E2               db  20h ;  
dseg:04E3               db  66h ; f
dseg:04E4               db  6Ch ; l
dseg:04E5               db  79h ; y
dseg:04E6               db  2Eh ; .
dseg:04E7               db  20h ;  
dseg:04E8               db  20h ;  
dseg:04E9               db  53h ; S
dseg:04EA               db  65h ; e
dseg:04EB               db  65h ; e
dseg:04EC               db  20h ;  
dseg:04ED               db  74h ; t
dseg:04EE               db  68h ; h
dseg:04EF               db  65h ; e
dseg:04F0               db  20h ;  
dseg:04F1               db  54h ; T
dseg:04F2               db  65h ; e
dseg:04F3               db  63h ; c
dseg:04F4               db  68h ; h
dseg:04F5               db  6Eh ; n
dseg:04F6               db  69h ; i
dseg:04F7               db  63h ; c
dseg:04F8               db  61h ; a
dseg:04F9               db  6Ch ; l
dseg:04FA               db  20h ;  
dseg:04FB               db  53h ; S
dseg:04FC               db  75h ; u
dseg:04FD               db  70h ; p
dseg:04FE               db  70h ; p
dseg:04FF               db  6Ch ; l
dseg:0500               db  65h ; e
dseg:0501               db  6Dh ; m
dseg:0502               db  65h ; e
dseg:0503               db  6Eh ; n
dseg:0504               db  74h ; t
dseg:0505               db  20h ;  
dseg:0506               db  66h ; f
dseg:0507               db  6Fh ; o
dseg:0508               db  72h ; r
dseg:0509               db  20h ;  
dseg:050A               db  6Dh ; m
dseg:050B               db  6Fh ; o
dseg:050C               db  72h ; r
dseg:050D               db  65h ; e
dseg:050E               db  20h ;  
dseg:050F               db  69h ; i
dseg:0510               db  6Eh ; n
dseg:0511               db  66h ; f
dseg:0512               db  6Fh ; o
dseg:0513               db  2Eh ; .
dseg:0514               db    0
dseg:0515               db  55h ; U
dseg:0516               db  6Eh ; n
dseg:0517               db  6Bh ; k
dseg:0518               db  6Eh ; n
dseg:0519               db  6Fh ; o
dseg:051A               db  77h ; w
dseg:051B               db  6Eh ; n
dseg:051C               db  20h ;  
dseg:051D               db  61h ; a
dseg:051E               db  72h ; r
dseg:051F               db  67h ; g
dseg:0520               db  75h ; u
dseg:0521               db  6Dh ; m
dseg:0522               db  65h ; e
dseg:0523               db  6Eh ; n
dseg:0524               db  74h ; t
dseg:0525               db  3Ah ; :
dseg:0526               db  20h ;  
dseg:0527               db    0
dseg:0528               db  0Dh
dseg:0529               db  0Ah
dseg:052A               db  24h ; $
dseg:052B               db    0
dseg:052C               db  4Eh ; N
dseg:052D               db  49h ; I
dseg:052E               db    0
dseg:052F               db  4Eh ; N
dseg:0530               db  4Ah ; J
dseg:0531               db    0
dseg:0532               db  55h ; U
dseg:0533               db  6Eh ; n
dseg:0534               db  6Bh ; k
dseg:0535               db  6Eh ; n
dseg:0536               db  6Fh ; o
dseg:0537               db  77h ; w
dseg:0538               db  6Eh ; n
dseg:0539               db  20h ;  
dseg:053A               db  61h ; a
dseg:053B               db  72h ; r
dseg:053C               db  67h ; g
dseg:053D               db  75h ; u
dseg:053E               db  6Dh ; m
dseg:053F               db  65h ; e
dseg:0540               db  6Eh ; n
dseg:0541               db  74h ; t
dseg:0542               db  3Ah ; :
dseg:0543               db  20h ;  
dseg:0544               db    0
dseg:0545               db  0Dh
dseg:0546               db  0Ah
dseg:0547               db  24h ; $
dseg:0548               db    0
dseg:0549               db  67h ; g
dseg:054A               db  72h ; r
dseg:054B               db  61h ; a
dseg:054C               db  70h ; p
dseg:054D               db  68h ; h
dseg:054E               db  69h ; i
dseg:054F               db  63h ; c
dseg:0550               db  2Eh ; .
dseg:0551               db  65h ; e
dseg:0552               db  78h ; x
dseg:0553               db  65h ; e
dseg:0554               db    0
dseg:0555               db  72h ; r
dseg:0556               db    0
dseg:0557               db  42h ; B
dseg:0558               db  61h ; a
dseg:0559               db  64h ; d
dseg:055A               db  20h ;  
dseg:055B               db  47h ; G
dseg:055C               db  72h ; r
dseg:055D               db  61h ; a
dseg:055E               db  70h ; p
dseg:055F               db  68h ; h
dseg:0560               db  69h ; i
dseg:0561               db  63h ; c
dseg:0562               db  73h ; s
dseg:0563               db  20h ;  
dseg:0564               db  64h ; d
dseg:0565               db  72h ; r
dseg:0566               db  69h ; i
dseg:0567               db  76h ; v
dseg:0568               db  65h ; e
dseg:0569               db  72h ; r
dseg:056A               db  20h ;  
dseg:056B               db  61h ; a
dseg:056C               db  72h ; r
dseg:056D               db  67h ; g
dseg:056E               db  75h ; u
dseg:056F               db  6Dh ; m
dseg:0570               db  65h ; e
dseg:0571               db  6Eh ; n
dseg:0572               db  74h ; t
dseg:0573               db  3Ah ; :
dseg:0574               db  20h ;  
dseg:0575               db    0
dseg:0576               db  0Dh
dseg:0577               db  0Ah
dseg:0578               db  24h ; $
dseg:0579               db    0
dseg:057A               db  42h ; B
dseg:057B               db  61h ; a
dseg:057C               db  64h ; d
dseg:057D               db  20h ;  
dseg:057E               db  4Ch ; L
dseg:057F               db  65h ; e
dseg:0580               db  76h ; v
dseg:0581               db  65h ; e
dseg:0582               db  6Ch ; l
dseg:0583               db  20h ;  
dseg:0584               db  6Fh ; o
dseg:0585               db  66h ; f
dseg:0586               db  20h ;  
dseg:0587               db  44h ; D
dseg:0588               db  65h ; e
dseg:0589               db  74h ; t
dseg:058A               db  61h ; a
dseg:058B               db  69h ; i
dseg:058C               db  6Ch ; l
dseg:058D               db  20h ;  
dseg:058E               db  61h ; a
dseg:058F               db  72h ; r
dseg:0590               db  67h ; g
dseg:0591               db  75h ; u
dseg:0592               db  6Dh ; m
dseg:0593               db  65h ; e
dseg:0594               db  6Eh ; n
dseg:0595               db  74h ; t
dseg:0596               db  3Ah ; :
dseg:0597               db  20h ;  
dseg:0598               db    0
dseg:0599               db  0Dh
dseg:059A               db  0Ah
dseg:059B               db  24h ; $
dseg:059C               db    0
dseg:059D               db  73h ; s
dseg:059E               db  6Fh ; o
dseg:059F               db  75h ; u
dseg:05A0               db  6Eh ; n
dseg:05A1               db  64h ; d
dseg:05A2               db  2Eh ; .
dseg:05A3               db  65h ; e
dseg:05A4               db  78h ; x
dseg:05A5               db  65h ; e
dseg:05A6               db    0
dseg:05A7               db  72h ; r
dseg:05A8               db    0
dseg:05A9               db  42h ; B
dseg:05AA               db  61h ; a
dseg:05AB               db  64h ; d
dseg:05AC               db  20h ;  
dseg:05AD               db  53h ; S
dseg:05AE               db  6Fh ; o
dseg:05AF               db  75h ; u
dseg:05B0               db  6Eh ; n
dseg:05B1               db  64h ; d
dseg:05B2               db  20h ;  
dseg:05B3               db  64h ; d
dseg:05B4               db  72h ; r
dseg:05B5               db  69h ; i
dseg:05B6               db  76h ; v
dseg:05B7               db  65h ; e
dseg:05B8               db  72h ; r
dseg:05B9               db  20h ;  
dseg:05BA               db  61h ; a
dseg:05BB               db  72h ; r
dseg:05BC               db  67h ; g
dseg:05BD               db  75h ; u
dseg:05BE               db  6Dh ; m
dseg:05BF               db  65h ; e
dseg:05C0               db  6Eh ; n
dseg:05C1               db  74h ; t
dseg:05C2               db  3Ah ; :
dseg:05C3               db  20h ;  
dseg:05C4               db    0
dseg:05C5               db  0Dh
dseg:05C6               db  0Ah
dseg:05C7               db  24h ; $
dseg:05C8               db    0
dseg:05C9               db  55h ; U
dseg:05CA               db  6Eh ; n
dseg:05CB               db  6Bh ; k
dseg:05CC               db  6Eh ; n
dseg:05CD               db  6Fh ; o
dseg:05CE               db  77h ; w
dseg:05CF               db  6Eh ; n
dseg:05D0               db  20h ;  
dseg:05D1               db  61h ; a
dseg:05D2               db  72h ; r
dseg:05D3               db  67h ; g
dseg:05D4               db  75h ; u
dseg:05D5               db  6Dh ; m
dseg:05D6               db  65h ; e
dseg:05D7               db  6Eh ; n
dseg:05D8               db  74h ; t
dseg:05D9               db  3Ah ; :
dseg:05DA               db  20h ;  
dseg:05DB               db    0
dseg:05DC               db  0Dh
dseg:05DD               db  0Ah
dseg:05DE               db  24h ; $
dseg:05DF               db    0
dseg:05E0               db 0FFh
dseg:05E1               db  0Eh
dseg:05E2               db  20h ;  
dseg:05E3               db  20h ;  
dseg:05E4               db  20h ;  
dseg:05E5               db  20h ;  
dseg:05E6               db  20h ;  
dseg:05E7               db  20h ;  
dseg:05E8               db  20h ;  
dseg:05E9               db  20h ;  
dseg:05EA               db  20h ;  
dseg:05EB               db  20h ;  
dseg:05EC               db  20h ;  
dseg:05ED               db  20h ;  
dseg:05EE               db  20h ;  
dseg:05EF               db  20h ;  
dseg:05F0               db  20h ;  
dseg:05F1               db  20h ;  
dseg:05F2               db  20h ;  
dseg:05F3               db  20h ;  
dseg:05F4               db  20h ;  
dseg:05F5               db  20h ;  
dseg:05F6               db  20h ;  
dseg:05F7               db  20h ;  
dseg:05F8               db  20h ;  
dseg:05F9               db  20h ;  
dseg:05FA               db  20h ;  
dseg:05FB               db  44h ; D
dseg:05FC               db  6Fh ; o
dseg:05FD               db  20h ;  
dseg:05FE               db  79h ; y
dseg:05FF               db  6Fh ; o
dseg:0600               db  75h ; u
dseg:0601               db  20h ;  
dseg:0602               db  68h ; h
dseg:0603               db  61h ; a
dseg:0604               db  76h ; v
dseg:0605               db  65h ; e
dseg:0606               db  20h ;  
dseg:0607               db  61h ; a
dseg:0608               db  20h ;  
dseg:0609               db  6Ah ; j
dseg:060A               db  6Fh ; o
dseg:060B               db  79h ; y
dseg:060C               db  73h ; s
dseg:060D               db  74h ; t
dseg:060E               db  69h ; i
dseg:060F               db  63h ; c
dseg:0610               db  6Bh ; k
dseg:0611               db  20h ;  
dseg:0612               db  28h ; (
dseg:0613               db  59h ; Y
dseg:0614               db  2Fh ; /
dseg:0615               db  4Eh ; N
dseg:0616               db  29h ; )
dseg:0617               db  20h ;  
dseg:0618               db  3Fh ; ?
dseg:0619               db  20h ;  
dseg:061A               db  20h ;  
dseg:061B               db    0
dseg:061C               db 0FFh
dseg:061D               db  0Eh
dseg:061E               db  20h ;  
dseg:061F               db  20h ;  
dseg:0620               db  20h ;  
dseg:0621               db  20h ;  
dseg:0622               db  20h ;  
dseg:0623               db  20h ;  
dseg:0624               db  20h ;  
dseg:0625               db  20h ;  
dseg:0626               db  20h ;  
dseg:0627               db  20h ;  
dseg:0628               db  20h ;  
dseg:0629               db  20h ;  
dseg:062A               db  20h ;  
dseg:062B               db  20h ;  
dseg:062C               db  20h ;  
dseg:062D               db  20h ;  
dseg:062E               db  20h ;  
dseg:062F               db  20h ;  
dseg:0630               db  20h ;  
dseg:0631               db  43h ; C
dseg:0632               db  65h ; e
dseg:0633               db  6Eh ; n
dseg:0634               db  74h ; t
dseg:0635               db  65h ; e
dseg:0636               db  72h ; r
dseg:0637               db  20h ;  
dseg:0638               db  6Ah ; j
dseg:0639               db  6Fh ; o
dseg:063A               db  79h ; y
dseg:063B               db  73h ; s
dseg:063C               db  74h ; t
dseg:063D               db  69h ; i
dseg:063E               db  63h ; c
dseg:063F               db  6Bh ; k
dseg:0640               db  2Ch ; ,
dseg:0641               db  20h ;  
dseg:0642               db  74h ; t
dseg:0643               db  68h ; h
dseg:0644               db  65h ; e
dseg:0645               db  6Eh ; n
dseg:0646               db  20h ;  
dseg:0647               db  70h ; p
dseg:0648               db  72h ; r
dseg:0649               db  65h ; e
dseg:064A               db  73h ; s
dseg:064B               db  73h ; s
dseg:064C               db  20h ;  
dseg:064D               db  66h ; f
dseg:064E               db  69h ; i
dseg:064F               db  72h ; r
dseg:0650               db  65h ; e
dseg:0651               db  20h ;  
dseg:0652               db  62h ; b
dseg:0653               db  75h ; u
dseg:0654               db  74h ; t
dseg:0655               db  74h ; t
dseg:0656               db  6Fh ; o
dseg:0657               db  6Eh ; n
dseg:0658               db  20h ;  
dseg:0659               db  31h ; 1
dseg:065A               db  20h ;  
dseg:065B               db    0
dseg:065C               db  20h ;  
dseg:065D               db  20h ;  
dseg:065E               db  20h ;  
dseg:065F               db  20h ;  
dseg:0660               db  20h ;  
dseg:0661               db  20h ;  
dseg:0662               db  20h ;  
dseg:0663               db  20h ;  
dseg:0664               db  20h ;  
dseg:0665               db  4Dh ; M
dseg:0666               db  6Fh ; o
dseg:0667               db  76h ; v
dseg:0668               db  65h ; e
dseg:0669               db  20h ;  
dseg:066A               db  6Ah ; j
dseg:066B               db  6Fh ; o
dseg:066C               db  79h ; y
dseg:066D               db  73h ; s
dseg:066E               db  74h ; t
dseg:066F               db  69h ; i
dseg:0670               db  63h ; c
dseg:0671               db  6Bh ; k
dseg:0672               db  20h ;  
dseg:0673               db  74h ; t
dseg:0674               db  6Fh ; o
dseg:0675               db  20h ;  
dseg:0676               db  75h ; u
dseg:0677               db  70h ; p
dseg:0678               db  70h ; p
dseg:0679               db  65h ; e
dseg:067A               db  72h ; r
dseg:067B               db  20h ;  
dseg:067C               db  6Ch ; l
dseg:067D               db  65h ; e
dseg:067E               db  66h ; f
dseg:067F               db  74h ; t
dseg:0680               db  20h ;  
dseg:0681               db  63h ; c
dseg:0682               db  6Fh ; o
dseg:0683               db  72h ; r
dseg:0684               db  6Eh ; n
dseg:0685               db  65h ; e
dseg:0686               db  72h ; r
dseg:0687               db  2Ch ; ,
dseg:0688               db  20h ;  
dseg:0689               db  74h ; t
dseg:068A               db  68h ; h
dseg:068B               db  65h ; e
dseg:068C               db  6Eh ; n
dseg:068D               db  20h ;  
dseg:068E               db  70h ; p
dseg:068F               db  72h ; r
dseg:0690               db  65h ; e
dseg:0691               db  73h ; s
dseg:0692               db  73h ; s
dseg:0693               db  20h ;  
dseg:0694               db  66h ; f
dseg:0695               db  69h ; i
dseg:0696               db  72h ; r
dseg:0697               db  65h ; e
dseg:0698               db  20h ;  
dseg:0699               db  62h ; b
dseg:069A               db  75h ; u
dseg:069B               db  74h ; t
dseg:069C               db  74h ; t
dseg:069D               db  6Fh ; o
dseg:069E               db  6Eh ; n
dseg:069F               db  20h ;  
dseg:06A0               db  31h ; 1
dseg:06A1               db  20h ;  
dseg:06A2               db    0
dseg:06A3               db  20h ;  
dseg:06A4               db  20h ;  
dseg:06A5               db  20h ;  
dseg:06A6               db  20h ;  
dseg:06A7               db  20h ;  
dseg:06A8               db  20h ;  
dseg:06A9               db  20h ;  
dseg:06AA               db  4Eh ; N
dseg:06AB               db  6Fh ; o
dseg:06AC               db  77h ; w
dseg:06AD               db  20h ;  
dseg:06AE               db  6Dh ; m
dseg:06AF               db  6Fh ; o
dseg:06B0               db  76h ; v
dseg:06B1               db  65h ; e
dseg:06B2               db  20h ;  
dseg:06B3               db  6Ah ; j
dseg:06B4               db  6Fh ; o
dseg:06B5               db  79h ; y
dseg:06B6               db  73h ; s
dseg:06B7               db  74h ; t
dseg:06B8               db  69h ; i
dseg:06B9               db  63h ; c
dseg:06BA               db  6Bh ; k
dseg:06BB               db  20h ;  
dseg:06BC               db  74h ; t
dseg:06BD               db  6Fh ; o
dseg:06BE               db  20h ;  
dseg:06BF               db  6Ch ; l
dseg:06C0               db  6Fh ; o
dseg:06C1               db  77h ; w
dseg:06C2               db  65h ; e
dseg:06C3               db  72h ; r
dseg:06C4               db  20h ;  
dseg:06C5               db  72h ; r
dseg:06C6               db  69h ; i
dseg:06C7               db  67h ; g
dseg:06C8               db  68h ; h
dseg:06C9               db  74h ; t
dseg:06CA               db  20h ;  
dseg:06CB               db  63h ; c
dseg:06CC               db  6Fh ; o
dseg:06CD               db  72h ; r
dseg:06CE               db  6Eh ; n
dseg:06CF               db  65h ; e
dseg:06D0               db  72h ; r
dseg:06D1               db  2Ch ; ,
dseg:06D2               db  20h ;  
dseg:06D3               db  74h ; t
dseg:06D4               db  68h ; h
dseg:06D5               db  65h ; e
dseg:06D6               db  6Eh ; n
dseg:06D7               db  20h ;  
dseg:06D8               db  70h ; p
dseg:06D9               db  72h ; r
dseg:06DA               db  65h ; e
dseg:06DB               db  73h ; s
dseg:06DC               db  73h ; s
dseg:06DD               db  20h ;  
dseg:06DE               db  66h ; f
dseg:06DF               db  69h ; i
dseg:06E0               db  72h ; r
dseg:06E1               db  65h ; e
dseg:06E2               db  20h ;  
dseg:06E3               db  62h ; b
dseg:06E4               db  75h ; u
dseg:06E5               db  74h ; t
dseg:06E6               db  74h ; t
dseg:06E7               db  6Fh ; o
dseg:06E8               db  6Eh ; n
dseg:06E9               db  20h ;  
dseg:06EA               db  32h ; 2
dseg:06EB               db  20h ;  
dseg:06EC               db    0
dseg:06ED               db 0FFh
dseg:06EE               db  0Eh
dseg:06EF               db  20h ;  
dseg:06F0               db  20h ;  
dseg:06F1               db  20h ;  
dseg:06F2               db  20h ;  
dseg:06F3               db  20h ;  
dseg:06F4               db  20h ;  
dseg:06F5               db  20h ;  
dseg:06F6               db  20h ;  
dseg:06F7               db  20h ;  
dseg:06F8               db  20h ;  
dseg:06F9               db  20h ;  
dseg:06FA               db  20h ;  
dseg:06FB               db  20h ;  
dseg:06FC               db  20h ;  
dseg:06FD               db  20h ;  
dseg:06FE               db  20h ;  
dseg:06FF               db  20h ;  
dseg:0700               db  20h ;  
dseg:0701               db  20h ;  
dseg:0702               db  20h ;  
dseg:0703               db  20h ;  
dseg:0704               db  20h ;  
dseg:0705               db  20h ;  
dseg:0706               db  20h ;  
dseg:0707               db  20h ;  
dseg:0708               db  20h ;  
dseg:0709               db  20h ;  
dseg:070A               db  53h ; S
dseg:070B               db  65h ; e
dseg:070C               db  6Ch ; l
dseg:070D               db  65h ; e
dseg:070E               db  63h ; c
dseg:070F               db  74h ; t
dseg:0710               db  20h ;  
dseg:0711               db  67h ; g
dseg:0712               db  72h ; r
dseg:0713               db  61h ; a
dseg:0714               db  70h ; p
dseg:0715               db  68h ; h
dseg:0716               db  69h ; i
dseg:0717               db  63h ; c
dseg:0718               db  73h ; s
dseg:0719               db  20h ;  
dseg:071A               db  6Dh ; m
dseg:071B               db  6Fh ; o
dseg:071C               db  64h ; d
dseg:071D               db  65h ; e
dseg:071E               db  3Ah ; :
dseg:071F               db  20h ;  
dseg:0720               db  20h ;  
dseg:0721               db  20h ;  
dseg:0722               db  20h ;  
dseg:0723               db  20h ;  
dseg:0724               db  20h ;  
dseg:0725               db  20h ;  
dseg:0726               db  20h ;  
dseg:0727               db  20h ;  
dseg:0728               db  20h ;  
dseg:0729               db  20h ;  
dseg:072A               db  20h ;  
dseg:072B               db  20h ;  
dseg:072C               db  20h ;  
dseg:072D               db  20h ;  
dseg:072E               db  20h ;  
dseg:072F               db  20h ;  
dseg:0730               db  20h ;  
dseg:0731               db  20h ;  
dseg:0732               db  20h ;  
dseg:0733               db  20h ;  
dseg:0734               db  20h ;  
dseg:0735               db  20h ;  
dseg:0736               db  20h ;  
dseg:0737               db  20h ;  
dseg:0738               db  20h ;  
dseg:0739               db  20h ;  
dseg:073A               db  20h ;  
dseg:073B               db  20h ;  
dseg:073C               db  20h ;  
dseg:073D               db    0
dseg:073E               db  20h ;  
dseg:073F               db  20h ;  
dseg:0740               db  20h ;  
dseg:0741               db  20h ;  
dseg:0742               db  20h ;  
dseg:0743               db  20h ;  
dseg:0744               db  20h ;  
dseg:0745               db  20h ;  
dseg:0746               db  20h ;  
dseg:0747               db  20h ;  
dseg:0748               db  20h ;  
dseg:0749               db  20h ;  
dseg:074A               db  20h ;  
dseg:074B               db  20h ;  
dseg:074C               db  20h ;  
dseg:074D               db  20h ;  
dseg:074E               db  20h ;  
dseg:074F               db  20h ;  
dseg:0750               db  20h ;  
dseg:0751               db  20h ;  
dseg:0752               db  20h ;  
dseg:0753               db  20h ;  
dseg:0754               db  20h ;  
dseg:0755               db  20h ;  
dseg:0756               db  31h ; 1
dseg:0757               db  29h ; )
dseg:0758               db  20h ;  
dseg:0759               db  56h ; V
dseg:075A               db  47h ; G
dseg:075B               db  41h ; A
dseg:075C               db  2Fh ; /
dseg:075D               db  4Dh ; M
dseg:075E               db  43h ; C
dseg:075F               db  47h ; G
dseg:0760               db  41h ; A
dseg:0761               db  20h ;  
dseg:0762               db  28h ; (
dseg:0763               db  32h ; 2
dseg:0764               db  35h ; 5
dseg:0765               db  36h ; 6
dseg:0766               db  20h ;  
dseg:0767               db  63h ; c
dseg:0768               db  6Fh ; o
dseg:0769               db  6Ch ; l
dseg:076A               db  6Fh ; o
dseg:076B               db  72h ; r
dseg:076C               db  29h ; )
dseg:076D               db  20h ;  
dseg:076E               db  20h ;  
dseg:076F               db  20h ;  
dseg:0770               db  20h ;  
dseg:0771               db  20h ;  
dseg:0772               db  20h ;  
dseg:0773               db  20h ;  
dseg:0774               db  20h ;  
dseg:0775               db  20h ;  
dseg:0776               db  20h ;  
dseg:0777               db  20h ;  
dseg:0778               db  20h ;  
dseg:0779               db  20h ;  
dseg:077A               db  20h ;  
dseg:077B               db  20h ;  
dseg:077C               db  20h ;  
dseg:077D               db  20h ;  
dseg:077E               db  20h ;  
dseg:077F               db  20h ;  
dseg:0780               db  20h ;  
dseg:0781               db  20h ;  
dseg:0782               db  20h ;  
dseg:0783               db  20h ;  
dseg:0784               db  20h ;  
dseg:0785               db  20h ;  
dseg:0786               db  20h ;  
dseg:0787               db  20h ;  
dseg:0788               db  20h ;  
dseg:0789               db  20h ;  
dseg:078A               db  20h ;  
dseg:078B               db  20h ;  
dseg:078C               db    0
dseg:078D               db  20h ;  
dseg:078E               db  20h ;  
dseg:078F               db  20h ;  
dseg:0790               db  20h ;  
dseg:0791               db  20h ;  
dseg:0792               db  20h ;  
dseg:0793               db  20h ;  
dseg:0794               db  20h ;  
dseg:0795               db  20h ;  
dseg:0796               db  20h ;  
dseg:0797               db  20h ;  
dseg:0798               db  20h ;  
dseg:0799               db  20h ;  
dseg:079A               db  20h ;  
dseg:079B               db  20h ;  
dseg:079C               db  20h ;  
dseg:079D               db  20h ;  
dseg:079E               db  20h ;  
dseg:079F               db  20h ;  
dseg:07A0               db  20h ;  
dseg:07A1               db  20h ;  
dseg:07A2               db  20h ;  
dseg:07A3               db  20h ;  
dseg:07A4               db  20h ;  
dseg:07A5               db  32h ; 2
dseg:07A6               db  29h ; )
dseg:07A7               db  20h ;  
dseg:07A8               db  45h ; E
dseg:07A9               db  47h ; G
dseg:07AA               db  41h ; A
dseg:07AB               db  20h ;  
dseg:07AC               db  28h ; (
dseg:07AD               db  31h ; 1
dseg:07AE               db  36h ; 6
dseg:07AF               db  20h ;  
dseg:07B0               db  63h ; c
dseg:07B1               db  6Fh ; o
dseg:07B2               db  6Ch ; l
dseg:07B3               db  6Fh ; o
dseg:07B4               db  72h ; r
dseg:07B5               db  29h ; )
dseg:07B6               db  20h ;  
dseg:07B7               db  20h ;  
dseg:07B8               db  20h ;  
dseg:07B9               db  20h ;  
dseg:07BA               db  20h ;  
dseg:07BB               db  20h ;  
dseg:07BC               db  20h ;  
dseg:07BD               db  20h ;  
dseg:07BE               db  20h ;  
dseg:07BF               db  20h ;  
dseg:07C0               db  20h ;  
dseg:07C1               db  20h ;  
dseg:07C2               db  20h ;  
dseg:07C3               db  20h ;  
dseg:07C4               db  20h ;  
dseg:07C5               db  20h ;  
dseg:07C6               db  20h ;  
dseg:07C7               db  20h ;  
dseg:07C8               db  20h ;  
dseg:07C9               db  20h ;  
dseg:07CA               db  20h ;  
dseg:07CB               db  20h ;  
dseg:07CC               db  20h ;  
dseg:07CD               db  20h ;  
dseg:07CE               db  20h ;  
dseg:07CF               db  20h ;  
dseg:07D0               db  20h ;  
dseg:07D1               db  20h ;  
dseg:07D2               db  20h ;  
dseg:07D3               db  20h ;  
dseg:07D4               db  20h ;  
dseg:07D5               db  20h ;  
dseg:07D6               db  20h ;  
dseg:07D7               db  20h ;  
dseg:07D8               db  20h ;  
dseg:07D9               db  20h ;  
dseg:07DA               db  20h ;  
dseg:07DB               db    0
dseg:07DC               db  20h ;  
dseg:07DD               db  20h ;  
dseg:07DE               db  20h ;  
dseg:07DF               db  20h ;  
dseg:07E0               db  20h ;  
dseg:07E1               db  20h ;  
dseg:07E2               db  20h ;  
dseg:07E3               db  20h ;  
dseg:07E4               db  20h ;  
dseg:07E5               db  20h ;  
dseg:07E6               db  20h ;  
dseg:07E7               db  20h ;  
dseg:07E8               db  20h ;  
dseg:07E9               db  20h ;  
dseg:07EA               db  20h ;  
dseg:07EB               db  20h ;  
dseg:07EC               db  20h ;  
dseg:07ED               db  20h ;  
dseg:07EE               db  20h ;  
dseg:07EF               db  20h ;  
dseg:07F0               db  20h ;  
dseg:07F1               db  20h ;  
dseg:07F2               db  20h ;  
dseg:07F3               db  20h ;  
dseg:07F4               db  33h ; 3
dseg:07F5               db  29h ; )
dseg:07F6               db  20h ;  
dseg:07F7               db  54h ; T
dseg:07F8               db  61h ; a
dseg:07F9               db  6Eh ; n
dseg:07FA               db  64h ; d
dseg:07FB               db  79h ; y
dseg:07FC               db  20h ;  
dseg:07FD               db  31h ; 1
dseg:07FE               db  30h ; 0
dseg:07FF               db  30h ; 0
dseg:0800               db  30h ; 0
dseg:0801               db  20h ;  
dseg:0802               db  28h ; (
dseg:0803               db  31h ; 1
dseg:0804               db  36h ; 6
dseg:0805               db  20h ;  
dseg:0806               db  63h ; c
dseg:0807               db  6Fh ; o
dseg:0808               db  6Ch ; l
dseg:0809               db  6Fh ; o
dseg:080A               db  72h ; r
dseg:080B               db  29h ; )
dseg:080C               db  20h ;  
dseg:080D               db  20h ;  
dseg:080E               db  20h ;  
dseg:080F               db  20h ;  
dseg:0810               db  20h ;  
dseg:0811               db  20h ;  
dseg:0812               db  20h ;  
dseg:0813               db  20h ;  
dseg:0814               db  20h ;  
dseg:0815               db  20h ;  
dseg:0816               db  20h ;  
dseg:0817               db  20h ;  
dseg:0818               db  20h ;  
dseg:0819               db  20h ;  
dseg:081A               db  20h ;  
dseg:081B               db  20h ;  
dseg:081C               db  20h ;  
dseg:081D               db  20h ;  
dseg:081E               db  20h ;  
dseg:081F               db  20h ;  
dseg:0820               db  20h ;  
dseg:0821               db  20h ;  
dseg:0822               db  20h ;  
dseg:0823               db  20h ;  
dseg:0824               db  20h ;  
dseg:0825               db  20h ;  
dseg:0826               db  20h ;  
dseg:0827               db  20h ;  
dseg:0828               db  20h ;  
dseg:0829               db  20h ;  
dseg:082A               db    0
dseg:082B               db  20h ;  
dseg:082C               db  20h ;  
dseg:082D               db  20h ;  
dseg:082E               db  20h ;  
dseg:082F               db  20h ;  
dseg:0830               db  20h ;  
dseg:0831               db  20h ;  
dseg:0832               db  20h ;  
dseg:0833               db  20h ;  
dseg:0834               db  20h ;  
dseg:0835               db  20h ;  
dseg:0836               db  20h ;  
dseg:0837               db  20h ;  
dseg:0838               db  20h ;  
dseg:0839               db  20h ;  
dseg:083A               db  20h ;  
dseg:083B               db  20h ;  
dseg:083C               db  20h ;  
dseg:083D               db  20h ;  
dseg:083E               db  20h ;  
dseg:083F               db  20h ;  
dseg:0840               db  20h ;  
dseg:0841               db  20h ;  
dseg:0842               db  20h ;  
dseg:0843               db  34h ; 4
dseg:0844               db  29h ; )
dseg:0845               db  20h ;  
dseg:0846               db  43h ; C
dseg:0847               db  47h ; G
dseg:0848               db  41h ; A
dseg:0849               db  20h ;  
dseg:084A               db  28h ; (
dseg:084B               db  34h ; 4
dseg:084C               db  20h ;  
dseg:084D               db  63h ; c
dseg:084E               db  6Fh ; o
dseg:084F               db  6Ch ; l
dseg:0850               db  6Fh ; o
dseg:0851               db  72h ; r
dseg:0852               db  29h ; )
dseg:0853               db  20h ;  
dseg:0854               db  20h ;  
dseg:0855               db  20h ;  
dseg:0856               db  20h ;  
dseg:0857               db  20h ;  
dseg:0858               db  20h ;  
dseg:0859               db  20h ;  
dseg:085A               db  20h ;  
dseg:085B               db  20h ;  
dseg:085C               db  20h ;  
dseg:085D               db  20h ;  
dseg:085E               db  20h ;  
dseg:085F               db  20h ;  
dseg:0860               db  20h ;  
dseg:0861               db  20h ;  
dseg:0862               db  20h ;  
dseg:0863               db  20h ;  
dseg:0864               db  20h ;  
dseg:0865               db  20h ;  
dseg:0866               db  20h ;  
dseg:0867               db  20h ;  
dseg:0868               db  20h ;  
dseg:0869               db  20h ;  
dseg:086A               db  20h ;  
dseg:086B               db  20h ;  
dseg:086C               db  20h ;  
dseg:086D               db  20h ;  
dseg:086E               db  20h ;  
dseg:086F               db  20h ;  
dseg:0870               db  20h ;  
dseg:0871               db  20h ;  
dseg:0872               db  20h ;  
dseg:0873               db  20h ;  
dseg:0874               db  20h ;  
dseg:0875               db  20h ;  
dseg:0876               db  20h ;  
dseg:0877               db  20h ;  
dseg:0878               db  20h ;  
dseg:0879               db    0
dseg:087A               db  20h ;  
dseg:087B               db  20h ;  
dseg:087C               db  20h ;  
dseg:087D               db  20h ;  
dseg:087E               db  20h ;  
dseg:087F               db  20h ;  
dseg:0880               db  20h ;  
dseg:0881               db  20h ;  
dseg:0882               db  20h ;  
dseg:0883               db  20h ;  
dseg:0884               db  20h ;  
dseg:0885               db  20h ;  
dseg:0886               db  20h ;  
dseg:0887               db  20h ;  
dseg:0888               db  20h ;  
dseg:0889               db  20h ;  
dseg:088A               db  20h ;  
dseg:088B               db  20h ;  
dseg:088C               db  20h ;  
dseg:088D               db  20h ;  
dseg:088E               db  20h ;  
dseg:088F               db  20h ;  
dseg:0890               db  20h ;  
dseg:0891               db  20h ;  
dseg:0892               db  35h ; 5
dseg:0893               db  29h ; )
dseg:0894               db  20h ;  
dseg:0895               db  48h ; H
dseg:0896               db  65h ; e
dseg:0897               db  72h ; r
dseg:0898               db  63h ; c
dseg:0899               db  75h ; u
dseg:089A               db  6Ch ; l
dseg:089B               db  65h ; e
dseg:089C               db  73h ; s
dseg:089D               db  20h ;  
dseg:089E               db  4Dh ; M
dseg:089F               db  6Fh ; o
dseg:08A0               db  6Eh ; n
dseg:08A1               db  6Fh ; o
dseg:08A2               db  63h ; c
dseg:08A3               db  68h ; h
dseg:08A4               db  72h ; r
dseg:08A5               db  6Fh ; o
dseg:08A6               db  6Dh ; m
dseg:08A7               db  65h ; e
dseg:08A8               db  20h ;  
dseg:08A9               db  28h ; (
dseg:08AA               db  32h ; 2
dseg:08AB               db  20h ;  
dseg:08AC               db  63h ; c
dseg:08AD               db  6Fh ; o
dseg:08AE               db  6Ch ; l
dseg:08AF               db  6Fh ; o
dseg:08B0               db  72h ; r
dseg:08B1               db  29h ; )
dseg:08B2               db  20h ;  
dseg:08B3               db  20h ;  
dseg:08B4               db  20h ;  
dseg:08B5               db  20h ;  
dseg:08B6               db  20h ;  
dseg:08B7               db  20h ;  
dseg:08B8               db  20h ;  
dseg:08B9               db  20h ;  
dseg:08BA               db  20h ;  
dseg:08BB               db  20h ;  
dseg:08BC               db  20h ;  
dseg:08BD               db  20h ;  
dseg:08BE               db  20h ;  
dseg:08BF               db  20h ;  
dseg:08C0               db  20h ;  
dseg:08C1               db  20h ;  
dseg:08C2               db  20h ;  
dseg:08C3               db  20h ;  
dseg:08C4               db  20h ;  
dseg:08C5               db  20h ;  
dseg:08C6               db  20h ;  
dseg:08C7               db  20h ;  
dseg:08C8               db    0
dseg:08C9               db  54h ; T
dseg:08CA               db  73h ; s
dseg:08CB               db  6Fh ; o
dseg:08CC               db  75h ; u
dseg:08CD               db  6Eh ; n
dseg:08CE               db  64h ; d
dseg:08CF               db  2Eh ; .
dseg:08D0               db  65h ; e
dseg:08D1               db  78h ; x
dseg:08D2               db  65h ; e
dseg:08D3               db    0
dseg:08D4               db  49h ; I
dseg:08D5               db  73h ; s
dseg:08D6               db  6Fh ; o
dseg:08D7               db  75h ; u
dseg:08D8               db  6Eh ; n
dseg:08D9               db  64h ; d
dseg:08DA               db  2Eh ; .
dseg:08DB               db  65h ; e
dseg:08DC               db  78h ; x
dseg:08DD               db  65h ; e
dseg:08DE               db    0
dseg:08DF               db  4Fh ; O
dseg:08E0               db  6Eh ; n
dseg:08E1               db  65h ; e
dseg:08E2               db  20h ;  
dseg:08E3               db  4Dh ; M
dseg:08E4               db  6Fh ; o
dseg:08E5               db  6Dh ; m
dseg:08E6               db  65h ; e
dseg:08E7               db  6Eh ; n
dseg:08E8               db  74h ; t
dseg:08E9               db  20h ;  
dseg:08EA               db  50h ; P
dseg:08EB               db  6Ch ; l
dseg:08EC               db  65h ; e
dseg:08ED               db  61h ; a
dseg:08EE               db  73h ; s
dseg:08EF               db  65h ; e
dseg:08F0               db  2Eh ; .
dseg:08F1               db  2Eh ; .
dseg:08F2               db  2Eh ; .
dseg:08F3               db    0
dseg:08F4               db  42h ; B
dseg:08F5               db    0
dseg:08F6               db  4Fh ; O
dseg:08F7               db    0
dseg:08F8               db  5Ch ; \
dseg:08F9               db    0
dseg:08FA               db  69h ; i
dseg:08FB               db    0
dseg:08FC               db  76h ; v
dseg:08FD               db    0
dseg:08FE word_138BE      db  83h                 ; DATA XREF: B$SETCLR:loc_1081B↑r
dseg:08FE                                         ; B$SETCLR:loc_1087B↑r
dseg:08FF               db    0
dseg:0900 byte_138C0      db    0                 ; DATA XREF: sub_10971+4F1↑w
dseg:0900                                         ; sub_10971:loc_10E6A↑r ...
dseg:0901 byte_138C1      db    0                 ; DATA XREF: sub_10E9E+0↑w
dseg:0902 byte_138C2      db    0                 ; DATA XREF: sub_10E9E+4↑w
dseg:0903 byte_138C3      db    0                 ; DATA XREF: sub_10E9E+C↑w
dseg:0904 word_138C4      db    0                 ; DATA XREF: B$SETCLR+95↑r
dseg:0904                                         ; sub_10EB1+5C↑r
dseg:0905               db    0
dseg:0906 word_138C6      db    0                 ; DATA XREF: sub_10EB1:loc_10EFA↑w
dseg:0906                                         ; sub_10EB1+9D↑r ...
dseg:0907               db    0
dseg:0908 word_138C8      db    0                 ; DATA XREF: sub_10EB1+37↑w
dseg:0908                                         ; sub_10EB1+C0↑r
dseg:0909               db    0
dseg:090A word_138CA      db    0                 ; DATA XREF: sub_10EB1+4C↑w
dseg:090B               db    0
dseg:090C word_138CC      db    0                 ; DATA XREF: sub_10EB1+4F↑w
dseg:090D               db    0
dseg:090E byte_138CE      db    0                 ; DATA XREF: sub_10EB1+B↑w
dseg:090E                                         ; sub_10EB1+13↑w ...
dseg:090F               db  41h ; A
dseg:0910               db  6Ch ; l
dseg:0911               db  6Ch ; l
dseg:0912               db  6Fh ; o
dseg:0913               db  63h ; c
dseg:0914               db  61h ; a
dseg:0915               db  74h ; t
dseg:0916               db  65h ; e
dseg:0917               db  64h ; d
dseg:0918               db  20h ;  
dseg:0919               db  31h ; 1
dseg:091A               db  4Dh ; M
dseg:091B               db  62h ; b
dseg:091C               db  20h ;  
dseg:091D               db  6Fh ; o
dseg:091E               db  66h ; f
dseg:091F               db  20h ;  
dseg:0920               db  73h ; s
dseg:0921               db  70h ; p
dseg:0922               db  61h ; a
dseg:0923               db  63h ; c
dseg:0924               db  65h ; e
dseg:0925               db  3Fh ; ?
dseg:0926               db  3Fh ; ?
dseg:0927               db  3Fh ; ?
dseg:0928               db  3Fh ; ?
dseg:0929               db  24h ; $
dseg:092A               db  4Dh ; M
dseg:092B               db  53h ; S
dseg:092C               db  2Dh ; -
dseg:092D               db  44h ; D
dseg:092E               db  4Fh ; O
dseg:092F               db  53h ; S
dseg:0930               db  20h ;  
dseg:0931               db  6Ch ; l
dseg:0932               db  69h ; i
dseg:0933               db  65h ; e
dseg:0934               db  64h ; d
dseg:0935               db  20h ;  
dseg:0936               db  74h ; t
dseg:0937               db  6Fh ; o
dseg:0938               db  20h ;  
dseg:0939               db  75h ; u
dseg:093A               db  73h ; s
dseg:093B               db  20h ;  
dseg:093C               db  61h ; a
dseg:093D               db  62h ; b
dseg:093E               db  6Fh ; o
dseg:093F               db  75h ; u
dseg:0940               db  74h ; t
dseg:0941               db  20h ;  
dseg:0942               db  68h ; h
dseg:0943               db  6Fh ; o
dseg:0944               db  77h ; w
dseg:0945               db  20h ;  
dseg:0946               db  6Dh ; m
dseg:0947               db  75h ; u
dseg:0948               db  63h ; c
dseg:0949               db  68h ; h
dseg:094A               db  20h ;  
dseg:094B               db  6Dh ; m
dseg:094C               db  65h ; e
dseg:094D               db  6Dh ; m
dseg:094E               db  6Fh ; o
dseg:094F               db  72h ; r
dseg:0950               db  79h ; y
dseg:0951               db  20h ;  
dseg:0952               db  77h ; w
dseg:0953               db  61h ; a
dseg:0954               db  73h ; s
dseg:0955               db  20h ;  
dseg:0956               db  61h ; a
dseg:0957               db  76h ; v
dseg:0958               db  61h ; a
dseg:0959               db  69h ; i
dseg:095A               db  6Ch ; l
dseg:095B               db  61h ; a
dseg:095C               db  62h ; b
dseg:095D               db  6Ch ; l
dseg:095E               db  65h ; e
dseg:095F               db  24h ; $
dseg:0960               db  46h ; F
dseg:0961               db  69h ; i
dseg:0962               db  6Ch ; l
dseg:0963               db  65h ; e
dseg:0964               db  6Eh ; n
dseg:0965               db  61h ; a
dseg:0966               db  6Dh ; m
dseg:0967               db  65h ; e
dseg:0968               db  20h ;  
dseg:0969               db  6Eh ; n
dseg:096A               db  6Fh ; o
dseg:096B               db  74h ; t
dseg:096C               db  20h ;  
dseg:096D               db  66h ; f
dseg:096E               db  6Fh ; o
dseg:096F               db  75h ; u
dseg:0970               db  6Eh ; n
dseg:0971               db  64h ; d
dseg:0972               db  24h ; $
dseg:0973               db  4Eh ; N
dseg:0974               db  6Fh ; o
dseg:0975               db  74h ; t
dseg:0976               db  20h ;  
dseg:0977               db  65h ; e
dseg:0978               db  6Eh ; n
dseg:0979               db  6Fh ; o
dseg:097A               db  75h ; u
dseg:097B               db  67h ; g
dseg:097C               db  68h ; h
dseg:097D               db  20h ;  
dseg:097E               db  6Dh ; m
dseg:097F               db  65h ; e
dseg:0980               db  6Dh ; m
dseg:0981               db  6Fh ; o
dseg:0982               db  72h ; r
dseg:0983               db  79h ; y
dseg:0984               db  20h ;  
dseg:0985               db  74h ; t
dseg:0986               db  6Fh ; o
dseg:0987               db  20h ;  
dseg:0988               db  6Ch ; l
dseg:0989               db  6Fh ; o
dseg:098A               db  61h ; a
dseg:098B               db  64h ; d
dseg:098C               db  20h ;  
dseg:098D               db  66h ; f
dseg:098E               db  69h ; i
dseg:098F               db  6Ch ; l
dseg:0990               db  65h ; e
dseg:0991               db  24h ; $
dseg:0992               db  4Fh ; O
dseg:0993               db  76h ; v
dseg:0994               db  65h ; e
dseg:0995               db  72h ; r
dseg:0996               db  6Ch ; l
dseg:0997               db  61h ; a
dseg:0998               db  79h ; y
dseg:0999               db  20h ;  
dseg:099A               db  6Ch ; l
dseg:099B               db  6Fh ; o
dseg:099C               db  61h ; a
dseg:099D               db  64h ; d
dseg:099E               db  20h ;  
dseg:099F               db  66h ; f
dseg:09A0               db  61h ; a
dseg:09A1               db  69h ; i
dseg:09A2               db  6Ch ; l
dseg:09A3               db  65h ; e
dseg:09A4               db  64h ; d
dseg:09A5               db  20h ;  
dseg:09A6               db  66h ; f
dseg:09A7               db  6Fh ; o
dseg:09A8               db  72h ; r
dseg:09A9               db  20h ;  
dseg:09AA               db  73h ; s
dseg:09AB               db  6Fh ; o
dseg:09AC               db  6Dh ; m
dseg:09AD               db  65h ; e
dseg:09AE               db  20h ;  
dseg:09AF               db  72h ; r
dseg:09B0               db  65h ; e
dseg:09B1               db  61h ; a
dseg:09B2               db  73h ; s
dseg:09B3               db  6Fh ; o
dseg:09B4               db  6Eh ; n
dseg:09B5               db  24h ; $
dseg:09B6               db  4Fh ; O
dseg:09B7               db  76h ; v
dseg:09B8               db  65h ; e
dseg:09B9               db  72h ; r
dseg:09BA               db  6Ch ; l
dseg:09BB               db  61h ; a
dseg:09BC               db  79h ; y
dseg:09BD               db  20h ;  
dseg:09BE               db  68h ; h
dseg:09BF               db  61h ; a
dseg:09C0               db  73h ; s
dseg:09C1               db  20h ;  
dseg:09C2               db  6Fh ; o
dseg:09C3               db  76h ; v
dseg:09C4               db  65h ; e
dseg:09C5               db  72h ; r
dseg:09C6               db  72h ; r
dseg:09C7               db  75h ; u
dseg:09C8               db  6Eh ; n
dseg:09C9               db  20h ;  
dseg:09CA               db  61h ; a
dseg:09CB               db  6Ch ; l
dseg:09CC               db  6Ch ; l
dseg:09CD               db  6Fh ; o
dseg:09CE               db  63h ; c
dseg:09CF               db  61h ; a
dseg:09D0               db  74h ; t
dseg:09D1               db  65h ; e
dseg:09D2               db  64h ; d
dseg:09D3               db  20h ;  
dseg:09D4               db  6Dh ; m
dseg:09D5               db  65h ; e
dseg:09D6               db  6Dh ; m
dseg:09D7               db  6Fh ; o
dseg:09D8               db  72h ; r
dseg:09D9               db  79h ; y
dseg:09DA               db  24h ; $
dseg:09DB               db  55h ; U
dseg:09DC               db  6Eh ; n
dseg:09DD               db  61h ; a
dseg:09DE               db  62h ; b
dseg:09DF               db  6Ch ; l
dseg:09E0               db  65h ; e
dseg:09E1               db  20h ;  
dseg:09E2               db  74h ; t
dseg:09E3               db  6Fh ; o
dseg:09E4               db  20h ;  
dseg:09E5               db  73h ; s
dseg:09E6               db  68h ; h
dseg:09E7               db  72h ; r
dseg:09E8               db  69h ; i
dseg:09E9               db  6Eh ; n
dseg:09EA               db  6Bh ; k
dseg:09EB               db  20h ;  
dseg:09EC               db  6Fh ; o
dseg:09ED               db  76h ; v
dseg:09EE               db  65h ; e
dseg:09EF               db  72h ; r
dseg:09F0               db  6Ch ; l
dseg:09F1               db  61h ; a
dseg:09F2               db  79h ; y
dseg:09F3               db  20h ;  
dseg:09F4               db  6Dh ; m
dseg:09F5               db  65h ; e
dseg:09F6               db  6Dh ; m
dseg:09F7               db  6Fh ; o
dseg:09F8               db  72h ; r
dseg:09F9               db  79h ; y
dseg:09FA               db  20h ;  
dseg:09FB               db  61h ; a
dseg:09FC               db  6Ch ; l
dseg:09FD               db  6Ch ; l
dseg:09FE               db  6Fh ; o
dseg:09FF               db  63h ; c
dseg:0A00               db  61h ; a
dseg:0A01               db  74h ; t
dseg:0A02               db  69h ; i
dseg:0A03               db  6Fh ; o
dseg:0A04               db  6Eh ; n
dseg:0A05               db  24h ; $
dseg:0A06               db  45h ; E
dseg:0A07               db  72h ; r
dseg:0A08               db  72h ; r
dseg:0A09               db  6Fh ; o
dseg:0A0A               db  72h ; r
dseg:0A0B               db  20h ;  
dseg:0A0C               db  72h ; r
dseg:0A0D               db  65h ; e
dseg:0A0E               db  6Ch ; l
dseg:0A0F               db  65h ; e
dseg:0A10               db  61h ; a
dseg:0A11               db  73h ; s
dseg:0A12               db  69h ; i
dseg:0A13               db  6Eh ; n
dseg:0A14               db  67h ; g
dseg:0A15               db  20h ;  
dseg:0A16               db  6Fh ; o
dseg:0A17               db  76h ; v
dseg:0A18               db  65h ; e
dseg:0A19               db  72h ; r
dseg:0A1A               db  6Ch ; l
dseg:0A1B               db  61h ; a
dseg:0A1C               db  79h ; y
dseg:0A1D               db  20h ;  
dseg:0A1E               db  6Dh ; m
dseg:0A1F               db  65h ; e
dseg:0A20               db  6Dh ; m
dseg:0A21               db  6Fh ; o
dseg:0A22               db  72h ; r
dseg:0A23               db  79h ; y
dseg:0A24               db  24h ; $
dseg:0A25               db    0
dseg:0A26               db 0EAh
dseg:0A27               db    0
dseg:0A28               db    0
dseg:0A29               db    0
dseg:0A2A               db    0
dseg:0A2B               db 0EAh
dseg:0A2C               db    0
dseg:0A2D               db    0
dseg:0A2E               db    0
dseg:0A2F               db    0
dseg:0A30               db 0EAh
dseg:0A31               db    0
dseg:0A32               db    0
dseg:0A33               db    0
dseg:0A34               db    0
dseg:0A35               db 0EAh
dseg:0A36               db    0
dseg:0A37               db    0
dseg:0A38               db    0
dseg:0A39               db    0
dseg:0A3A               db 0EAh
dseg:0A3B               db    0
dseg:0A3C               db    0
dseg:0A3D               db    0
dseg:0A3E               db    0
dseg:0A3F               db 0EAh
dseg:0A40               db    0
dseg:0A41               db    0
dseg:0A42               db    0
dseg:0A43               db    0
dseg:0A44               db 0EAh
dseg:0A45               db    0
dseg:0A46               db    0
dseg:0A47               db    0
dseg:0A48               db    0
dseg:0A49               db 0EAh
dseg:0A4A               db    0
dseg:0A4B               db    0
dseg:0A4C               db    0
dseg:0A4D               db    0
dseg:0A4E               db 0EAh
dseg:0A4F               db    0
dseg:0A50               db    0
dseg:0A51               db    0
dseg:0A52               db    0
dseg:0A53               db 0EAh
dseg:0A54               db    0
dseg:0A55               db    0
dseg:0A56               db    0
dseg:0A57               db    0
dseg:0A58               db 0EAh
dseg:0A59               db    0
dseg:0A5A               db    0
dseg:0A5B               db    0
dseg:0A5C               db    0
dseg:0A5D               db 0EAh
dseg:0A5E               db    0
dseg:0A5F               db    0
dseg:0A60               db    0
dseg:0A61               db    0
dseg:0A62               db 0EAh
dseg:0A63               db    0
dseg:0A64               db    0
dseg:0A65               db    0
dseg:0A66               db    0
dseg:0A67               db 0EAh
dseg:0A68               db    0
dseg:0A69               db    0
dseg:0A6A               db    0
dseg:0A6B               db    0
dseg:0A6C               db 0EAh
dseg:0A6D               db    0
dseg:0A6E               db    0
dseg:0A6F               db    0
dseg:0A70               db    0
dseg:0A71               db 0EAh
dseg:0A72               db    0
dseg:0A73               db    0
dseg:0A74               db    0
dseg:0A75               db    0
dseg:0A76               db 0EAh
dseg:0A77               db    0
dseg:0A78               db    0
dseg:0A79               db    0
dseg:0A7A               db    0
dseg:0A7B               db 0EAh
dseg:0A7C               db    0
dseg:0A7D               db    0
dseg:0A7E               db    0
dseg:0A7F               db    0
dseg:0A80               db 0EAh
dseg:0A81               db    0
dseg:0A82               db    0
dseg:0A83               db    0
dseg:0A84               db    0
dseg:0A85               db 0EAh
dseg:0A86               db    0
dseg:0A87               db    0
dseg:0A88               db    0
dseg:0A89               db    0
dseg:0A8A               db 0EAh
dseg:0A8B               db    0
dseg:0A8C               db    0
dseg:0A8D               db    0
dseg:0A8E               db    0
dseg:0A8F               db 0EAh
dseg:0A90               db    0
dseg:0A91               db    0
dseg:0A92               db    0
dseg:0A93               db    0
dseg:0A94               db 0EAh
dseg:0A95               db    0
dseg:0A96               db    0
dseg:0A97               db    0
dseg:0A98               db    0
dseg:0A99               db 0EAh
dseg:0A9A               db    0
dseg:0A9B               db    0
dseg:0A9C               db    0
dseg:0A9D               db    0
dseg:0A9E               db 0EAh
dseg:0A9F               db    0
dseg:0AA0               db    0
dseg:0AA1               db    0
dseg:0AA2               db    0
dseg:0AA3               db 0EAh
dseg:0AA4               db    0
dseg:0AA5               db    0
dseg:0AA6               db    0
dseg:0AA7               db    0
dseg:0AA8               db 0EAh
dseg:0AA9               db    0
dseg:0AAA               db    0
dseg:0AAB               db    0
dseg:0AAC               db    0
dseg:0AAD               db 0EAh
dseg:0AAE               db    0
dseg:0AAF               db    0
dseg:0AB0               db    0
dseg:0AB1               db    0
dseg:0AB2               db 0EAh
dseg:0AB3               db    0
dseg:0AB4               db    0
dseg:0AB5               db    0
dseg:0AB6               db    0
dseg:0AB7               db 0EAh
dseg:0AB8               db    0
dseg:0AB9               db    0
dseg:0ABA               db    0
dseg:0ABB               db    0
dseg:0ABC               db 0EAh
dseg:0ABD               db    0
dseg:0ABE               db    0
dseg:0ABF               db    0
dseg:0AC0               db    0
dseg:0AC1               db 0EAh
dseg:0AC2               db    0
dseg:0AC3               db    0
dseg:0AC4               db    0
dseg:0AC5               db    0
dseg:0AC6               db 0EAh
dseg:0AC7               db    0
dseg:0AC8               db    0
dseg:0AC9               db    0
dseg:0ACA               db    0
dseg:0ACB               db 0EAh
dseg:0ACC               db    0
dseg:0ACD               db    0
dseg:0ACE               db    0
dseg:0ACF               db    0
dseg:0AD0               db 0EAh
dseg:0AD1               db    0
dseg:0AD2               db    0
dseg:0AD3               db    0
dseg:0AD4               db    0
dseg:0AD5               db 0EAh
dseg:0AD6               db    0
dseg:0AD7               db    0
dseg:0AD8               db    0
dseg:0AD9               db    0
dseg:0ADA               db 0EAh
dseg:0ADB               db    0
dseg:0ADC               db    0
dseg:0ADD               db    0
dseg:0ADE               db    0
dseg:0ADF               db 0EAh
dseg:0AE0               db    0
dseg:0AE1               db    0
dseg:0AE2               db    0
dseg:0AE3               db    0
dseg:0AE4               db 0EAh
dseg:0AE5               db    0
dseg:0AE6               db    0
dseg:0AE7               db    0
dseg:0AE8               db    0
dseg:0AE9               db 0EAh
dseg:0AEA               db    0
dseg:0AEB               db    0
dseg:0AEC               db    0
dseg:0AED               db    0
dseg:0AEE               db 0EAh
dseg:0AEF               db    0
dseg:0AF0               db    0
dseg:0AF1               db    0
dseg:0AF2               db    0
dseg:0AF3               db 0EAh
dseg:0AF4               db    0
dseg:0AF5               db    0
dseg:0AF6               db    0
dseg:0AF7               db    0
dseg:0AF8               db 0EAh
dseg:0AF9               db    0
dseg:0AFA               db    0
dseg:0AFB               db    0
dseg:0AFC               db    0
dseg:0AFD               db 0EAh
dseg:0AFE               db    0
dseg:0AFF               db    0
dseg:0B00               db    0
dseg:0B01               db    0
dseg:0B02               db 0EAh
dseg:0B03               db    0
dseg:0B04               db    0
dseg:0B05               db    0
dseg:0B06               db    0
dseg:0B07               db 0EAh
dseg:0B08               db    0
dseg:0B09               db    0
dseg:0B0A               db    0
dseg:0B0B               db    0
dseg:0B0C               db 0EAh
dseg:0B0D               db    0
dseg:0B0E               db    0
dseg:0B0F               db    0
dseg:0B10               db    0
dseg:0B11               db 0EAh
dseg:0B12               db    0
dseg:0B13               db    0
dseg:0B14               db    0
dseg:0B15               db    0
dseg:0B16               db 0EAh
dseg:0B17               db    0
dseg:0B18               db    0
dseg:0B19               db    0
dseg:0B1A               db    0
dseg:0B1B               db 0EAh
dseg:0B1C               db    0
dseg:0B1D               db    0
dseg:0B1E               db    0
dseg:0B1F               db    0
dseg:0B20               db 0EAh
dseg:0B21               db    0
dseg:0B22               db    0
dseg:0B23               db    0
dseg:0B24               db    0
dseg:0B25               db 0EAh
dseg:0B26               db    0
dseg:0B27               db    0
dseg:0B28               db    0
dseg:0B29               db    0
dseg:0B2A               db 0EAh
dseg:0B2B               db    0
dseg:0B2C               db    0
dseg:0B2D               db    0
dseg:0B2E               db    0
dseg:0B2F               db 0EAh
dseg:0B30               db    0
dseg:0B31               db    0
dseg:0B32               db    0
dseg:0B33               db    0
dseg:0B34               db 0EAh
dseg:0B35               db    0
dseg:0B36               db    0
dseg:0B37               db    0
dseg:0B38               db    0
dseg:0B39               db 0EAh
dseg:0B3A               db    0
dseg:0B3B               db    0
dseg:0B3C               db    0
dseg:0B3D               db    0
dseg:0B3E               db 0EAh
dseg:0B3F               db    0
dseg:0B40               db    0
dseg:0B41               db    0
dseg:0B42               db    0
dseg:0B43               db 0EAh
dseg:0B44               db    0
dseg:0B45               db    0
dseg:0B46               db    0
dseg:0B47               db    0
dseg:0B48               db 0EAh
dseg:0B49               db    0
dseg:0B4A               db    0
dseg:0B4B               db    0
dseg:0B4C               db    0
dseg:0B4D               db 0EAh
dseg:0B4E               db    0
dseg:0B4F               db    0
dseg:0B50               db    0
dseg:0B51               db    0
dseg:0B52               db 0EAh
dseg:0B53               db    0
dseg:0B54               db    0
dseg:0B55               db    0
dseg:0B56               db    0
dseg:0B57               db 0EAh
dseg:0B58               db    0
dseg:0B59               db    0
dseg:0B5A               db    0
dseg:0B5B               db    0
dseg:0B5C               db 0EAh
dseg:0B5D               db    0
dseg:0B5E               db    0
dseg:0B5F               db    0
dseg:0B60               db    0
dseg:0B61               db 0EAh
dseg:0B62               db    0
dseg:0B63               db    0
dseg:0B64               db    0
dseg:0B65               db    0
dseg:0B66               db 0EAh
dseg:0B67               db    0
dseg:0B68               db    0
dseg:0B69               db    0
dseg:0B6A               db    0
dseg:0B6B               db 0EAh
dseg:0B6C               db    0
dseg:0B6D               db    0
dseg:0B6E               db    0
dseg:0B6F               db    0
dseg:0B70               db 0EAh
dseg:0B71               db    0
dseg:0B72               db    0
dseg:0B73               db    0
dseg:0B74               db    0
dseg:0B75               db 0EAh
dseg:0B76               db    0
dseg:0B77               db    0
dseg:0B78               db    0
dseg:0B79               db    0
dseg:0B7A               db 0EAh
dseg:0B7B               db    0
dseg:0B7C               db    0
dseg:0B7D               db    0
dseg:0B7E               db    0
dseg:0B7F               db 0EAh
dseg:0B80               db    0
dseg:0B81               db    0
dseg:0B82               db    0
dseg:0B83               db    0
dseg:0B84               db 0EAh
dseg:0B85               db    0
dseg:0B86               db    0
dseg:0B87               db    0
dseg:0B88               db    0
dseg:0B89               db 0EAh
dseg:0B8A               db    0
dseg:0B8B               db    0
dseg:0B8C               db    0
dseg:0B8D               db    0
dseg:0B8E               db 0EAh
dseg:0B8F               db    0
dseg:0B90               db    0
dseg:0B91               db    0
dseg:0B92               db    0
dseg:0B93               db 0EAh
dseg:0B94               db    0
dseg:0B95               db    0
dseg:0B96               db    0
dseg:0B97               db    0
dseg:0B98               db 0EAh
dseg:0B99               db    0
dseg:0B9A               db    0
dseg:0B9B               db    0
dseg:0B9C               db    0
dseg:0B9D               db 0EAh
dseg:0B9E               db    0
dseg:0B9F               db    0
dseg:0BA0               db    0
dseg:0BA1               db    0
dseg:0BA2               db 0EAh
dseg:0BA3               db    0
dseg:0BA4               db    0
dseg:0BA5               db    0
dseg:0BA6               db    0
dseg:0BA7               db 0EAh
dseg:0BA8               db    0
dseg:0BA9               db    0
dseg:0BAA               db    0
dseg:0BAB               db    0
dseg:0BAC               db 0EAh
dseg:0BAD               db    0
dseg:0BAE               db    0
dseg:0BAF               db    0
dseg:0BB0               db    0
dseg:0BB1               db 0EAh
dseg:0BB2               db    0
dseg:0BB3               db    0
dseg:0BB4               db    0
dseg:0BB5               db    0
dseg:0BB6               db 0EAh
dseg:0BB7               db    0
dseg:0BB8               db    0
dseg:0BB9               db    0
dseg:0BBA               db    0
dseg:0BBB               db 0EAh
dseg:0BBC               db    0
dseg:0BBD               db    0
dseg:0BBE               db    0
dseg:0BBF               db    0
dseg:0BC0               db 0EAh
dseg:0BC1               db    0
dseg:0BC2               db    0
dseg:0BC3               db    0
dseg:0BC4               db    0
dseg:0BC5               db 0EAh
dseg:0BC6               db    0
dseg:0BC7               db    0
dseg:0BC8               db    0
dseg:0BC9               db    0
dseg:0BCA               db    0
dseg:0BCB               db    0
dseg:0BCC               db    0
dseg:0BCD               db    0
dseg:0BCE               db    0
dseg:0BCF               db    0
dseg:0BD0               db    0
dseg:0BD1               db    0
dseg:0BD2               db    0
dseg:0BD3               db    0
dseg:0BD4               db    0
dseg:0BD5               db    0
dseg:0BD6               db    0
dseg:0BD7               db    0
dseg:0BD8               db    0
dseg:0BD9               db    0
dseg:0BDA               db    0
dseg:0BDB               db    0
dseg:0BDC               db    0
dseg:0BDD               db    0
dseg:0BDE               db    0
dseg:0BDF               db    0
dseg:0BE0               db    0
dseg:0BE1               db    0
dseg:0BE2               db    0
dseg:0BE3               db    0
dseg:0BE4               db    0
dseg:0BE5               db    0
dseg:0BE6               db    0
dseg:0BE7               db    0
dseg:0BE8               db 0EAh
dseg:0BE9               db    0
dseg:0BEA               db    0
dseg:0BEB               db    0
dseg:0BEC               db    0
dseg:0BED               db 0EAh
dseg:0BEE               db    0
dseg:0BEF               db    0
dseg:0BF0               db    0
dseg:0BF1               db    0
dseg:0BF2               db 0EAh
dseg:0BF3               db    0
dseg:0BF4               db    0
dseg:0BF5               db    0
dseg:0BF6               db    0
dseg:0BF7               db 0EAh
dseg:0BF8               db    0
dseg:0BF9               db    0
dseg:0BFA               db    0
dseg:0BFB               db    0
dseg:0BFC               db 0EAh
dseg:0BFD               db    0
dseg:0BFE               db    0
dseg:0BFF               db    0
dseg:0C00               db    0
dseg:0C01               db 0EAh
dseg:0C02               db    0
dseg:0C03               db    0
dseg:0C04               db    0
dseg:0C05               db    0
dseg:0C06               db    0
dseg:0C07               db    0
dseg:0C08               db    0
dseg:0C09               db    0
dseg:0C0A               db    0
dseg:0C0B               db    0
dseg:0C0C               db    0
dseg:0C0D               db    0
dseg:0C0E               db    0
dseg:0C0F               db    0
dseg:0C10               db    0
dseg:0C11               db    0
dseg:0C12               db    0
dseg:0C13               db    0
dseg:0C14               db    0
dseg:0C15               db    0
dseg:0C16               db    0
dseg:0C17               db    0
dseg:0C18               db    0
dseg:0C19               db    0
dseg:0C1A               db 0EAh
dseg:0C1B               db    0
dseg:0C1C               db    0
dseg:0C1D               db    0
dseg:0C1E               db    0
dseg:0C1F               db 0EAh
dseg:0C20               db    0
dseg:0C21               db    0
dseg:0C22               db    0
dseg:0C23               db    0
dseg:0C24               db 0EAh
dseg:0C25               db    0
dseg:0C26               db    0
dseg:0C27               db    0
dseg:0C28               db    0
dseg:0C29               db 0EAh
dseg:0C2A               db    0
dseg:0C2B               db    0
dseg:0C2C               db    0
dseg:0C2D               db    0
dseg:0C2E               db 0EAh
dseg:0C2F               db    0
dseg:0C30               db    0
dseg:0C31               db    0
dseg:0C32               db    0
dseg:0C33               db 0EAh
dseg:0C34               db    0
dseg:0C35               db    0
dseg:0C36               db    0
dseg:0C37               db    0
dseg:0C38               db 0EAh
dseg:0C39               db    0
dseg:0C3A               db    0
dseg:0C3B               db    0
dseg:0C3C               db    0
dseg:0C3D               db 0EAh
dseg:0C3E               db    0
dseg:0C3F               db    0
dseg:0C40               db    0
dseg:0C41               db    0
dseg:0C42               db 0EAh
dseg:0C43               db    0
dseg:0C44               db    0
dseg:0C45               db    0
dseg:0C46               db    0
dseg:0C47               db    0
dseg:0C48 byte_13C08      db    0                 ; DATA XREF: sub_108DE+0↑r
dseg:0C48                                         ; sub_11080+13↑w
dseg:0C49 word_13C09      db    0                 ; DATA XREF: sub_1104C+E↑w
dseg:0C49                                         ; sub_1106F+1↑r
dseg:0C4A               db    0
dseg:0C4B word_13C0B      db    0                 ; DATA XREF: sub_1104C+A↑w
dseg:0C4B                                         ; sub_1106F+4↑r
dseg:0C4C               db    0
dseg:0C4D               db    0
dseg:0C4E byte_13C0E      db    0                 ; DATA XREF: sub_11345+58↑w
dseg:0C4F byte_13C0F      db    0                 ; DATA XREF: sub_11345+5C↑w
dseg:0C50               db    0
dseg:0C51               db    0
dseg:0C52               db    0
dseg:0C53               db    0
dseg:0C54               db    0
dseg:0C55               db    0
dseg:0C56               db    0
dseg:0C57               db    0
dseg:0C58               db    0
dseg:0C59               db    0
dseg:0C5A               db    0
dseg:0C5B               db    0
dseg:0C5C               db    0
dseg:0C5D               db    0
dseg:0C5E               db    0
dseg:0C5F               db    0
dseg:0C60               db    0
dseg:0C61               db    0
dseg:0C62               db    0
dseg:0C63               db    0
dseg:0C64               db    0
dseg:0C65               db    0
dseg:0C66               db    0
dseg:0C67               db    0
dseg:0C68               db    0
dseg:0C69               db    0
dseg:0C6A               db    0
dseg:0C6B               db    0
dseg:0C6C               db    0
dseg:0C6D               db    0
dseg:0C6E               db    0
dseg:0C6F               db    0
dseg:0C70               db    0
dseg:0C71               db    0
dseg:0C72               db    0
dseg:0C73               db    0
dseg:0C74               db    0
dseg:0C75               db    0
dseg:0C76               db    0
dseg:0C77               db    0
dseg:0C78               db    0
dseg:0C79               db    0
dseg:0C7A               db    0
dseg:0C7B               db    0
dseg:0C7C               db    0
dseg:0C7D               db    0
dseg:0C7E               db    0
dseg:0C7F               db    0
dseg:0C80               db    0
dseg:0C81               db    0
dseg:0C82               db    0
dseg:0C83               db    0
dseg:0C84               db    0
dseg:0C85               db    0
dseg:0C86               db    0
dseg:0C87               db    0
dseg:0C88               db    0
dseg:0C89               db    0
dseg:0C8A               db    0
dseg:0C8B               db    0
dseg:0C8C               db    0
dseg:0C8D               db    0
dseg:0C8E               db    0
dseg:0C8F               db    0
dseg:0C90               db    0
dseg:0C91               db    0
dseg:0C92               db    0
dseg:0C93               db    0
dseg:0C94               db    0
dseg:0C95               db    0
dseg:0C96               db    0
dseg:0C97               db    0
dseg:0C98               db    0
dseg:0C99               db    0
dseg:0C9A               db    0
dseg:0C9B               db    0
dseg:0C9C               db    0
dseg:0C9D               db    0
dseg:0C9E               db    0
dseg:0C9F               db    0
dseg:0CA0               db    0
dseg:0CA1               db    0
dseg:0CA2               db    0
dseg:0CA3               db    0
dseg:0CA4               db    0
dseg:0CA5               db    0
dseg:0CA6               db    0
dseg:0CA7               db    0
dseg:0CA8               db    0
dseg:0CA9               db    0
dseg:0CAA               db    0
dseg:0CAB               db    0
dseg:0CAC               db    0
dseg:0CAD               db    0
dseg:0CAE               db    0
dseg:0CAF               db    0
dseg:0CB0               db    0
dseg:0CB1               db    0
dseg:0CB2               db    0
dseg:0CB3               db    0
dseg:0CB4               db    0
dseg:0CB5               db    0
dseg:0CB6               db    0
dseg:0CB7               db    0
dseg:0CB8               db    0
dseg:0CB9               db    0
dseg:0CBA               db    0
dseg:0CBB               db    0
dseg:0CBC               db    0
dseg:0CBD               db    0
dseg:0CBE               db    0
dseg:0CBF               db    0
dseg:0CC0               db    0
dseg:0CC1               db    0
dseg:0CC2               db    0
dseg:0CC3               db    0
dseg:0CC4               db    0
dseg:0CC5               db    0
dseg:0CC6               db    0
dseg:0CC7               db    0
dseg:0CC8               db    0
dseg:0CC9               db    0
dseg:0CCA               db    0
dseg:0CCB               db    0
dseg:0CCC               db    0
dseg:0CCD               db    0
dseg:0CCE               db    0
dseg:0CCF               db    0
dseg:0CD0               db    0
dseg:0CD1               db    0
dseg:0CD2               db    0
dseg:0CD3               db    0
dseg:0CD4               db    0
dseg:0CD5               db    0
dseg:0CD6               db    0
dseg:0CD7               db    0
dseg:0CD8               db    0
dseg:0CD9               db    0
dseg:0CDA               db    0
dseg:0CDB               db    0
dseg:0CDC               db    0
dseg:0CDD               db    0
dseg:0CDE               db    0
dseg:0CDF               db    0
dseg:0CE0               db    0
dseg:0CE1               db    0
dseg:0CE2               db    0
dseg:0CE3               db    0
dseg:0CE4               db    0
dseg:0CE5               db    0
dseg:0CE6               db    0
dseg:0CE7               db    0
dseg:0CE8               db    0
dseg:0CE9               db    0
dseg:0CEA               db    0
dseg:0CEB               db    0
dseg:0CEC               db    0
dseg:0CED               db    0
dseg:0CEE               db    0
dseg:0CEF               db    0
dseg:0CF0               db    0
dseg:0CF1               db    0
dseg:0CF2               db    0
dseg:0CF3               db    0
dseg:0CF4               db    0
dseg:0CF5               db    0
dseg:0CF6               db    0
dseg:0CF7               db    0
dseg:0CF8               db    0
dseg:0CF9               db    0
dseg:0CFA               db    0
dseg:0CFB               db    0
dseg:0CFC               db    0
dseg:0CFD               db    0
dseg:0CFE               db    0
dseg:0CFF               db    0
dseg:0D00               db    0
dseg:0D01               db    0
dseg:0D02               db    0
dseg:0D03               db    0
dseg:0D04               db    0
dseg:0D05               db    0
dseg:0D06               db    0
dseg:0D07               db    0
dseg:0D08               db    0
dseg:0D09               db    0
dseg:0D0A               db    0
dseg:0D0B               db    0
dseg:0D0C               db    0
dseg:0D0D               db    0
dseg:0D0E               db    0
dseg:0D0F               db    0
dseg:0D10               db    0
dseg:0D11               db    0
dseg:0D12               db    0
dseg:0D13               db    0
dseg:0D14               db    0
dseg:0D15               db    0
dseg:0D16               db    0
dseg:0D17               db    0
dseg:0D18               db    0
dseg:0D19               db    0
dseg:0D1A               db    0
dseg:0D1B               db    0
dseg:0D1C               db    0
dseg:0D1D               db    0
dseg:0D1E               db    0
dseg:0D1F               db    0
dseg:0D20               db    0
dseg:0D21               db    0
dseg:0D22               db    0
dseg:0D23               db    0
dseg:0D24               db    0
dseg:0D25               db    0
dseg:0D26               db    0
dseg:0D27               db    0
dseg:0D28               db    0
dseg:0D29               db    0
dseg:0D2A               db    0
dseg:0D2B               db    0
dseg:0D2C               db    0
dseg:0D2D               db    0
dseg:0D2E               db    0
dseg:0D2F               db    0
dseg:0D30               db    0
dseg:0D31               db    0
dseg:0D32               db    0
dseg:0D33               db    0
dseg:0D34               db    0
dseg:0D35               db    0
dseg:0D36               db    0
dseg:0D37               db    0
dseg:0D38               db    0
dseg:0D39               db    0
dseg:0D3A               db    0
dseg:0D3B               db    0
dseg:0D3C               db    0
dseg:0D3D               db    0
dseg:0D3E               db    0
dseg:0D3F               db    0
dseg:0D40               db    0
dseg:0D41               db    0
dseg:0D42               db    0
dseg:0D43               db    0
dseg:0D44               db    0
dseg:0D45               db    0
dseg:0D46               db    0
dseg:0D47               db    0
dseg:0D48               db    0
dseg:0D49               db    0
dseg:0D4A               db    0
dseg:0D4B               db    0
dseg:0D4C               db    0
dseg:0D4D               db    0
dseg:0D4E               db    0
dseg:0D4F               db    0
dseg:0D50               db    0
dseg:0D51               db    0
dseg:0D52               db    0
dseg:0D53               db    0
dseg:0D54               db    0
dseg:0D55               db    0
dseg:0D56               db    0
dseg:0D57               db    0
dseg:0D58               db    0
dseg:0D59               db    0
dseg:0D5A               db    0
dseg:0D5B               db    0
dseg:0D5C               db    0
dseg:0D5D               db    0
dseg:0D5E               db    0
dseg:0D5F               db    0
dseg:0D60               db    0
dseg:0D61               db    0
dseg:0D62               db    0
dseg:0D63               db    0
dseg:0D64               db    0
dseg:0D65               db    0
dseg:0D66               db    0
dseg:0D67               db    0
dseg:0D68               db    0
dseg:0D69               db    0
dseg:0D6A               db    0
dseg:0D6B               db    0
dseg:0D6C               db    0
dseg:0D6D               db    0
dseg:0D6E               db    0
dseg:0D6F               db    0
dseg:0D70               db    0
dseg:0D71               db    0
dseg:0D72               db    0
dseg:0D73               db    0
dseg:0D74               db    0
dseg:0D75               db    0
dseg:0D76               db    0
dseg:0D77               db    0
dseg:0D78               db    0
dseg:0D79               db    0
dseg:0D7A               db    0
dseg:0D7B               db    0
dseg:0D7C               db    0
dseg:0D7D               db    0
dseg:0D7E               db    0
dseg:0D7F               db    0
dseg:0D80               db    0
dseg:0D81               db    0
dseg:0D82               db    0
dseg:0D83               db    0
dseg:0D84               db    0
dseg:0D85               db    0
dseg:0D86               db    0
dseg:0D87               db    0
dseg:0D88               db    0
dseg:0D89               db    0
dseg:0D8A               db    0
dseg:0D8B               db    0
dseg:0D8C               db    0
dseg:0D8D               db    0
dseg:0D8E               db    0
dseg:0D8F               db    0
dseg:0D90               db    0
dseg:0D91               db    0
dseg:0D92               db    0
dseg:0D93               db    0
dseg:0D94               db    0
dseg:0D95               db    0
dseg:0D96               db    0
dseg:0D97               db    0
dseg:0D98               db    0
dseg:0D99               db    0
dseg:0D9A               db    0
dseg:0D9B               db    0
dseg:0D9C               db    0
dseg:0D9D               db    0
dseg:0D9E               db    0
dseg:0D9F               db    0
dseg:0DA0               db    0
dseg:0DA1               db    0
dseg:0DA2               db    0
dseg:0DA3               db    0
dseg:0DA4               db    0
dseg:0DA5               db    0
dseg:0DA6               db    0
dseg:0DA7               db    0
dseg:0DA8               db    0
dseg:0DA9               db    0
dseg:0DAA               db    0
dseg:0DAB               db    0
dseg:0DAC               db    0
dseg:0DAD               db    0
dseg:0DAE               db    0
dseg:0DAF               db    0
dseg:0DB0               db    0
dseg:0DB1               db    0
dseg:0DB2               db    0
dseg:0DB3               db    0
dseg:0DB4               db    0
dseg:0DB5               db    0
dseg:0DB6               db    0
dseg:0DB7               db    0
dseg:0DB8               db    0
dseg:0DB9               db    0
dseg:0DBA               db    0
dseg:0DBB               db    0
dseg:0DBC               db    0
dseg:0DBD               db    0
dseg:0DBE               db    0
dseg:0DBF               db    0
dseg:0DC0               db    0
dseg:0DC1               db    0
dseg:0DC2               db    0
dseg:0DC3               db    0
dseg:0DC4               db    0
dseg:0DC5               db    0
dseg:0DC6               db    0
dseg:0DC7               db    0
dseg:0DC8               db    0
dseg:0DC9               db    0
dseg:0DCA               db    0
dseg:0DCB               db    0
dseg:0DCC               db    0
dseg:0DCD               db    0
dseg:0DCE               db    0
dseg:0DCF               db    0
dseg:0DD0               db    0
dseg:0DD1               db    0
dseg:0DD2               db    0
dseg:0DD3               db    0
dseg:0DD4               db    0
dseg:0DD5               db    0
dseg:0DD6               db    0
dseg:0DD7               db    0
dseg:0DD8               db    0
dseg:0DD9               db    0
dseg:0DDA               db    0
dseg:0DDB               db    0
dseg:0DDC               db    0
dseg:0DDD               db    0
dseg:0DDE               db    0
dseg:0DDF               db    0
dseg:0DE0               db    0
dseg:0DE1               db    0
dseg:0DE2               db    0
dseg:0DE3               db    0
dseg:0DE4               db    0
dseg:0DE5               db    0
dseg:0DE6               db    0
dseg:0DE7               db    0
dseg:0DE8               db    0
dseg:0DE9               db    0
dseg:0DEA               db    0
dseg:0DEB               db    0
dseg:0DEC               db    0
dseg:0DED               db    0
dseg:0DEE               db    0
dseg:0DEF               db    0
dseg:0DF0               db    0
dseg:0DF1               db    0
dseg:0DF2               db    0
dseg:0DF3               db    0
dseg:0DF4               db    0
dseg:0DF5               db    0
dseg:0DF6               db    0
dseg:0DF7               db    0
dseg:0DF8               db    0
dseg:0DF9               db    0
dseg:0DFA               db    0
dseg:0DFB               db    0
dseg:0DFC               db    0
dseg:0DFD               db    0
dseg:0DFE               db    0
dseg:0DFF               db    0
dseg:0E00               db    0
dseg:0E01               db    0
dseg:0E02               db    0
dseg:0E03               db    0
dseg:0E04               db    0
dseg:0E05               db    0
dseg:0E06               db    0
dseg:0E07               db    0
dseg:0E08               db    0
dseg:0E09               db    0
dseg:0E0A               db    0
dseg:0E0B               db    0
dseg:0E0C               db    0
dseg:0E0D               db    0
dseg:0E0E               db    0
dseg:0E0F               db    0
dseg:0E10               db    0
dseg:0E11               db    0
dseg:0E12               db    0
dseg:0E13               db    0
dseg:0E14               db    0
dseg:0E15               db    0
dseg:0E16               db    0
dseg:0E17               db    0
dseg:0E18               db    0
dseg:0E19               db    0
dseg:0E1A               db    0
dseg:0E1B               db    0
dseg:0E1C               db    0
dseg:0E1D               db    0
dseg:0E1E               db    0
dseg:0E1F               db    0
dseg:0E20               db    0
dseg:0E21               db    0
dseg:0E22               db    0
dseg:0E23               db    0
dseg:0E24               db    0
dseg:0E25               db    0
dseg:0E26               db    0
dseg:0E27               db    0
dseg:0E28               db    0
dseg:0E29               db    0
dseg:0E2A               db    0
dseg:0E2B               db    0
dseg:0E2C               db    0
dseg:0E2D               db    0
dseg:0E2E               db    0
dseg:0E2F               db    0
dseg:0E30               db    0
dseg:0E31               db    0
dseg:0E32               db    0
dseg:0E33               db    0
dseg:0E34               db    0
dseg:0E35               db    0
dseg:0E36               db    0
dseg:0E37               db    0
dseg:0E38               db    0
dseg:0E39               db    0
dseg:0E3A               db    0
dseg:0E3B               db    0
dseg:0E3C               db    0
dseg:0E3D               db    0
dseg:0E3E               db    0
dseg:0E3F               db    0
dseg:0E40               db    0
dseg:0E41               db    0
dseg:0E42               db    0
dseg:0E43               db    0
dseg:0E44               db    0
dseg:0E45               db    0
dseg:0E46               db    0
dseg:0E47               db    0
dseg:0E48               db    0
dseg:0E49               db    0
dseg:0E4A               db    0
dseg:0E4B               db    0
dseg:0E4C               db    0
dseg:0E4D               db    0
dseg:0E4E               db    0
dseg:0E4F               db    0
dseg:0E50               db  3Ah ; :
dseg:0E51               db  46h ; F
dseg:0E52               db  69h ; i
dseg:0E53               db  6Ch ; l
dseg:0E54               db  65h ; e
dseg:0E55               db  20h ;  
dseg:0E56               db  6Eh ; n
dseg:0E57               db  6Fh ; o
dseg:0E58               db  74h ; t
dseg:0E59               db  20h ;  
dseg:0E5A               db  66h ; f
dseg:0E5B               db  6Fh ; o
dseg:0E5C               db  75h ; u
dseg:0E5D               db  6Eh ; n
dseg:0E5E               db  64h ; d
dseg:0E5F               db  24h ; $
dseg:0E60               db  3Ah ; :
dseg:0E61               db  4Eh ; N
dseg:0E62               db  6Fh ; o
dseg:0E63               db  20h ;  
dseg:0E64               db  66h ; f
dseg:0E65               db  69h ; i
dseg:0E66               db  6Ch ; l
dseg:0E67               db  65h ; e
dseg:0E68               db  20h ;  
dseg:0E69               db  62h ; b
dseg:0E6A               db  75h ; u
dseg:0E6B               db  66h ; f
dseg:0E6C               db  66h ; f
dseg:0E6D               db  65h ; e
dseg:0E6E               db  72h ; r
dseg:0E6F               db  73h ; s
dseg:0E70               db  20h ;  
dseg:0E71               db  61h ; a
dseg:0E72               db  76h ; v
dseg:0E73               db  61h ; a
dseg:0E74               db  69h ; i
dseg:0E75               db  6Ch ; l
dseg:0E76               db  61h ; a
dseg:0E77               db  62h ; b
dseg:0E78               db  6Ch ; l
dseg:0E79               db  65h ; e
dseg:0E7A               db  24h ; $
dseg:0E7B               db  3Ah ; :
dseg:0E7C               db  4Fh ; O
dseg:0E7D               db  70h ; p
dseg:0E7E               db  65h ; e
dseg:0E7F               db  6Eh ; n
dseg:0E80               db  20h ;  
dseg:0E81               db  65h ; e
dseg:0E82               db  72h ; r
dseg:0E83               db  72h ; r
dseg:0E84               db  6Fh ; o
dseg:0E85               db  72h ; r
dseg:0E86               db  20h ;  
dseg:0E87               db  24h ; $
dseg:0E88               db  46h ; F
dseg:0E89               db  69h ; i
dseg:0E8A               db  6Ch ; l
dseg:0E8B               db  65h ; e
dseg:0E8C               db  20h ;  
dseg:0E8D               db  63h ; c
dseg:0E8E               db  6Ch ; l
dseg:0E8F               db  6Fh ; o
dseg:0E90               db  73h ; s
dseg:0E91               db  69h ; i
dseg:0E92               db  6Eh ; n
dseg:0E93               db  67h ; g
dseg:0E94               db  20h ;  
dseg:0E95               db  65h ; e
dseg:0E96               db  72h ; r
dseg:0E97               db  72h ; r
dseg:0E98               db  6Fh ; o
dseg:0E99               db  72h ; r
dseg:0E9A               db  24h ; $
dseg:0E9B               db  52h ; R
dseg:0E9C               db  65h ; e
dseg:0E9D               db  61h ; a
dseg:0E9E               db  64h ; d
dseg:0E9F               db  20h ;  
dseg:0EA0               db  65h ; e
dseg:0EA1               db  72h ; r
dseg:0EA2               db  72h ; r
dseg:0EA3               db  6Fh ; o
dseg:0EA4               db  72h ; r
dseg:0EA5               db  24h ; $
dseg:0EA6               db  57h ; W
dseg:0EA7               db  72h ; r
dseg:0EA8               db  69h ; i
dseg:0EA9               db  74h ; t
dseg:0EAA               db  65h ; e
dseg:0EAB               db  20h ;  
dseg:0EAC               db  65h ; e
dseg:0EAD               db  72h ; r
dseg:0EAE               db  72h ; r
dseg:0EAF               db  6Fh ; o
dseg:0EB0               db  72h ; r
dseg:0EB1               db  24h ; $
dseg:0EB2               db    0
dseg:0EB3               db    0
dseg:0EB4               db    0
dseg:0EB5               db    0
dseg:0EB6               db    0
dseg:0EB7               db    0
dseg:0EB8 word_13E78      db    0                 ; DATA XREF: sub_111BA:loc_11203↑w
dseg:0EB8                                         ; sub_11211:loc_1125A↑w
dseg:0EB9               db    0
dseg:0EBA word_13E7A      db    0                 ; DATA XREF: sub_1130C+8↑r
dseg:0EBA                                         ; sub_1130C+2B↑w
dseg:0EBB               db    0
dseg:0EBC word_13E7C      db    0                 ; DATA XREF: sub_12EB2+9↑w
dseg:0EBC                                         ; sub_12F1C+18↑r ...
dseg:0EBD               db    0
dseg:0EBE               db    0
dseg:0EBF               db    0
dseg:0EC0               db    0
dseg:0EC1               db    0
dseg:0EC2               db    0
dseg:0EC3               db    0
dseg:0EC4 word_13E84      db    0                 ; DATA XREF: sub_12EB2+D↑w
dseg:0EC4                                         ; sub_12F1C:loc_12F61↑r ...
dseg:0EC5               db    0
dseg:0EC6               db    0
dseg:0EC7               db    0
dseg:0EC8               db    0
dseg:0EC9               db    0
dseg:0ECA               db    0
dseg:0ECB               db    0
dseg:0ECC word_13E8C      db    0                 ; DATA XREF: sub_12EB2+5↑w
dseg:0ECC                                         ; sub_12F1C+B↑r
dseg:0ECD               db    0
dseg:0ECE               db    0
dseg:0ECF               db    0
dseg:0ED0               db    0
dseg:0ED1               db    0
dseg:0ED2               db    0
dseg:0ED3               db    0
dseg:0ED4 word_13E94      db    0                 ; DATA XREF: sub_12F1C+24↑w
dseg:0ED4                                         ; sub_12F1C+33↑r
dseg:0ED5               db    0
dseg:0ED6               db    0
dseg:0ED7               db    0
dseg:0ED8               db    0
dseg:0ED9               db    0
dseg:0EDA               db    0
dseg:0EDB               db    0
dseg:0EDC word_13E9C      db    0                 ; DATA XREF: sub_12F1C+4F↑w
dseg:0EDC                                         ; sub_12F1C+5E↑r
dseg:0EDD               db    0
dseg:0EDE               db    0
dseg:0EDF               db    0
dseg:0EE0               db    0
dseg:0EE1               db    0
dseg:0EE2               db    0
dseg:0EE3               db    0
dseg:0EE4 word_13EA4      db    0                 ; DATA XREF: sub_12EB2+1↑r
dseg:0EE4                                         ; sub_12ED4+38↑w ...
dseg:0EE5               db    0
dseg:0EE6 word_13EA6      db    0                 ; DATA XREF: sub_12ED4+3C↑w
dseg:0EE7               db    0
dseg:0EE8               db    0
dseg:0EE9               db    0
dseg:0EEA               db    0
dseg:0EEB               db    0
dseg:0EEC byte_13EAC      db    0                 ; DATA XREF: sub_102FC+3C5↑w
dseg:0EEC                                         ; sub_12F1C+3D↑w ...
dseg:0EED byte_13EAD      db    0                 ; DATA XREF: sub_102FC+3C2↑w
dseg:0EEE               db    0
dseg:0EEF               db    0
dseg:0EF0 byte_13EB0      db    0                 ; DATA XREF: sub_113F0+79↑w
dseg:0EF1 byte_13EB1      db    0                 ; DATA XREF: sub_108DE+A↑r
dseg:0EF1                                         ; sub_113B2+38↑w ...
dseg:0EF2 word_13EB2      db    0                 ; DATA XREF: sub_113B2+C↑w
dseg:0EF2                                         ; sub_113F0+61↑w ...
dseg:0EF3               db    0
dseg:0EF4 word_13EB4      db    0                 ; DATA XREF: sub_113B2+12↑w
dseg:0EF4                                         ; sub_113F0+65↑w ...
dseg:0EF5               db    0
dseg:0EF6 word_13EB6      db    0                 ; DATA XREF: sub_113F0+30↑w
dseg:0EF6                                         ; sub_113F0+42↑w ...
dseg:0EF7               db    0
dseg:0EF8 word_13EB8      db    0                 ; DATA XREF: sub_113F0+5E↑r
dseg:0EF8                                         ; sub_114A5:loc_114D8↑r ...
dseg:0EF9               db    0
dseg:0EFA word_13EBA      db    0                 ; DATA XREF: sub_114A5+55↑w
dseg:0EFB               db    0
dseg:0EFC word_13EBC      db    0                 ; DATA XREF: sub_113B2+0↑w
dseg:0EFC                                         ; sub_113F0+25↑w ...
dseg:0EFD               db    0
dseg:0EFE byte_13EBE      db    0                 ; DATA XREF: sub_113F0+33↑w
dseg:0EFE                                         ; sub_113F0+45↑w ...
dseg:0EFF word_13EBF      db    0                 ; DATA XREF: sub_113F0+21↑r
dseg:0EFF                                         ; sub_11514:loc_11583↑w
dseg:0F00               db    0
dseg:0F01 word_13EC1      db    0                 ; DATA XREF: sub_113F0+29↑r
dseg:0F01                                         ; sub_113F0+3F↑r ...
dseg:0F02               db    0
dseg:0F03 word_13EC3      db    0                 ; DATA XREF: sub_11514+9↑w
dseg:0F03                                         ; sub_11514+1F↑w ...
dseg:0F04               db    0
dseg:0F05 byte_13EC5      db    0                 ; DATA XREF: sub_114A5+B↑r
dseg:0F05                                         ; sub_114A5+2B↑w ...
dseg:0F06 word_13EC6      db    0                 ; DATA XREF: sub_113B2+6↑w
dseg:0F06                                         ; sub_113F0+6A↑w ...
dseg:0F07               db    0
dseg:0F08 word_13EC8      db    0                 ; DATA XREF: sub_114A5+5B↑w
dseg:0F09               db    0
dseg:0F0A               db    0
dseg:0F0B               db    0
dseg:0F0C word_13ECC      db    0                 ; DATA XREF: sub_122FC+8↑r
dseg:0F0C                                         ; sub_122FC+30↑w ...
dseg:0F0D               db    0
dseg:0F0E               db    0
dseg:0F0F               db    0
dseg:0F10 word_13ED0      db  95h                 ; DATA XREF: sub_118FB+BB↑r
dseg:0F11               db  1Ah
dseg:0F12 word_13ED2      db    0                 ; DATA XREF: sub_122FC+2↑r
dseg:0F12                                         ; sub_122FC+34↑r ...
dseg:0F13               db    0
dseg:0F14               db 0FCh
dseg:0F15               db    2
dseg:0F16               db    0
dseg:0F17               db    0
dseg:0F18               db    0
dseg:0F19               db    0
dseg:0F1A               db    0
dseg:0F1B               db    0
dseg:0F1C               db    0
dseg:0F1D               db    0
dseg:0F1E               db    0
dseg:0F1F               db    0
dseg:0F20               db    0
dseg:0F21               db    0
dseg:0F22               db    0
dseg:0F23               db    0
dseg:0F24               db    0
dseg:0F25               db    0
dseg:0F26               db    0
dseg:0F27               db    0
dseg:0F28               db    0
dseg:0F29               db    0
dseg:0F2A               db    0
dseg:0F2B               db    0
dseg:0F2C               db    0
dseg:0F2D               db    0
dseg:0F2E               db    0
dseg:0F2F               db    0
dseg:0F30               db    0
dseg:0F31               db    0
dseg:0F32               db    0
dseg:0F33               db    0
dseg:0F34               db    0
dseg:0F35               db    0
dseg:0F36               db    0
dseg:0F37               db    0
dseg:0F38               db    0
dseg:0F39               db    0
dseg:0F3A               db    0
dseg:0F3B               db    0
dseg:0F3C               db    0
dseg:0F3D               db    0
dseg:0F3E               db    0
dseg:0F3F               db    0
dseg:0F40               db    0
dseg:0F41               db    0
dseg:0F42               db    0
dseg:0F43               db    0
dseg:0F44               db    0
dseg:0F45               db    0
dseg:0F46               db    0
dseg:0F47               db    0
dseg:0F48               db    0
dseg:0F49               db    0
dseg:0F4A               db    0
dseg:0F4B               db    0
dseg:0F4C               db    0
dseg:0F4D               db    0
dseg:0F4E               db    0
dseg:0F4F               db    0
dseg:0F50               db    0
dseg:0F51               db    0
dseg:0F52               db    0
dseg:0F53               db    0
dseg:0F54               db    0
dseg:0F55               db    0
dseg:0F56               db    0
dseg:0F57               db    0
dseg:0F58               db    0
dseg:0F59               db    0
dseg:0F5A               db    0
dseg:0F5B               db    0
dseg:0F5C               db    0
dseg:0F5D               db    0
dseg:0F5E               db    0
dseg:0F5F               db    0
dseg:0F60               db    0
dseg:0F61               db    0
dseg:0F62 word_13F22      db  12h                 ; DATA XREF: sub_12872:loc_12891↑r
dseg:0F62                                         ; sub_12872+61↑w
dseg:0F63               db  0Fh
dseg:0F64               db  3Bh ; ;
dseg:0F65               db  43h ; C
dseg:0F66               db  5Fh ; _
dseg:0F67               db  46h ; F
dseg:0F68               db  49h ; I
dseg:0F69               db  4Ch ; L
dseg:0F6A               db  45h ; E
dseg:0F6B               db  5Fh ; _
dseg:0F6C               db  49h ; I
dseg:0F6D               db  4Eh ; N
dseg:0F6E               db  46h ; F
dseg:0F6F               db  4Fh ; O
dseg:0F70               db    0
dseg:0F71 word_13F31      db    0                 ; DATA XREF: sub_119BA+C↑w
dseg:0F71                                         ; sub_11ADA+E↑r
dseg:0F72               db    0
dseg:0F73 seg_13F33       db    0                 ; DATA XREF: sub_119BA+10↑w
dseg:0F74               db    0
dseg:0F75               db    0
dseg:0F76               db    0
dseg:0F77               db    0
dseg:0F78               db    0
dseg:0F79               db    0
dseg:0F7A               db    0
dseg:0F7B               db    0
dseg:0F7C               db    0
dseg:0F7D word_13F3D      db    0                 ; DATA XREF: sub_12364+26↑w
dseg:0F7E               db    0
dseg:0F7F word_13F3F      db    0                 ; DATA XREF: cXENIXtoDOSmode+0↑r
dseg:0F80               db    0
dseg:0F81               db    0
dseg:0F82               db    0
dseg:0F83 seg_13F43       db    0                 ; DATA XREF: sub_119BA+26↑r
dseg:0F83                                         ; sub_119BA:loc_11A0E↑r ...
dseg:0F84               db    0
dseg:0F85 word_13F45      db    0                 ; DATA XREF: sub_119BA+4↑w
dseg:0F85                                         ; sub_11DC0+7↑r ...
dseg:0F86               db    0
dseg:0F87               db    0
dseg:0F88 byte_13F48      db    0                 ; DATA XREF: sub_12364+0↑w
dseg:0F89               db    0
dseg:0F8A word_13F4A      db  14h                 ; DATA XREF: sub_121DE+6↑r
dseg:0F8A                                         ; open:loc_12501↑r ...
dseg:0F8B               db    0
dseg:0F8C byte_13F4C      db  81h                 ; DATA XREF: sub_119BA:loc_11A52↑w
dseg:0F8C                                         ; sub_119BA+A9↑w ...
dseg:0F8D               db  81h
dseg:0F8E               db  81h
dseg:0F8F               db    1
dseg:0F90               db    1
dseg:0F91               db    0
dseg:0F92               db    0
dseg:0F93               db    0
dseg:0F94               db    0
dseg:0F95               db    0
dseg:0F96               db    0
dseg:0F97               db    0
dseg:0F98               db    0
dseg:0F99               db    0
dseg:0F9A               db    0
dseg:0F9B               db    0
dseg:0F9C               db    0
dseg:0F9D               db    0
dseg:0F9E               db    0
dseg:0F9F               db    0
dseg:0FA0 word_13F60      db    0                 ; DATA XREF: sub_118FB+96↑r
dseg:0FA0                                         ; sub_11DC0+BE↑w
dseg:0FA1               db    0
dseg:0FA2 word_13F62      db    0                 ; DATA XREF: sub_118FB+92↑r
dseg:0FA2                                         ; sub_11DC0+D0↑w
dseg:0FA3               db    0
dseg:0FA4 word_13F64      db    0                 ; DATA XREF: sub_118FB+8E↑r
dseg:0FA4                                         ; $CIRTWO+28↑w
dseg:0FA5               db    0
dseg:0FA6 word_13F66      db 0AAh                 ; DATA XREF: sub_11DC0+29↑w
dseg:0FA6                                         ; sub_11DC0+DE↑r
dseg:0FA7               db  0Fh
dseg:0FA8 seg_13F68       db 0FCh                 ; DATA XREF: sub_11DC0+16↑w
dseg:0FA9               db    2
dseg:0FAA               db  43h ; C
dseg:0FAB               db    0
dseg:0FAC               db    0
dseg:0FAD               db    0
dseg:0FAE byte_13F6E      db    0                 ; DATA XREF: sub_11ADA+18↑r
dseg:0FAF byte_13F6F      db    0                 ; DATA XREF: sub_11ADA+20↑r
dseg:0FB0 word_13F70      db    0                 ; DATA XREF: sub_11ADA+23↑r
dseg:0FB1               db    0
dseg:0FB2               db    0
dseg:0FB3               db    0
dseg:0FB4               db  5Ch ; \
dseg:0FB5               db    0
dseg:0FB6               db  5Ch ; \
dseg:0FB7               db    0
dseg:0FB8 word_13F78      db    1                 ; DATA XREF: sub_11C3C+6↑w
dseg:0FB8                                         ; sub_11C4E+C↑r ...
dseg:0FB9               db    0
dseg:0FBA word_13F7A      db    0                 ; DATA XREF: sub_11C3C+9↑w
dseg:0FBA                                         ; sub_11C4E+8↑r ...
dseg:0FBB               db    0
dseg:0FBC word_13F7C      db    0                 ; DATA XREF: sub_11D78+A↑r
dseg:0FBC                                         ; sub_11D78+11↑r
dseg:0FBD               db    0
dseg:0FBE word_13F7E      db    0                 ; DATA XREF: sub_11DC0+0↑w
dseg:0FBE                                         ; sub_11DC0+18A↑r
dseg:0FBF               db    0
dseg:0FC0               db  16h
dseg:0FC1               db  14h
dseg:0FC2               db    0
dseg:0FC3               db    0
dseg:0FC4               db  16h
dseg:0FC5               db  14h
dseg:0FC6               db    1
dseg:0FC7               db    0
dseg:0FC8               db    0
dseg:0FC9               db    0
dseg:0FCA               db    0
dseg:0FCB               db    0
dseg:0FCC               db    0
dseg:0FCD               db    0
dseg:0FCE               db    2
dseg:0FCF               db    1
dseg:0FD0               db    0
dseg:0FD1               db    0
dseg:0FD2               db    0
dseg:0FD3               db    0
dseg:0FD4               db    0
dseg:0FD5               db    0
dseg:0FD6               db    2
dseg:0FD7               db    2
dseg:0FD8               db    0
dseg:0FD9               db    0
dseg:0FDA               db    0
dseg:0FDB               db    0
dseg:0FDC               db    0
dseg:0FDD               db    0
dseg:0FDE               db  84h
dseg:0FDF               db    3
dseg:0FE0               db    0
dseg:0FE1               db    0
dseg:0FE2               db    0
dseg:0FE3               db    0
dseg:0FE4               db    0
dseg:0FE5               db    0
dseg:0FE6               db    2
dseg:0FE7               db    4
dseg:0FE8               db    0
dseg:0FE9               db    0
dseg:0FEA               db    0
dseg:0FEB               db    0
dseg:0FEC               db    0
dseg:0FED               db    0
dseg:0FEE               db    0
dseg:0FEF               db    0
dseg:0FF0               db    0
dseg:0FF1               db    0
dseg:0FF2               db    0
dseg:0FF3               db    0
dseg:0FF4               db    0
dseg:0FF5               db    0
dseg:0FF6               db    0
dseg:0FF7               db    0
dseg:0FF8               db    0
dseg:0FF9               db    0
dseg:0FFA               db    0
dseg:0FFB               db    0
dseg:0FFC               db    0
dseg:0FFD               db    0
dseg:0FFE               db    0
dseg:0FFF               db    0
dseg:1000               db    0
dseg:1001               db    0
dseg:1002               db    0
dseg:1003               db    0
dseg:1004               db    0
dseg:1005               db    0
dseg:1006               db    0
dseg:1007               db    0
dseg:1008               db    0
dseg:1009               db    0
dseg:100A               db    0
dseg:100B               db    0
dseg:100C               db    0
dseg:100D               db    0
dseg:100E               db    0
dseg:100F               db    0
dseg:1010               db    0
dseg:1011               db    0
dseg:1012               db    0
dseg:1013               db    0
dseg:1014               db    0
dseg:1015               db    0
dseg:1016               db    0
dseg:1017               db    0
dseg:1018               db    0
dseg:1019               db    0
dseg:101A               db    0
dseg:101B               db    0
dseg:101C               db    0
dseg:101D               db    0
dseg:101E               db    0
dseg:101F               db    0
dseg:1020               db    0
dseg:1021               db    0
dseg:1022               db    0
dseg:1023               db    0
dseg:1024               db    0
dseg:1025               db    0
dseg:1026               db    0
dseg:1027               db    0
dseg:1028               db    0
dseg:1029               db    0
dseg:102A               db    0
dseg:102B               db    0
dseg:102C               db    0
dseg:102D               db    0
dseg:102E               db    0
dseg:102F               db    0
dseg:1030               db    0
dseg:1031               db    0
dseg:1032               db    0
dseg:1033               db    0
dseg:1034               db    0
dseg:1035               db    0
dseg:1036               db    0
dseg:1037               db    0
dseg:1038               db    0
dseg:1039               db    0
dseg:103A               db    0
dseg:103B               db    0
dseg:103C               db    0
dseg:103D               db    0
dseg:103E               db    0
dseg:103F               db    0
dseg:1040               db    0
dseg:1041               db    0
dseg:1042               db    0
dseg:1043               db    0
dseg:1044               db    0
dseg:1045               db    0
dseg:1046               db    0
dseg:1047               db    0
dseg:1048               db    0
dseg:1049               db    0
dseg:104A               db    0
dseg:104B               db    0
dseg:104C               db    0
dseg:104D               db    0
dseg:104E               db    0
dseg:104F               db    0
dseg:1050               db    0
dseg:1051               db    0
dseg:1052               db    0
dseg:1053               db    0
dseg:1054               db    0
dseg:1055               db    0
dseg:1056               db    0
dseg:1057               db    0
dseg:1058               db    0
dseg:1059               db    0
dseg:105A               db    0
dseg:105B               db    0
dseg:105C               db    0
dseg:105D               db    0
dseg:105E               db    0
dseg:105F               db    0
dseg:1060 byte_14020      db    1                 ; DATA XREF: sub_12136+2E↑r
dseg:1061               db    0
dseg:1062               db    0
dseg:1063               db    2
dseg:1064 word_14024      db    0                 ; DATA XREF: sub_11B16+4F↑r
dseg:1065               db    0
dseg:1066               db    0
dseg:1067               db    0
dseg:1068               db    0
dseg:1069               db    0
dseg:106A               db    0
dseg:106B               db    0
dseg:106C               db    0
dseg:106D               db    0
dseg:106E               db    0
dseg:106F               db    0
dseg:1070               db    0
dseg:1071               db    0
dseg:1072               db    0
dseg:1073               db    0
dseg:1074               db    0
dseg:1075               db    0
dseg:1076               db    0
dseg:1077               db    0
dseg:1078               db    0
dseg:1079               db    0
dseg:107A               db    0
dseg:107B               db    0
dseg:107C               db    0
dseg:107D               db    0
dseg:107E               db    0
dseg:107F               db    0
dseg:1080               db    0
dseg:1081               db    0
dseg:1082               db    0
dseg:1083               db    0
dseg:1084               db    0
dseg:1085               db    0
dseg:1086               db    0
dseg:1087               db    0
dseg:1088               db    0
dseg:1089               db    0
dseg:108A               db    0
dseg:108B               db    0
dseg:108C               db    0
dseg:108D               db    0
dseg:108E               db    0
dseg:108F               db    0
dseg:1090               db    0
dseg:1091               db    0
dseg:1092               db    0
dseg:1093               db    0
dseg:1094               db    0
dseg:1095               db    0
dseg:1096               db    0
dseg:1097               db    0
dseg:1098               db    0
dseg:1099               db    0
dseg:109A               db    0
dseg:109B               db    0
dseg:109C               db    0
dseg:109D               db    0
dseg:109E               db    0
dseg:109F               db    0
dseg:10A0               db    0
dseg:10A1               db    0
dseg:10A2               db    0
dseg:10A3               db    0
dseg:10A4               db    0
dseg:10A5               db    0
dseg:10A6               db    0
dseg:10A7               db    0
dseg:10A8               db    0
dseg:10A9               db    0
dseg:10AA               db    0
dseg:10AB               db    0
dseg:10AC               db    0
dseg:10AD               db    0
dseg:10AE               db    0
dseg:10AF               db    0
dseg:10B0               db    0
dseg:10B1               db    0
dseg:10B2               db    0
dseg:10B3               db    0
dseg:10B4               db    0
dseg:10B5               db    0
dseg:10B6               db    0
dseg:10B7               db    0
dseg:10B8               db    0
dseg:10B9               db    0
dseg:10BA               db    0
dseg:10BB               db    0
dseg:10BC               db    0
dseg:10BD               db    0
dseg:10BE               db    0
dseg:10BF               db    0
dseg:10C0               db    0
dseg:10C1               db    0
dseg:10C2               db    0
dseg:10C3               db    0
dseg:10C4               db    0
dseg:10C5               db    0
dseg:10C6               db    0
dseg:10C7               db    0
dseg:10C8               db    0
dseg:10C9               db    0
dseg:10CA               db    0
dseg:10CB               db    0
dseg:10CC               db    0
dseg:10CD               db    0
dseg:10CE               db    0
dseg:10CF               db    0
dseg:10D0               db    0
dseg:10D1               db    0
dseg:10D2               db    0
dseg:10D3               db    0
dseg:10D4               db    0
dseg:10D5               db    0
dseg:10D6               db    0
dseg:10D7               db    0
dseg:10D8 word_14098      db  58h ; X             ; DATA XREF: sub_121A4+A↑r
dseg:10D8                                         ; sub_1265E:loc_126DA↑r
dseg:10D9               db  10h
dseg:10DA               db    0
dseg:10DB               db  16h
dseg:10DC               db    2
dseg:10DD               db    2
dseg:10DE               db  18h
dseg:10DF               db  0Dh
dseg:10E0               db    9
dseg:10E1               db  0Ch
dseg:10E2               db  0Ch
dseg:10E3               db  0Ch
dseg:10E4               db    7
dseg:10E5               db    8
dseg:10E6               db  16h
dseg:10E7               db  16h
dseg:10E8               db 0FFh
dseg:10E9               db  12h
dseg:10EA               db  0Dh
dseg:10EB               db  12h
dseg:10EC               db    2
dseg:10ED               db 0FFh
dseg:10EE word_140AE      db    0                 ; DATA XREF: sub_1203E+B8↑w
dseg:10EF               db    0
dseg:10F0 word_140B0      db    0                 ; DATA XREF: sub_1265E+31↑w
dseg:10F1               db    0
dseg:10F2 word_140B2      db    0                 ; DATA XREF: sub_1265E+34↑w
dseg:10F3               db    0
dseg:10F4               db    0
dseg:10F5               db    0
dseg:10F6 word_140B6      db    0                 ; DATA XREF: sub_1265E+44↑w
dseg:10F7               db    0
dseg:10F8               db    0
dseg:10F9               db    0
dseg:10FA               db    0
dseg:10FB byte_140BB      db    0                 ; DATA XREF: open+1E↑r
dseg:10FC               db    0
dseg:10FD               db    0
dseg:10FE               db    0
dseg:10FF               db    0
dseg:1100               db    0
dseg:1101               db    0
dseg:1102               db    0
dseg:1103               db  20h ;  
dseg:1104               db    0
dseg:1105               db    0
dseg:1106               db    0
dseg:1107               db    0
dseg:1108 word_140C8      db  20h ;               ; DATA XREF: sub_126E8+1↑r
dseg:1108                                         ; amallocbrk+27↑r
dseg:1109               db  19h
dseg:110A               db    0
dseg:110B               db    0
dseg:110C dword_140CC     db    0                 ; DATA XREF: sub_11ADA+9↑r
dseg:110D               db    0
dseg:110E word_140CE      db    0                 ; DATA XREF: sub_119BA+20↑r
dseg:110E                                         ; sub_11ADA+0↑r
dseg:110F               db    0
dseg:1110 word_140D0      db    0                 ; DATA XREF: sub_119BA+2F↑r
dseg:1111               db    0
dseg:1112               db    0
dseg:1113               db    0
dseg:1114               db    0
dseg:1115               db    0
dseg:1116               db    0
dseg:1117               db    0
dseg:1118               db 0B6h
dseg:1119               db  26h ; &
dseg:111A               db  3Ch ; <
dseg:111B               db  3Ch ; <
dseg:111C               db  4Eh ; N
dseg:111D               db  4Dh ; M
dseg:111E               db  53h ; S
dseg:111F               db  47h ; G
dseg:1120               db  3Eh ; >
dseg:1121               db  3Eh ; >
dseg:1122               db    0
dseg:1123               db    0
dseg:1124               db  52h ; R
dseg:1125               db  36h ; 6
dseg:1126               db  30h ; 0
dseg:1127               db  30h ; 0
dseg:1128               db  30h ; 0
dseg:1129               db  0Dh
dseg:112A               db  0Ah
dseg:112B               db  2Dh ; -
dseg:112C               db  20h ;  
dseg:112D               db  73h ; s
dseg:112E               db  74h ; t
dseg:112F               db  61h ; a
dseg:1130               db  63h ; c
dseg:1131               db  6Bh ; k
dseg:1132               db  20h ;  
dseg:1133               db  6Fh ; o
dseg:1134               db  76h ; v
dseg:1135               db  65h ; e
dseg:1136               db  72h ; r
dseg:1137               db  66h ; f
dseg:1138               db  6Ch ; l
dseg:1139               db  6Fh ; o
dseg:113A               db  77h ; w
dseg:113B               db  0Dh
dseg:113C               db  0Ah
dseg:113D               db    0
dseg:113E               db    3
dseg:113F               db    0
dseg:1140               db  52h ; R
dseg:1141               db  36h ; 6
dseg:1142               db  30h ; 0
dseg:1143               db  30h ; 0
dseg:1144               db  33h ; 3
dseg:1145               db  0Dh
dseg:1146               db  0Ah
dseg:1147               db  2Dh ; -
dseg:1148               db  20h ;  
dseg:1149               db  69h ; i
dseg:114A               db  6Eh ; n
dseg:114B               db  74h ; t
dseg:114C               db  65h ; e
dseg:114D               db  67h ; g
dseg:114E               db  65h ; e
dseg:114F               db  72h ; r
dseg:1150               db  20h ;  
dseg:1151               db  64h ; d
dseg:1152               db  69h ; i
dseg:1153               db  76h ; v
dseg:1154               db  69h ; i
dseg:1155               db  64h ; d
dseg:1156               db  65h ; e
dseg:1157               db  20h ;  
dseg:1158               db  62h ; b
dseg:1159               db  79h ; y
dseg:115A               db  20h ;  
dseg:115B               db  30h ; 0
dseg:115C               db  0Dh
dseg:115D               db  0Ah
dseg:115E               db    0
dseg:115F               db    9
dseg:1160               db    0
dseg:1161               db  52h ; R
dseg:1162               db  36h ; 6
dseg:1163               db  30h ; 0
dseg:1164               db  30h ; 0
dseg:1165               db  39h ; 9
dseg:1166               db  0Dh
dseg:1167               db  0Ah
dseg:1168               db  2Dh ; -
dseg:1169               db  20h ;  
dseg:116A               db  6Eh ; n
dseg:116B               db  6Fh ; o
dseg:116C               db  74h ; t
dseg:116D               db  20h ;  
dseg:116E               db  65h ; e
dseg:116F               db  6Eh ; n
dseg:1170               db  6Fh ; o
dseg:1171               db  75h ; u
dseg:1172               db  67h ; g
dseg:1173               db  68h ; h
dseg:1174               db  20h ;  
dseg:1175               db  73h ; s
dseg:1176               db  70h ; p
dseg:1177               db  61h ; a
dseg:1178               db  63h ; c
dseg:1179               db  65h ; e
dseg:117A               db  20h ;  
dseg:117B               db  66h ; f
dseg:117C               db  6Fh ; o
dseg:117D               db  72h ; r
dseg:117E               db  20h ;  
dseg:117F               db  65h ; e
dseg:1180               db  6Eh ; n
dseg:1181               db  76h ; v
dseg:1182               db  69h ; i
dseg:1183               db  72h ; r
dseg:1184               db  6Fh ; o
dseg:1185               db  6Eh ; n
dseg:1186               db  6Dh ; m
dseg:1187               db  65h ; e
dseg:1188               db  6Eh ; n
dseg:1189               db  74h ; t
dseg:118A               db  0Dh
dseg:118B               db  0Ah
dseg:118C               db    0
dseg:118D               db 0FCh
dseg:118E               db    0
dseg:118F               db  0Dh
dseg:1190               db  0Ah
dseg:1191               db    0
dseg:1192               db 0FFh
dseg:1193               db    0
dseg:1194               db  72h ; r
dseg:1195               db  75h ; u
dseg:1196               db  6Eh ; n
dseg:1197               db  2Dh ; -
dseg:1198               db  74h ; t
dseg:1199               db  69h ; i
dseg:119A               db  6Dh ; m
dseg:119B               db  65h ; e
dseg:119C               db  20h ;  
dseg:119D               db  65h ; e
dseg:119E               db  72h ; r
dseg:119F               db  72h ; r
dseg:11A0               db  6Fh ; o
dseg:11A1               db  72h ; r
dseg:11A2               db  20h ;  
dseg:11A3               db    0
dseg:11A4               db    2
dseg:11A5               db    0
dseg:11A6               db  52h ; R
dseg:11A7               db  36h ; 6
dseg:11A8               db  30h ; 0
dseg:11A9               db  30h ; 0
dseg:11AA               db  32h ; 2
dseg:11AB               db  0Dh
dseg:11AC               db  0Ah
dseg:11AD               db  2Dh ; -
dseg:11AE               db  20h ;  
dseg:11AF               db  66h ; f
dseg:11B0               db  6Ch ; l
dseg:11B1               db  6Fh ; o
dseg:11B2               db  61h ; a
dseg:11B3               db  74h ; t
dseg:11B4               db  69h ; i
dseg:11B5               db  6Eh ; n
dseg:11B6               db  67h ; g
dseg:11B7               db  20h ;  
dseg:11B8               db  70h ; p
dseg:11B9               db  6Fh ; o
dseg:11BA               db  69h ; i
dseg:11BB               db  6Eh ; n
dseg:11BC               db  74h ; t
dseg:11BD               db  20h ;  
dseg:11BE               db  6Eh ; n
dseg:11BF               db  6Fh ; o
dseg:11C0               db  74h ; t
dseg:11C1               db  20h ;  
dseg:11C2               db  6Ch ; l
dseg:11C3               db  6Fh ; o
dseg:11C4               db  61h ; a
dseg:11C5               db  64h ; d
dseg:11C6               db  65h ; e
dseg:11C7               db  64h ; d
dseg:11C8               db  0Dh
dseg:11C9               db  0Ah
dseg:11CA               db    0
dseg:11CB               db    1
dseg:11CC               db    0
dseg:11CD               db  52h ; R
dseg:11CE               db  36h ; 6
dseg:11CF               db  30h ; 0
dseg:11D0               db  30h ; 0
dseg:11D1               db  31h ; 1
dseg:11D2               db  0Dh
dseg:11D3               db  0Ah
dseg:11D4               db  2Dh ; -
dseg:11D5               db  20h ;  
dseg:11D6               db  6Eh ; n
dseg:11D7               db  75h ; u
dseg:11D8               db  6Ch ; l
dseg:11D9               db  6Ch ; l
dseg:11DA               db  20h ;  
dseg:11DB               db  70h ; p
dseg:11DC               db  6Fh ; o
dseg:11DD               db  69h ; i
dseg:11DE               db  6Eh ; n
dseg:11DF               db  74h ; t
dseg:11E0               db  65h ; e
dseg:11E1               db  72h ; r
dseg:11E2               db  20h ;  
dseg:11E3               db  61h ; a
dseg:11E4               db  73h ; s
dseg:11E5               db  73h ; s
dseg:11E6               db  69h ; i
dseg:11E7               db  67h ; g
dseg:11E8               db  6Eh ; n
dseg:11E9               db  6Dh ; m
dseg:11EA               db  65h ; e
dseg:11EB               db  6Eh ; n
dseg:11EC               db  74h ; t
dseg:11ED               db  0Dh
dseg:11EE               db  0Ah
dseg:11EF               db    0
dseg:11F0               db 0FFh
dseg:11F1               db 0FFh
dseg:11F2               db 0FFh
dseg:11F3               db ?
dseg:11F4 word_141B4      db ?                    ; DATA XREF: sub_10010+44↑w
dseg:11F5 byte_141B5      db ?                    ; DATA XREF: sub_108FC+3↑w
dseg:11F6               db ?
dseg:11F7 byte_141B7      db ?                    ; DATA XREF: sub_108FC+8↑w
dseg:11F8               db ?
dseg:11F9               db ?
dseg:11FA byte_141BA      db ?                    ; DATA XREF: sub_108FC+16↑w
dseg:11FB byte_141BB      db ?                    ; DATA XREF: sub_108FC+10↑w
dseg:11FC               db ?
dseg:11FD               db ?
dseg:11FE               db ?
dseg:11FF               db ?
dseg:1200               db ?
dseg:1201               db ?
dseg:1202               db ?
dseg:1203               db ?
dseg:1204               db ?
dseg:1205               db ?
dseg:1206               db ?
dseg:1207               db ?
dseg:1208               db ?
dseg:1209               db ?
dseg:120A               db ?
dseg:120B               db ?
dseg:120C               db ?
dseg:120D               db ?
dseg:120E               db ?
dseg:120F               db ?
dseg:1210 word_141D0      db ?                    ; DATA XREF: sub_10010+27↑w
dseg:1211               db ?
dseg:1212 word_141D2      db ?                    ; DATA XREF: sub_10010+24↑w
dseg:1213               db ?
dseg:1214               db ?
dseg:1215               db ?
dseg:1216               db ?
dseg:1217               db ?
dseg:1218               db ?
dseg:1219               db ?
dseg:121A               db ?
dseg:121B               db ?
dseg:121C               db ?
dseg:121D               db ?
dseg:121E               db ?
dseg:121F               db ?
dseg:1220               db ?
dseg:1221               db ?
dseg:1222               db ?
dseg:1223               db ?
dseg:1224               db ?
dseg:1225               db ?
dseg:1226               db ?
dseg:1227               db ?
dseg:1228               db ?
dseg:1229               db ?
dseg:122A               db ?
dseg:122B               db ?
dseg:122C               db ?
dseg:122D               db ?
dseg:122E               db ?
dseg:122F               db ?
dseg:1230               db ?
dseg:1231               db ?
dseg:1232               db ?
dseg:1233               db ?
dseg:1234               db ?
dseg:1235               db ?
dseg:1236               db ?
dseg:1237               db ?
dseg:1238               db ?
dseg:1239               db ?
dseg:123A               db ?
dseg:123B               db ?
dseg:123C               db ?
dseg:123D               db ?
dseg:123E               db ?
dseg:123F               db ?
dseg:1240               db ?
dseg:1241               db ?
dseg:1242               db ?
dseg:1243               db ?
dseg:1244               db ?
dseg:1245               db ?
dseg:1246               db ?
dseg:1247               db ?
dseg:1248               db ?
dseg:1249               db ?
dseg:124A               db ?
dseg:124B               db ?
dseg:124C               db ?
dseg:124D               db ?
dseg:124E               db ?
dseg:124F               db ?
dseg:1250               db ?
dseg:1251               db ?
dseg:1252               db ?
dseg:1253               db ?
dseg:1254               db ?
dseg:1255               db ?
dseg:1256               db ?
dseg:1257               db ?
dseg:1258               db ?
dseg:1259               db ?
dseg:125A               db ?
dseg:125B               db ?
dseg:125C               db ?
dseg:125D               db ?
dseg:125E               db ?
dseg:125F               db ?
dseg:1260               db ?
dseg:1261               db ?
dseg:1262               db ?
dseg:1263               db ?
dseg:1264               db ?
dseg:1265               db ?
dseg:1266               db ?
dseg:1267               db ?
dseg:1268               db ?
dseg:1269               db ?
dseg:126A               db ?
dseg:126B               db ?
dseg:126C               db ?
dseg:126D               db ?
dseg:126E               db ?
dseg:126F               db ?
dseg:1270               db ?
dseg:1271               db ?
dseg:1272               db ?
dseg:1273               db ?
dseg:1274               db ?
dseg:1275               db ?
dseg:1276               db ?
dseg:1277               db ?
dseg:1278               db ?
dseg:1279               db ?
dseg:127A               db ?
dseg:127B               db ?
dseg:127C               db ?
dseg:127D               db ?
dseg:127E               db ?
dseg:127F               db ?
dseg:1280               db ?
dseg:1281               db ?
dseg:1282               db ?
dseg:1283               db ?
dseg:1284               db ?
dseg:1285               db ?
dseg:1286               db ?
dseg:1287               db ?
dseg:1288               db ?
dseg:1289               db ?
dseg:128A               db ?
dseg:128B               db ?
dseg:128C               db ?
dseg:128D               db ?
dseg:128E               db ?
dseg:128F               db ?
dseg:1290               db ?
dseg:1291               db ?
dseg:1292               db ?
dseg:1293               db ?
dseg:1294               db ?
dseg:1295               db ?
dseg:1296               db ?
dseg:1297               db ?
dseg:1298               db ?
dseg:1299               db ?
dseg:129A               db ?
dseg:129B               db ?
dseg:129C               db ?
dseg:129D               db ?
dseg:129E               db ?
dseg:129F               db ?
dseg:12A0               db ?
dseg:12A1               db ?
dseg:12A2               db ?
dseg:12A3               db ?
dseg:12A4               db ?
dseg:12A5               db ?
dseg:12A6               db ?
dseg:12A7               db ?
dseg:12A8               db ?
dseg:12A9               db ?
dseg:12AA               db ?
dseg:12AB               db ?
dseg:12AC               db ?
dseg:12AD               db ?
dseg:12AE               db ?
dseg:12AF               db ?
dseg:12B0               db ?
dseg:12B1               db ?
dseg:12B2               db ?
dseg:12B3               db ?
dseg:12B4               db ?
dseg:12B5               db ?
dseg:12B6               db ?
dseg:12B7               db ?
dseg:12B8               db ?
dseg:12B9               db ?
dseg:12BA               db ?
dseg:12BB               db ?
dseg:12BC               db ?
dseg:12BD               db ?
dseg:12BE               db ?
dseg:12BF               db ?
dseg:12C0               db ?
dseg:12C1               db ?
dseg:12C2               db ?
dseg:12C3               db ?
dseg:12C4               db ?
dseg:12C5               db ?
dseg:12C6               db ?
dseg:12C7               db ?
dseg:12C8               db ?
dseg:12C9               db ?
dseg:12CA               db ?
dseg:12CB               db ?
dseg:12CC               db ?
dseg:12CD               db ?
dseg:12CE               db ?
dseg:12CF               db ?
dseg:12D0               db ?
dseg:12D1               db ?
dseg:12D2               db ?
dseg:12D3               db ?
dseg:12D4               db ?
dseg:12D5               db ?
dseg:12D6               db ?
dseg:12D7               db ?
dseg:12D8               db ?
dseg:12D9               db ?
dseg:12DA               db ?
dseg:12DB               db ?
dseg:12DC               db ?
dseg:12DD               db ?
dseg:12DE               db ?
dseg:12DF               db ?
dseg:12E0               db ?
dseg:12E1               db ?
dseg:12E2               db ?
dseg:12E3               db ?
dseg:12E4               db ?
dseg:12E5               db ?
dseg:12E6               db ?
dseg:12E7               db ?
dseg:12E8               db ?
dseg:12E9               db ?
dseg:12EA               db ?
dseg:12EB               db ?
dseg:12EC               db ?
dseg:12ED               db ?
dseg:12EE               db ?
dseg:12EF               db ?
dseg:12F0               db ?
dseg:12F1               db ?
dseg:12F2               db ?
dseg:12F3               db ?
dseg:12F4               db ?
dseg:12F5               db ?
dseg:12F6               db ?
dseg:12F7               db ?
dseg:12F8               db ?
dseg:12F9               db ?
dseg:12FA               db ?
dseg:12FB               db ?
dseg:12FC               db ?
dseg:12FD               db ?
dseg:12FE               db ?
dseg:12FF               db ?
dseg:1300               db ?
dseg:1301               db ?
dseg:1302               db ?
dseg:1303               db ?
dseg:1304               db ?
dseg:1305               db ?
dseg:1306               db ?
dseg:1307               db ?
dseg:1308               db ?
dseg:1309               db ?
dseg:130A               db ?
dseg:130B               db ?
dseg:130C               db ?
dseg:130D               db ?
dseg:130E               db ?
dseg:130F               db ?
dseg:1310               db ?
dseg:1311               db ?
dseg:1312               db ?
dseg:1313               db ?
dseg:1314               db ?
dseg:1315               db ?
dseg:1316               db ?
dseg:1317               db ?
dseg:1318               db ?
dseg:1319               db ?
dseg:131A               db ?
dseg:131B               db ?
dseg:131C               db ?
dseg:131D               db ?
dseg:131E               db ?
dseg:131F               db ?
dseg:1320               db ?
dseg:1321               db ?
dseg:1322               db ?
dseg:1323               db ?
dseg:1324               db ?
dseg:1325               db ?
dseg:1326               db ?
dseg:1327               db ?
dseg:1328               db ?
dseg:1329               db ?
dseg:132A               db ?
dseg:132B               db ?
dseg:132C               db ?
dseg:132D               db ?
dseg:132E               db ?
dseg:132F               db ?
dseg:1330               db ?
dseg:1331               db ?
dseg:1332               db ?
dseg:1333               db ?
dseg:1334               db ?
dseg:1335               db ?
dseg:1336               db ?
dseg:1337               db ?
dseg:1338               db ?
dseg:1339               db ?
dseg:133A               db ?
dseg:133B               db ?
dseg:133C               db ?
dseg:133D               db ?
dseg:133E               db ?
dseg:133F               db ?
dseg:1340               db ?
dseg:1341               db ?
dseg:1342               db ?
dseg:1343               db ?
dseg:1344               db ?
dseg:1345               db ?
dseg:1346               db ?
dseg:1347               db ?
dseg:1348               db ?
dseg:1349               db ?
dseg:134A               db ?
dseg:134B               db ?
dseg:134C               db ?
dseg:134D               db ?
dseg:134E               db ?
dseg:134F               db ?
dseg:1350               db ?
dseg:1351               db ?
dseg:1352               db ?
dseg:1353               db ?
dseg:1354               db ?
dseg:1355               db ?
dseg:1356               db ?
dseg:1357               db ?
dseg:1358               db ?
dseg:1359               db ?
dseg:135A               db ?
dseg:135B               db ?
dseg:135C               db ?
dseg:135D               db ?
dseg:135E               db ?
dseg:135F               db ?
dseg:1360               db ?
dseg:1361               db ?
dseg:1362               db ?
dseg:1363               db ?
dseg:1364               db ?
dseg:1365               db ?
dseg:1366               db ?
dseg:1367               db ?
dseg:1368               db ?
dseg:1369               db ?
dseg:136A               db ?
dseg:136B               db ?
dseg:136C               db ?
dseg:136D               db ?
dseg:136E               db ?
dseg:136F               db ?
dseg:1370               db ?
dseg:1371               db ?
dseg:1372               db ?
dseg:1373               db ?
dseg:1374               db ?
dseg:1375               db ?
dseg:1376               db ?
dseg:1377               db ?
dseg:1378               db ?
dseg:1379               db ?
dseg:137A               db ?
dseg:137B               db ?
dseg:137C               db ?
dseg:137D               db ?
dseg:137E               db ?
dseg:137F               db ?
dseg:1380               db ?
dseg:1381               db ?
dseg:1382               db ?
dseg:1383               db ?
dseg:1384               db ?
dseg:1385               db ?
dseg:1386               db ?
dseg:1387               db ?
dseg:1388               db ?
dseg:1389               db ?
dseg:138A               db ?
dseg:138B               db ?
dseg:138C               db ?
dseg:138D               db ?
dseg:138E               db ?
dseg:138F               db ?
dseg:1390               db ?
dseg:1391               db ?
dseg:1392               db ?
dseg:1393               db ?
dseg:1394               db ?
dseg:1395               db ?
dseg:1396               db ?
dseg:1397               db ?
dseg:1398               db ?
dseg:1399               db ?
dseg:139A               db ?
dseg:139B               db ?
dseg:139C               db ?
dseg:139D               db ?
dseg:139E               db ?
dseg:139F               db ?
dseg:13A0               db ?
dseg:13A1               db ?
dseg:13A2               db ?
dseg:13A3               db ?
dseg:13A4               db ?
dseg:13A5               db ?
dseg:13A6               db ?
dseg:13A7               db ?
dseg:13A8               db ?
dseg:13A9               db ?
dseg:13AA               db ?
dseg:13AB               db ?
dseg:13AC               db ?
dseg:13AD               db ?
dseg:13AE               db ?
dseg:13AF               db ?
dseg:13B0               db ?
dseg:13B1               db ?
dseg:13B2               db ?
dseg:13B3               db ?
dseg:13B4               db ?
dseg:13B5               db ?
dseg:13B6               db ?
dseg:13B7               db ?
dseg:13B8               db ?
dseg:13B9               db ?
dseg:13BA               db ?
dseg:13BB               db ?
dseg:13BC               db ?
dseg:13BD               db ?
dseg:13BE               db ?
dseg:13BF               db ?
dseg:13C0               db ?
dseg:13C1               db ?
dseg:13C2               db ?
dseg:13C3               db ?
dseg:13C4               db ?
dseg:13C5               db ?
dseg:13C6               db ?
dseg:13C7               db ?
dseg:13C8               db ?
dseg:13C9               db ?
dseg:13CA               db ?
dseg:13CB               db ?
dseg:13CC               db ?
dseg:13CD               db ?
dseg:13CE               db ?
dseg:13CF               db ?
dseg:13D0               db ?
dseg:13D1               db ?
dseg:13D2               db ?
dseg:13D3               db ?
dseg:13D4               db ?
dseg:13D5               db ?
dseg:13D6               db ?
dseg:13D7               db ?
dseg:13D8               db ?
dseg:13D9               db ?
dseg:13DA               db ?
dseg:13DB               db ?
dseg:13DC               db ?
dseg:13DD               db ?
dseg:13DE               db ?
dseg:13DF               db ?
dseg:13E0               db ?
dseg:13E1               db ?
dseg:13E2               db ?
dseg:13E3               db ?
dseg:13E4               db ?
dseg:13E5               db ?
dseg:13E6               db ?
dseg:13E7               db ?
dseg:13E8               db ?
dseg:13E9               db ?
dseg:13EA               db ?
dseg:13EB               db ?
dseg:13EC               db ?
dseg:13ED               db ?
dseg:13EE               db ?
dseg:13EF               db ?
dseg:13F0               db ?
dseg:13F1               db ?
dseg:13F2               db ?
dseg:13F3               db ?
dseg:13F4               db ?
dseg:13F5               db ?
dseg:13F6               db ?
dseg:13F7               db ?
dseg:13F8               db ?
dseg:13F9               db ?
dseg:13FA               db ?
dseg:13FB               db ?
dseg:13FC               db ?
dseg:13FD               db ?
dseg:13FE               db ?
dseg:13FF               db ?
dseg:1400               db ?
dseg:1401               db ?
dseg:1402               db ?
dseg:1403               db ?
dseg:1404               db ?
dseg:1405               db ?
dseg:1406               db ?
dseg:1407               db ?
dseg:1408               db ?
dseg:1409               db ?
dseg:140A               db ?
dseg:140B               db ?
dseg:140C               db ?
dseg:140D               db ?
dseg:140E               db ?
dseg:140F               db ?
dseg:1410               db ?
dseg:1411               db ?
dseg:1412               db ?
dseg:1413               db ?
dseg:1414 byte_143D4      db ?                    ; DATA XREF: sub_10010+18E↑w
dseg:1414                                         ; B$SETCLR+AA↑r
dseg:1415               db ?
dseg:1416               db ?
dseg:1417               db ?
dseg:1418               db ?
dseg:1419               db ?
dseg:141A               db ?
dseg:141B               db ?
dseg:141C               db ?
dseg:141D               db ?
dseg:141E               db ?
dseg:141F               db ?
dseg:1420               db ?
dseg:1421               db ?
dseg:1422               db ?
dseg:1423               db ?
dseg:1424               db ?
dseg:1425               db ?
dseg:1426               db ?
dseg:1427               db ?
dseg:1428               db ?
dseg:1429               db ?
dseg:142A               db ?
dseg:142B               db ?
dseg:142C               db ?
dseg:142D               db ?
dseg:142E               db ?
dseg:142F               db ?
dseg:1430               db ?
dseg:1431               db ?
dseg:1432               db ?
dseg:1433               db ?
dseg:1434               db ?
dseg:1435               db ?
dseg:1436               db ?
dseg:1437               db ?
dseg:1438               db ?
dseg:1439               db ?
dseg:143A               db ?
dseg:143B               db ?
dseg:143C               db ?
dseg:143D               db ?
dseg:143E               db ?
dseg:143F               db ?
dseg:1440               db ?
dseg:1441               db ?
dseg:1442               db ?
dseg:1443               db ?
dseg:1444               db ?
dseg:1445               db ?
dseg:1446               db ?
dseg:1447               db ?
dseg:1448               db ?
dseg:1449               db ?
dseg:144A               db ?
dseg:144B               db ?
dseg:144C               db ?
dseg:144D               db ?
dseg:144E               db ?
dseg:144F               db ?
dseg:1450               db ?
dseg:1451               db ?
dseg:1452               db ?
dseg:1453               db ?
dseg:1454               db ?
dseg:1455               db ?
dseg:1456               db ?
dseg:1457               db ?
dseg:1458               db ?
dseg:1459               db ?
dseg:145A               db ?
dseg:145B               db ?
dseg:145C               db ?
dseg:145D               db ?
dseg:145E               db ?
dseg:145F               db ?
dseg:1460               db ?
dseg:1461               db ?
dseg:1462               db ?
dseg:1463               db ?
dseg:1464               db ?
dseg:1465               db ?
dseg:1466               db ?
dseg:1467               db ?
dseg:1468               db ?
dseg:1469               db ?
dseg:146A               db ?
dseg:146B               db ?
dseg:146C               db ?
dseg:146D               db ?
dseg:146E               db ?
dseg:146F               db ?
dseg:1470               db ?
dseg:1471               db ?
dseg:1472               db ?
dseg:1473               db ?
dseg:1474               db ?
dseg:1475               db ?
dseg:1476               db ?
dseg:1477               db ?
dseg:1478               db ?
dseg:1479               db ?
dseg:147A               db ?
dseg:147B               db ?
dseg:147C               db ?
dseg:147D               db ?
dseg:147E               db ?
dseg:147F               db ?
dseg:1480               db ?
dseg:1481               db ?
dseg:1482               db ?
dseg:1483               db ?
dseg:1484               db ?
dseg:1485               db ?
dseg:1486               db ?
dseg:1487               db ?
dseg:1488               db ?
dseg:1489               db ?
dseg:148A               db ?
dseg:148B               db ?
dseg:148C               db ?
dseg:148D               db ?
dseg:148E               db ?
dseg:148F               db ?
dseg:1490               db ?
dseg:1491               db ?
dseg:1492               db ?
dseg:1493               db ?
dseg:1494               db ?
dseg:1495               db ?
dseg:1496               db ?
dseg:1497               db ?
dseg:1498               db ?
dseg:1499               db ?
dseg:149A               db ?
dseg:149B               db ?
dseg:149C               db ?
dseg:149D               db ?
dseg:149E               db ?
dseg:149F               db ?
dseg:14A0               db ?
dseg:14A1               db ?
dseg:14A2               db ?
dseg:14A3               db ?
dseg:14A4               db ?
dseg:14A5               db ?
dseg:14A6               db ?
dseg:14A7               db ?
dseg:14A8               db ?
dseg:14A9               db ?
dseg:14AA               db ?
dseg:14AB               db ?
dseg:14AC               db ?
dseg:14AD               db ?
dseg:14AE               db ?
dseg:14AF               db ?
dseg:14B0               db ?
dseg:14B1               db ?
dseg:14B2               db ?
dseg:14B3               db ?
dseg:14B4               db ?
dseg:14B5               db ?
dseg:14B6               db ?
dseg:14B7               db ?
dseg:14B8               db ?
dseg:14B9               db ?
dseg:14BA               db ?
dseg:14BB               db ?
dseg:14BC               db ?
dseg:14BD               db ?
dseg:14BE               db ?
dseg:14BF               db ?
dseg:14C0               db ?
dseg:14C1               db ?
dseg:14C2               db ?
dseg:14C3               db ?
dseg:14C4               db ?
dseg:14C5               db ?
dseg:14C6               db ?
dseg:14C7               db ?
dseg:14C8               db ?
dseg:14C9               db ?
dseg:14CA               db ?
dseg:14CB               db ?
dseg:14CC               db ?
dseg:14CD               db ?
dseg:14CE               db ?
dseg:14CF               db ?
dseg:14D0               db ?
dseg:14D1               db ?
dseg:14D2               db ?
dseg:14D3               db ?
dseg:14D4               db ?
dseg:14D5               db ?
dseg:14D6               db ?
dseg:14D7               db ?
dseg:14D8               db ?
dseg:14D9               db ?
dseg:14DA               db ?
dseg:14DB               db ?
dseg:14DC               db ?
dseg:14DD               db ?
dseg:14DE               db ?
dseg:14DF               db ?
dseg:14E0               db ?
dseg:14E1               db ?
dseg:14E2               db ?
dseg:14E3               db ?
dseg:14E4               db ?
dseg:14E5               db ?
dseg:14E6               db ?
dseg:14E7               db ?
dseg:14E8               db ?
dseg:14E9               db ?
dseg:14EA               db ?
dseg:14EB               db ?
dseg:14EC               db ?
dseg:14ED               db ?
dseg:14EE               db ?
dseg:14EF               db ?
dseg:14F0               db ?
dseg:14F1               db ?
dseg:14F2               db ?
dseg:14F3               db ?
dseg:14F4               db ?
dseg:14F5               db ?
dseg:14F6               db ?
dseg:14F7               db ?
dseg:14F8               db ?
dseg:14F9               db ?
dseg:14FA               db ?
dseg:14FB               db ?
dseg:14FC               db ?
dseg:14FD               db ?
dseg:14FE               db ?
dseg:14FF               db ?
dseg:1500               db ?
dseg:1501               db ?
dseg:1502               db ?
dseg:1503               db ?
dseg:1504               db ?
dseg:1505               db ?
dseg:1506               db ?
dseg:1507               db ?
dseg:1508               db ?
dseg:1509               db ?
dseg:150A               db ?
dseg:150B               db ?
dseg:150C               db ?
dseg:150D               db ?
dseg:150E               db ?
dseg:150F               db ?
dseg:1510               db ?
dseg:1511               db ?
dseg:1512               db ?
dseg:1513               db ?
dseg:1514               db ?
dseg:1515               db ?
dseg:1516               db ?
dseg:1517               db ?
dseg:1518               db ?
dseg:1519               db ?
dseg:151A               db ?
dseg:151B               db ?
dseg:151C               db ?
dseg:151D               db ?
dseg:151E               db ?
dseg:151F               db ?
dseg:1520               db ?
dseg:1521               db ?
dseg:1522               db ?
dseg:1523               db ?
dseg:1524               db ?
dseg:1525               db ?
dseg:1526               db ?
dseg:1527               db ?
dseg:1528               db ?
dseg:1529               db ?
dseg:152A               db ?
dseg:152B               db ?
dseg:152C               db ?
dseg:152D               db ?
dseg:152E               db ?
dseg:152F               db ?
dseg:1530               db ?
dseg:1531               db ?
dseg:1532               db ?
dseg:1533               db ?
dseg:1534               db ?
dseg:1535               db ?
dseg:1536               db ?
dseg:1537               db ?
dseg:1538               db ?
dseg:1539               db ?
dseg:153A               db ?
dseg:153B               db ?
dseg:153C               db ?
dseg:153D               db ?
dseg:153E               db ?
dseg:153F               db ?
dseg:1540               db ?
dseg:1541               db ?
dseg:1542               db ?
dseg:1543               db ?
dseg:1544               db ?
dseg:1545               db ?
dseg:1546               db ?
dseg:1547               db ?
dseg:1548               db ?
dseg:1549               db ?
dseg:154A               db ?
dseg:154B               db ?
dseg:154C               db ?
dseg:154D               db ?
dseg:154E               db ?
dseg:154F               db ?
dseg:1550               db ?
dseg:1551               db ?
dseg:1552               db ?
dseg:1553               db ?
dseg:1554               db ?
dseg:1555               db ?
dseg:1556               db ?
dseg:1557               db ?
dseg:1558               db ?
dseg:1559               db ?
dseg:155A               db ?
dseg:155B               db ?
dseg:155C               db ?
dseg:155D               db ?
dseg:155E               db ?
dseg:155F               db ?
dseg:1560               db ?
dseg:1561               db ?
dseg:1562               db ?
dseg:1563               db ?
dseg:1564               db ?
dseg:1565               db ?
dseg:1566               db ?
dseg:1567               db ?
dseg:1568               db ?
dseg:1569               db ?
dseg:156A               db ?
dseg:156B               db ?
dseg:156C               db ?
dseg:156D               db ?
dseg:156E               db ?
dseg:156F               db ?
dseg:1570               db ?
dseg:1571               db ?
dseg:1572               db ?
dseg:1573               db ?
dseg:1574               db ?
dseg:1575               db ?
dseg:1576               db ?
dseg:1577               db ?
dseg:1578               db ?
dseg:1579               db ?
dseg:157A               db ?
dseg:157B               db ?
dseg:157C               db ?
dseg:157D               db ?
dseg:157E               db ?
dseg:157F               db ?
dseg:1580               db ?
dseg:1581               db ?
dseg:1582               db ?
dseg:1583               db ?
dseg:1584               db ?
dseg:1585               db ?
dseg:1586               db ?
dseg:1587               db ?
dseg:1588               db ?
dseg:1589               db ?
dseg:158A               db ?
dseg:158B               db ?
dseg:158C               db ?
dseg:158D               db ?
dseg:158E               db ?
dseg:158F               db ?
dseg:1590               db ?
dseg:1591               db ?
dseg:1592               db ?
dseg:1593               db ?
dseg:1594               db ?
dseg:1595               db ?
dseg:1596               db ?
dseg:1597               db ?
dseg:1598               db ?
dseg:1599               db ?
dseg:159A               db ?
dseg:159B               db ?
dseg:159C               db ?
dseg:159D               db ?
dseg:159E               db ?
dseg:159F               db ?
dseg:15A0               db ?
dseg:15A1               db ?
dseg:15A2               db ?
dseg:15A3               db ?
dseg:15A4               db ?
dseg:15A5               db ?
dseg:15A6               db ?
dseg:15A7               db ?
dseg:15A8               db ?
dseg:15A9               db ?
dseg:15AA               db ?
dseg:15AB               db ?
dseg:15AC               db ?
dseg:15AD               db ?
dseg:15AE               db ?
dseg:15AF               db ?
dseg:15B0               db ?
dseg:15B1               db ?
dseg:15B2               db ?
dseg:15B3               db ?
dseg:15B4               db ?
dseg:15B5               db ?
dseg:15B6               db ?
dseg:15B7               db ?
dseg:15B8               db ?
dseg:15B9               db ?
dseg:15BA               db ?
dseg:15BB               db ?
dseg:15BC               db ?
dseg:15BD               db ?
dseg:15BE               db ?
dseg:15BF               db ?
dseg:15C0               db ?
dseg:15C1               db ?
dseg:15C2               db ?
dseg:15C3               db ?
dseg:15C4               db ?
dseg:15C5               db ?
dseg:15C6               db ?
dseg:15C7               db ?
dseg:15C8               db ?
dseg:15C9               db ?
dseg:15CA               db ?
dseg:15CB               db ?
dseg:15CC               db ?
dseg:15CD               db ?
dseg:15CE               db ?
dseg:15CF               db ?
dseg:15D0               db ?
dseg:15D1               db ?
dseg:15D2               db ?
dseg:15D3               db ?
dseg:15D4               db ?
dseg:15D5               db ?
dseg:15D6               db ?
dseg:15D7               db ?
dseg:15D8               db ?
dseg:15D9               db ?
dseg:15DA               db ?
dseg:15DB               db ?
dseg:15DC               db ?
dseg:15DD               db ?
dseg:15DE               db ?
dseg:15DF               db ?
dseg:15E0               db ?
dseg:15E1               db ?
dseg:15E2               db ?
dseg:15E3               db ?
dseg:15E4               db ?
dseg:15E5               db ?
dseg:15E6               db ?
dseg:15E7               db ?
dseg:15E8               db ?
dseg:15E9               db ?
dseg:15EA               db ?
dseg:15EB               db ?
dseg:15EC               db ?
dseg:15ED               db ?
dseg:15EE               db ?
dseg:15EF               db ?
dseg:15F0               db ?
dseg:15F1               db ?
dseg:15F2               db ?
dseg:15F3               db ?
dseg:15F4               db ?
dseg:15F5               db ?
dseg:15F6               db ?
dseg:15F7               db ?
dseg:15F8               db ?
dseg:15F9               db ?
dseg:15FA               db ?
dseg:15FB               db ?
dseg:15FC               db ?
dseg:15FD               db ?
dseg:15FE               db ?
dseg:15FF               db ?
dseg:1600               db ?
dseg:1601               db ?
dseg:1602               db ?
dseg:1603               db ?
dseg:1604               db ?
dseg:1605               db ?
dseg:1606               db ?
dseg:1607               db ?
dseg:1608               db ?
dseg:1609               db ?
dseg:160A               db ?
dseg:160B               db ?
dseg:160C               db ?
dseg:160D               db ?
dseg:160E               db ?
dseg:160F               db ?
dseg:1610               db ?
dseg:1611               db ?
dseg:1612               db ?
dseg:1613               db ?
dseg:1614               db ?
dseg:1615               db ?
dseg:1616 word_145D6      db ?                    ; DATA XREF: sub_10010+1B↑w
dseg:1616                                         ; sub_10010+17E↑r ...
dseg:1617               db ?
dseg:1618 seg_145D8       db ?                    ; DATA XREF: sub_10010+18↑w
dseg:1618                                         ; B$SETCLR+49↑r
dseg:1619               db ?
dseg:161A               db ?
dseg:161B               db ?
dseg:161C               db ?
dseg:161D               db ?
dseg:161E               db ?
dseg:161F               db ?
dseg:1620               db ?
dseg:1621               db ?
dseg:1622               db ?
dseg:1623               db ?
dseg:1624               db ?
dseg:1625               db ?
dseg:1626               db ?
dseg:1627               db ?
dseg:1628               db ?
dseg:1629               db ?
dseg:162A               db ?
dseg:162B               db ?
dseg:162C               db ?
dseg:162D               db ?
dseg:162E               db ?
dseg:162F               db ?
dseg:1630               db ?
dseg:1631               db ?
dseg:1632               db ?
dseg:1633               db ?
dseg:1634               db ?
dseg:1635               db ?
dseg:1636               db ?
dseg:1637               db ?
dseg:1638               db ?
dseg:1639               db ?
dseg:163A               db ?
dseg:163B               db ?
dseg:163C               db ?
dseg:163D               db ?
dseg:163E               db ?
dseg:163F               db ?
dseg:1640               db ?
dseg:1641               db ?
dseg:1642               db ?
dseg:1643               db ?
dseg:1644               db ?
dseg:1645               db ?
dseg:1646               db ?
dseg:1647               db ?
dseg:1648               db ?
dseg:1649               db ?
dseg:164A               db ?
dseg:164B               db ?
dseg:164C               db ?
dseg:164D               db ?
dseg:164E               db ?
dseg:164F               db ?
dseg:1650               db ?
dseg:1651               db ?
dseg:1652               db ?
dseg:1653               db ?
dseg:1654               db ?
dseg:1655               db ?
dseg:1656               db ?
dseg:1657               db ?
dseg:1658               db ?
dseg:1659               db ?
dseg:165A               db ?
dseg:165B               db ?
dseg:165C               db ?
dseg:165D               db ?
dseg:165E               db ?
dseg:165F               db ?
dseg:1660               db ?
dseg:1661               db ?
dseg:1662               db ?
dseg:1663               db ?
dseg:1664               db ?
dseg:1665               db ?
dseg:1666               db ?
dseg:1667               db ?
dseg:1668               db ?
dseg:1669               db ?
dseg:166A               db ?
dseg:166B               db ?
dseg:166C               db ?
dseg:166D               db ?
dseg:166E               db ?
dseg:166F               db ?
dseg:1670               db ?
dseg:1671               db ?
dseg:1672               db ?
dseg:1673               db ?
dseg:1674               db ?
dseg:1675               db ?
dseg:1676               db ?
dseg:1677               db ?
dseg:1678               db ?
dseg:1679               db ?
dseg:167A               db ?
dseg:167B               db ?
dseg:167C               db ?
dseg:167D               db ?
dseg:167E               db ?
dseg:167F               db ?
dseg:1680               db ?
dseg:1681               db ?
dseg:1682               db ?
dseg:1683               db ?
dseg:1684               db ?
dseg:1685               db ?
dseg:1686               db ?
dseg:1687               db ?
dseg:1688               db ?
dseg:1689               db ?
dseg:168A               db ?
dseg:168B               db ?
dseg:168C               db ?
dseg:168D               db ?
dseg:168E               db ?
dseg:168F               db ?
dseg:1690               db ?
dseg:1691               db ?
dseg:1692               db ?
dseg:1693               db ?
dseg:1694               db ?
dseg:1695               db ?
dseg:1696               db ?
dseg:1697               db ?
dseg:1698               db ?
dseg:1699               db ?
dseg:169A               db ?
dseg:169B               db ?
dseg:169C               db ?
dseg:169D               db ?
dseg:169E               db ?
dseg:169F               db ?
dseg:16A0               db ?
dseg:16A1               db ?
dseg:16A2               db ?
dseg:16A3               db ?
dseg:16A4               db ?
dseg:16A5               db ?
dseg:16A6               db ?
dseg:16A7               db ?
dseg:16A8               db ?
dseg:16A9               db ?
dseg:16AA               db ?
dseg:16AB               db ?
dseg:16AC               db ?
dseg:16AD               db ?
dseg:16AE               db ?
dseg:16AF               db ?
dseg:16B0               db ?
dseg:16B1               db ?
dseg:16B2               db ?
dseg:16B3               db ?
dseg:16B4               db ?
dseg:16B5               db ?
dseg:16B6               db ?
dseg:16B7               db ?
dseg:16B8               db ?
dseg:16B9               db ?
dseg:16BA               db ?
dseg:16BB               db ?
dseg:16BC               db ?
dseg:16BD               db ?
dseg:16BE               db ?
dseg:16BF               db ?
dseg:16C0               db ?
dseg:16C1               db ?
dseg:16C2               db ?
dseg:16C3               db ?
dseg:16C4               db ?
dseg:16C5               db ?
dseg:16C6               db ?
dseg:16C7               db ?
dseg:16C8               db ?
dseg:16C9               db ?
dseg:16CA               db ?
dseg:16CB               db ?
dseg:16CC               db ?
dseg:16CD               db ?
dseg:16CE               db ?
dseg:16CF               db ?
dseg:16D0               db ?
dseg:16D1               db ?
dseg:16D2               db ?
dseg:16D3               db ?
dseg:16D4               db ?
dseg:16D5               db ?
dseg:16D6               db ?
dseg:16D7               db ?
dseg:16D8               db ?
dseg:16D9               db ?
dseg:16DA               db ?
dseg:16DB               db ?
dseg:16DC               db ?
dseg:16DD               db ?
dseg:16DE               db ?
dseg:16DF               db ?
dseg:16E0               db ?
dseg:16E1               db ?
dseg:16E2               db ?
dseg:16E3               db ?
dseg:16E4               db ?
dseg:16E5               db ?
dseg:16E6               db ?
dseg:16E7               db ?
dseg:16E8               db ?
dseg:16E9               db ?
dseg:16EA               db ?
dseg:16EB               db ?
dseg:16EC               db ?
dseg:16ED               db ?
dseg:16EE               db ?
dseg:16EF               db ?
dseg:16F0               db ?
dseg:16F1               db ?
dseg:16F2               db ?
dseg:16F3               db ?
dseg:16F4               db ?
dseg:16F5               db ?
dseg:16F6               db ?
dseg:16F7               db ?
dseg:16F8               db ?
dseg:16F9               db ?
dseg:16FA               db ?
dseg:16FB               db ?
dseg:16FC               db ?
dseg:16FD               db ?
dseg:16FE               db ?
dseg:16FF               db ?
dseg:1700               db ?
dseg:1701               db ?
dseg:1702               db ?
dseg:1703               db ?
dseg:1704               db ?
dseg:1705               db ?
dseg:1706               db ?
dseg:1707               db ?
dseg:1708               db ?
dseg:1709               db ?
dseg:170A               db ?
dseg:170B               db ?
dseg:170C               db ?
dseg:170D               db ?
dseg:170E               db ?
dseg:170F               db ?
dseg:1710               db ?
dseg:1711               db ?
dseg:1712               db ?
dseg:1713               db ?
dseg:1714               db ?
dseg:1715               db ?
dseg:1716               db ?
dseg:1717               db ?
dseg:1718               db ?
dseg:1719               db ?
dseg:171A               db ?
dseg:171B               db ?
dseg:171C               db ?
dseg:171D               db ?
dseg:171E               db ?
dseg:171F               db ?
dseg:1720               db ?
dseg:1721               db ?
dseg:1722               db ?
dseg:1723               db ?
dseg:1724               db ?
dseg:1725               db ?
dseg:1726               db ?
dseg:1727               db ?
dseg:1728               db ?
dseg:1729               db ?
dseg:172A               db ?
dseg:172B               db ?
dseg:172C               db ?
dseg:172D               db ?
dseg:172E               db ?
dseg:172F               db ?
dseg:1730               db ?
dseg:1731               db ?
dseg:1732               db ?
dseg:1733               db ?
dseg:1734               db ?
dseg:1735               db ?
dseg:1736               db ?
dseg:1737               db ?
dseg:1738               db ?
dseg:1739               db ?
dseg:173A               db ?
dseg:173B               db ?
dseg:173C               db ?
dseg:173D               db ?
dseg:173E               db ?
dseg:173F               db ?
dseg:1740               db ?
dseg:1741               db ?
dseg:1742               db ?
dseg:1743               db ?
dseg:1744               db ?
dseg:1745               db ?
dseg:1746               db ?
dseg:1747               db ?
dseg:1748               db ?
dseg:1749               db ?
dseg:174A               db ?
dseg:174B               db ?
dseg:174C               db ?
dseg:174D               db ?
dseg:174E               db ?
dseg:174F               db ?
dseg:1750               db ?
dseg:1751               db ?
dseg:1752               db ?
dseg:1753               db ?
dseg:1754               db ?
dseg:1755               db ?
dseg:1756               db ?
dseg:1757               db ?
dseg:1758               db ?
dseg:1759               db ?
dseg:175A               db ?
dseg:175B               db ?
dseg:175C               db ?
dseg:175D               db ?
dseg:175E               db ?
dseg:175F               db ?
dseg:1760               db ?
dseg:1761               db ?
dseg:1762               db ?
dseg:1763               db ?
dseg:1764               db ?
dseg:1765               db ?
dseg:1766               db ?
dseg:1767               db ?
dseg:1768               db ?
dseg:1769               db ?
dseg:176A               db ?
dseg:176B               db ?
dseg:176C               db ?
dseg:176D               db ?
dseg:176E               db ?
dseg:176F               db ?
dseg:1770               db ?
dseg:1771               db ?
dseg:1772               db ?
dseg:1773               db ?
dseg:1774               db ?
dseg:1775               db ?
dseg:1776               db ?
dseg:1777               db ?
dseg:1778               db ?
dseg:1779               db ?
dseg:177A               db ?
dseg:177B               db ?
dseg:177C               db ?
dseg:177D               db ?
dseg:177E               db ?
dseg:177F               db ?
dseg:1780               db ?
dseg:1781               db ?
dseg:1782               db ?
dseg:1783               db ?
dseg:1784               db ?
dseg:1785               db ?
dseg:1786               db ?
dseg:1787               db ?
dseg:1788               db ?
dseg:1789               db ?
dseg:178A               db ?
dseg:178B               db ?
dseg:178C               db ?
dseg:178D               db ?
dseg:178E               db ?
dseg:178F               db ?
dseg:1790               db ?
dseg:1791               db ?
dseg:1792               db ?
dseg:1793               db ?
dseg:1794               db ?
dseg:1795               db ?
dseg:1796               db ?
dseg:1797               db ?
dseg:1798               db ?
dseg:1799               db ?
dseg:179A               db ?
dseg:179B               db ?
dseg:179C               db ?
dseg:179D               db ?
dseg:179E               db ?
dseg:179F               db ?
dseg:17A0               db ?
dseg:17A1               db ?
dseg:17A2               db ?
dseg:17A3               db ?
dseg:17A4               db ?
dseg:17A5               db ?
dseg:17A6               db ?
dseg:17A7               db ?
dseg:17A8               db ?
dseg:17A9               db ?
dseg:17AA               db ?
dseg:17AB               db ?
dseg:17AC               db ?
dseg:17AD               db ?
dseg:17AE               db ?
dseg:17AF               db ?
dseg:17B0               db ?
dseg:17B1               db ?
dseg:17B2               db ?
dseg:17B3               db ?
dseg:17B4               db ?
dseg:17B5               db ?
dseg:17B6               db ?
dseg:17B7               db ?
dseg:17B8               db ?
dseg:17B9               db ?
dseg:17BA               db ?
dseg:17BB               db ?
dseg:17BC               db ?
dseg:17BD               db ?
dseg:17BE               db ?
dseg:17BF               db ?
dseg:17C0               db ?
dseg:17C1               db ?
dseg:17C2               db ?
dseg:17C3               db ?
dseg:17C4               db ?
dseg:17C5               db ?
dseg:17C6               db ?
dseg:17C7               db ?
dseg:17C8               db ?
dseg:17C9               db ?
dseg:17CA               db ?
dseg:17CB               db ?
dseg:17CC               db ?
dseg:17CD               db ?
dseg:17CE               db ?
dseg:17CF               db ?
dseg:17D0               db ?
dseg:17D1               db ?
dseg:17D2               db ?
dseg:17D3               db ?
dseg:17D4               db ?
dseg:17D5               db ?
dseg:17D6               db ?
dseg:17D7               db ?
dseg:17D8               db ?
dseg:17D9               db ?
dseg:17DA               db ?
dseg:17DB               db ?
dseg:17DC               db ?
dseg:17DD               db ?
dseg:17DE               db ?
dseg:17DF               db ?
dseg:17E0               db ?
dseg:17E1               db ?
dseg:17E2               db ?
dseg:17E3               db ?
dseg:17E4               db ?
dseg:17E5               db ?
dseg:17E6               db ?
dseg:17E7               db ?
dseg:17E8               db ?
dseg:17E9               db ?
dseg:17EA               db ?
dseg:17EB               db ?
dseg:17EC               db ?
dseg:17ED               db ?
dseg:17EE               db ?
dseg:17EF               db ?
dseg:17F0               db ?
dseg:17F1               db ?
dseg:17F2               db ?
dseg:17F3               db ?
dseg:17F4               db ?
dseg:17F5               db ?
dseg:17F6               db ?
dseg:17F7               db ?
dseg:17F8               db ?
dseg:17F9               db ?
dseg:17FA               db ?
dseg:17FB               db ?
dseg:17FC               db ?
dseg:17FD               db ?
dseg:17FE               db ?
dseg:17FF               db ?
dseg:1800               db ?
dseg:1801               db ?
dseg:1802               db ?
dseg:1803               db ?
dseg:1804               db ?
dseg:1805               db ?
dseg:1806               db ?
dseg:1807               db ?
dseg:1808               db ?
dseg:1809               db ?
dseg:180A               db ?
dseg:180B               db ?
dseg:180C               db ?
dseg:180D               db ?
dseg:180E               db ?
dseg:180F               db ?
dseg:1810               db ?
dseg:1811               db ?
dseg:1812               db ?
dseg:1813               db ?
dseg:1814               db ?
dseg:1815 word_147D5      db ?                    ; DATA XREF: sub_12A81+2D2↑r
dseg:1816               db ?
dseg:1817               db ?
dseg:1818               db ?
dseg:1819               db ?
dseg:181A               db ?
dseg:181B               db ?
dseg:181C               db ?
dseg:181D               db ?
dseg:181E               db ?
dseg:181F               db ?
dseg:181F dseg            ends
dseg:181F
seg_stack:0000 ; ===========================================================================
seg_stack:0000
seg_stack:0000 ; Segment type: Uninitialized
seg_stack:0000 seg_stack       segment byte public 'STACK' use16
seg_stack:0000 word_147E0      db ?                    ; DATA XREF: sub_11DC0+D9↑w
seg_stack:0000                                         ; sub_11DC0:loc_11ECC↑w ...
seg_stack:0001          db ?
seg_stack:0002          db ?
seg_stack:0003          db ?
seg_stack:0004          db ?
seg_stack:0005          db ?
seg_stack:0006          db ?
seg_stack:0007          db ?
seg_stack:0008          db ?
seg_stack:0009          db ?
seg_stack:000A          db ?
seg_stack:000B          db ?
seg_stack:000C          db ?
seg_stack:000D          db ?
seg_stack:000E          db ?
seg_stack:000F          db ?
seg_stack:0010          db ?
seg_stack:0011          db ?
seg_stack:0012          db ?
seg_stack:0013          db ?
seg_stack:0014          db ?
seg_stack:0015          db ?
seg_stack:0016          db ?
seg_stack:0017          db ?
seg_stack:0018          db ?
seg_stack:0019          db ?
seg_stack:001A          db ?
seg_stack:001B          db ?
seg_stack:001C          db ?
seg_stack:001D          db ?
seg_stack:001E          db ?
seg_stack:001F          db ?
seg_stack:0020          db ?
seg_stack:0021          db ?
seg_stack:0022          db ?
seg_stack:0023          db ?
seg_stack:0024          db ?
seg_stack:0025          db ?
seg_stack:0026          db ?
seg_stack:0027          db ?
seg_stack:0028          db ?
seg_stack:0029          db ?
seg_stack:002A          db ?
seg_stack:002B          db ?
seg_stack:002C          db ?
seg_stack:002D          db ?
seg_stack:002E          db ?
seg_stack:002F          db ?
seg_stack:0030          db ?
seg_stack:0031          db ?
seg_stack:0032          db ?
seg_stack:0033          db ?
seg_stack:0034          db ?
seg_stack:0035          db ?
seg_stack:0036          db ?
seg_stack:0037          db ?
seg_stack:0038          db ?
seg_stack:0039          db ?
seg_stack:003A          db ?
seg_stack:003B          db ?
seg_stack:003C          db ?
seg_stack:003D          db ?
seg_stack:003E          db ?
seg_stack:003F          db ?
seg_stack:0040          db ?
seg_stack:0041          db ?
seg_stack:0042          db ?
seg_stack:0043          db ?
seg_stack:0044          db ?
seg_stack:0045          db ?
seg_stack:0046          db ?
seg_stack:0047          db ?
seg_stack:0048          db ?
seg_stack:0049          db ?
seg_stack:004A          db ?
seg_stack:004B          db ?
seg_stack:004C          db ?
seg_stack:004D          db ?
seg_stack:004E          db ?
seg_stack:004F          db ?
seg_stack:0050          db ?
seg_stack:0051          db ?
seg_stack:0052          db ?
seg_stack:0053          db ?
seg_stack:0054          db ?
seg_stack:0055          db ?
seg_stack:0056          db ?
seg_stack:0057          db ?
seg_stack:0058          db ?
seg_stack:0059          db ?
seg_stack:005A          db ?
seg_stack:005B          db ?
seg_stack:005C          db ?
seg_stack:005D          db ?
seg_stack:005E          db ?
seg_stack:005F          db ?
seg_stack:0060          db ?
seg_stack:0061          db ?
seg_stack:0062          db ?
seg_stack:0063          db ?
seg_stack:0064          db ?
seg_stack:0065          db ?
seg_stack:0066          db ?
seg_stack:0067          db ?
seg_stack:0068          db ?
seg_stack:0069          db ?
seg_stack:006A          db ?
seg_stack:006B          db ?
seg_stack:006C          db ?
seg_stack:006D          db ?
seg_stack:006E          db ?
seg_stack:006F          db ?
seg_stack:0070          db ?
seg_stack:0071          db ?
seg_stack:0072          db ?
seg_stack:0073          db ?
seg_stack:0074          db ?
seg_stack:0075          db ?
seg_stack:0076          db ?
seg_stack:0077          db ?
seg_stack:0078          db ?
seg_stack:0079          db ?
seg_stack:007A          db ?
seg_stack:007B          db ?
seg_stack:007C          db ?
seg_stack:007D          db ?
seg_stack:007E          db ?
seg_stack:007F          db ?
seg_stack:0080          db ?
seg_stack:0081          db ?
seg_stack:0082          db ?
seg_stack:0083          db ?
seg_stack:0084          db ?
seg_stack:0085          db ?
seg_stack:0086          db ?
seg_stack:0087          db ?
seg_stack:0088          db ?
seg_stack:0089          db ?
seg_stack:008A          db ?
seg_stack:008B          db ?
seg_stack:008C          db ?
seg_stack:008D          db ?
seg_stack:008E          db ?
seg_stack:008F          db ?
seg_stack:0090          db ?
seg_stack:0091          db ?
seg_stack:0092          db ?
seg_stack:0093          db ?
seg_stack:0094          db ?
seg_stack:0095          db ?
seg_stack:0096          db ?
seg_stack:0097          db ?
seg_stack:0098          db ?
seg_stack:0099          db ?
seg_stack:009A          db ?
seg_stack:009B          db ?
seg_stack:009C          db ?
seg_stack:009D          db ?
seg_stack:009E          db ?
seg_stack:009F          db ?
seg_stack:00A0          db ?
seg_stack:00A1          db ?
seg_stack:00A2          db ?
seg_stack:00A3          db ?
seg_stack:00A4          db ?
seg_stack:00A5          db ?
seg_stack:00A6          db ?
seg_stack:00A7          db ?
seg_stack:00A8          db ?
seg_stack:00A9          db ?
seg_stack:00AA          db ?
seg_stack:00AB          db ?
seg_stack:00AC          db ?
seg_stack:00AD          db ?
seg_stack:00AE          db ?
seg_stack:00AF          db ?
seg_stack:00B0          db ?
seg_stack:00B1          db ?
seg_stack:00B2          db ?
seg_stack:00B3          db ?
seg_stack:00B4          db ?
seg_stack:00B5          db ?
seg_stack:00B6          db ?
seg_stack:00B7          db ?
seg_stack:00B8          db ?
seg_stack:00B9          db ?
seg_stack:00BA          db ?
seg_stack:00BB          db ?
seg_stack:00BC          db ?
seg_stack:00BD          db ?
seg_stack:00BE          db ?
seg_stack:00BF          db ?
seg_stack:00C0          db ?
seg_stack:00C1          db ?
seg_stack:00C2          db ?
seg_stack:00C3          db ?
seg_stack:00C4          db ?
seg_stack:00C5          db ?
seg_stack:00C6          db ?
seg_stack:00C7          db ?
seg_stack:00C8          db ?
seg_stack:00C9          db ?
seg_stack:00CA          db ?
seg_stack:00CB          db ?
seg_stack:00CC          db ?
seg_stack:00CD          db ?
seg_stack:00CE          db ?
seg_stack:00CF          db ?
seg_stack:00D0          db ?
seg_stack:00D1          db ?
seg_stack:00D2          db ?
seg_stack:00D3          db ?
seg_stack:00D4          db ?
seg_stack:00D5          db ?
seg_stack:00D6          db ?
seg_stack:00D7          db ?
seg_stack:00D8          db ?
seg_stack:00D9          db ?
seg_stack:00DA          db ?
seg_stack:00DB          db ?
seg_stack:00DC          db ?
seg_stack:00DD          db ?
seg_stack:00DE          db ?
seg_stack:00DF          db ?
seg_stack:00E0          db ?
seg_stack:00E1          db ?
seg_stack:00E2          db ?
seg_stack:00E3          db ?
seg_stack:00E4          db ?
seg_stack:00E5          db ?
seg_stack:00E6          db ?
seg_stack:00E7          db ?
seg_stack:00E8          db ?
seg_stack:00E9          db ?
seg_stack:00EA          db ?
seg_stack:00EB          db ?
seg_stack:00EC          db ?
seg_stack:00ED          db ?
seg_stack:00EE          db ?
seg_stack:00EF          db ?
seg_stack:00F0          db ?
seg_stack:00F1          db ?
seg_stack:00F2          db ?
seg_stack:00F3          db ?
seg_stack:00F4          db ?
seg_stack:00F5          db ?
seg_stack:00F6          db ?
seg_stack:00F7          db ?
seg_stack:00F8          db ?
seg_stack:00F9          db ?
seg_stack:00FA          db ?
seg_stack:00FB          db ?
seg_stack:00FC          db ?
seg_stack:00FD          db ?
seg_stack:00FE          db ?
seg_stack:00FF          db ?
seg_stack:0100          db ?
seg_stack:0101          db ?
seg_stack:0102          db ?
seg_stack:0103          db ?
seg_stack:0104          db ?
seg_stack:0105          db ?
seg_stack:0106          db ?
seg_stack:0107          db ?
seg_stack:0108          db ?
seg_stack:0109          db ?
seg_stack:010A          db ?
seg_stack:010B          db ?
seg_stack:010C          db ?
seg_stack:010D          db ?
seg_stack:010E          db ?
seg_stack:010F          db ?
seg_stack:0110          db ?
seg_stack:0111          db ?
seg_stack:0112          db ?
seg_stack:0113          db ?
seg_stack:0114          db ?
seg_stack:0115          db ?
seg_stack:0116          db ?
seg_stack:0117          db ?
seg_stack:0118          db ?
seg_stack:0119          db ?
seg_stack:011A          db ?
seg_stack:011B          db ?
seg_stack:011C          db ?
seg_stack:011D          db ?
seg_stack:011E          db ?
seg_stack:011F          db ?
seg_stack:0120          db ?
seg_stack:0121          db ?
seg_stack:0122          db ?
seg_stack:0123          db ?
seg_stack:0124          db ?
seg_stack:0125          db ?
seg_stack:0126          db ?
seg_stack:0127          db ?
seg_stack:0128          db ?
seg_stack:0129          db ?
seg_stack:012A          db ?
seg_stack:012B          db ?
seg_stack:012C          db ?
seg_stack:012D          db ?
seg_stack:012E          db ?
seg_stack:012F          db ?
seg_stack:0130          db ?
seg_stack:0131          db ?
seg_stack:0132          db ?
seg_stack:0133          db ?
seg_stack:0134          db ?
seg_stack:0135          db ?
seg_stack:0136          db ?
seg_stack:0137          db ?
seg_stack:0138          db ?
seg_stack:0139          db ?
seg_stack:013A          db ?
seg_stack:013B          db ?
seg_stack:013C          db ?
seg_stack:013D          db ?
seg_stack:013E          db ?
seg_stack:013F          db ?
seg_stack:0140          db ?
seg_stack:0141          db ?
seg_stack:0142          db ?
seg_stack:0143          db ?
seg_stack:0144          db ?
seg_stack:0145          db ?
seg_stack:0146          db ?
seg_stack:0147          db ?
seg_stack:0148          db ?
seg_stack:0149          db ?
seg_stack:014A          db ?
seg_stack:014B          db ?
seg_stack:014C          db ?
seg_stack:014D          db ?
seg_stack:014E          db ?
seg_stack:014F          db ?
seg_stack:0150          db ?
seg_stack:0151          db ?
seg_stack:0152          db ?
seg_stack:0153          db ?
seg_stack:0154          db ?
seg_stack:0155          db ?
seg_stack:0156          db ?
seg_stack:0157          db ?
seg_stack:0158          db ?
seg_stack:0159          db ?
seg_stack:015A          db ?
seg_stack:015B          db ?
seg_stack:015C          db ?
seg_stack:015D          db ?
seg_stack:015E          db ?
seg_stack:015F          db ?
seg_stack:0160          db ?
seg_stack:0161          db ?
seg_stack:0162          db ?
seg_stack:0163          db ?
seg_stack:0164          db ?
seg_stack:0165          db ?
seg_stack:0166          db ?
seg_stack:0167          db ?
seg_stack:0168          db ?
seg_stack:0169          db ?
seg_stack:016A          db ?
seg_stack:016B          db ?
seg_stack:016C          db ?
seg_stack:016D          db ?
seg_stack:016E          db ?
seg_stack:016F          db ?
seg_stack:0170          db ?
seg_stack:0171          db ?
seg_stack:0172          db ?
seg_stack:0173          db ?
seg_stack:0174          db ?
seg_stack:0175          db ?
seg_stack:0176          db ?
seg_stack:0177          db ?
seg_stack:0178          db ?
seg_stack:0179          db ?
seg_stack:017A          db ?
seg_stack:017B          db ?
seg_stack:017C          db ?
seg_stack:017D          db ?
seg_stack:017E          db ?
seg_stack:017F          db ?
seg_stack:0180          db ?
seg_stack:0181          db ?
seg_stack:0182          db ?
seg_stack:0183          db ?
seg_stack:0184          db ?
seg_stack:0185          db ?
seg_stack:0186          db ?
seg_stack:0187          db ?
seg_stack:0188          db ?
seg_stack:0189          db ?
seg_stack:018A          db ?
seg_stack:018B          db ?
seg_stack:018C          db ?
seg_stack:018D          db ?
seg_stack:018E          db ?
seg_stack:018F          db ?
seg_stack:0190          db ?
seg_stack:0191          db ?
seg_stack:0192          db ?
seg_stack:0193          db ?
seg_stack:0194          db ?
seg_stack:0195          db ?
seg_stack:0196          db ?
seg_stack:0197          db ?
seg_stack:0198          db ?
seg_stack:0199          db ?
seg_stack:019A          db ?
seg_stack:019B          db ?
seg_stack:019C          db ?
seg_stack:019D          db ?
seg_stack:019E          db ?
seg_stack:019F          db ?
seg_stack:01A0          db ?
seg_stack:01A1          db ?
seg_stack:01A2          db ?
seg_stack:01A3          db ?
seg_stack:01A4          db ?
seg_stack:01A5          db ?
seg_stack:01A6          db ?
seg_stack:01A7          db ?
seg_stack:01A8          db ?
seg_stack:01A9          db ?
seg_stack:01AA          db ?
seg_stack:01AB          db ?
seg_stack:01AC          db ?
seg_stack:01AD          db ?
seg_stack:01AE          db ?
seg_stack:01AF          db ?
seg_stack:01B0          db ?
seg_stack:01B1          db ?
seg_stack:01B2          db ?
seg_stack:01B3          db ?
seg_stack:01B4          db ?
seg_stack:01B5          db ?
seg_stack:01B6          db ?
seg_stack:01B7          db ?
seg_stack:01B8          db ?
seg_stack:01B9          db ?
seg_stack:01BA          db ?
seg_stack:01BB          db ?
seg_stack:01BC          db ?
seg_stack:01BD          db ?
seg_stack:01BE          db ?
seg_stack:01BF          db ?
seg_stack:01C0          db ?
seg_stack:01C1          db ?
seg_stack:01C2          db ?
seg_stack:01C3          db ?
seg_stack:01C4          db ?
seg_stack:01C5          db ?
seg_stack:01C6          db ?
seg_stack:01C7          db ?
seg_stack:01C8          db ?
seg_stack:01C9          db ?
seg_stack:01CA          db ?
seg_stack:01CB          db ?
seg_stack:01CC          db ?
seg_stack:01CD          db ?
seg_stack:01CE          db ?
seg_stack:01CF          db ?
seg_stack:01D0          db ?
seg_stack:01D1          db ?
seg_stack:01D2          db ?
seg_stack:01D3          db ?
seg_stack:01D4          db ?
seg_stack:01D5          db ?
seg_stack:01D6          db ?
seg_stack:01D7          db ?
seg_stack:01D8          db ?
seg_stack:01D9          db ?
seg_stack:01DA          db ?
seg_stack:01DB          db ?
seg_stack:01DC          db ?
seg_stack:01DD          db ?
seg_stack:01DE          db ?
seg_stack:01DF          db ?
seg_stack:01E0          db ?
seg_stack:01E1          db ?
seg_stack:01E2          db ?
seg_stack:01E3          db ?
seg_stack:01E4          db ?
seg_stack:01E5          db ?
seg_stack:01E6          db ?
seg_stack:01E7          db ?
seg_stack:01E8          db ?
seg_stack:01E9          db ?
seg_stack:01EA          db ?
seg_stack:01EB          db ?
seg_stack:01EC          db ?
seg_stack:01ED          db ?
seg_stack:01EE          db ?
seg_stack:01EF          db ?
seg_stack:01F0          db ?
seg_stack:01F1          db ?
seg_stack:01F2          db ?
seg_stack:01F3          db ?
seg_stack:01F4          db ?
seg_stack:01F5          db ?
seg_stack:01F6          db ?
seg_stack:01F7          db ?
seg_stack:01F8          db ?
seg_stack:01F9          db ?
seg_stack:01FA          db ?
seg_stack:01FB          db ?
seg_stack:01FC          db ?
seg_stack:01FD          db ?
seg_stack:01FE          db ?
seg_stack:01FF          db ?
seg_stack:0200          db ?
seg_stack:0201          db ?
seg_stack:0202          db ?
seg_stack:0203          db ?
seg_stack:0204          db ?
seg_stack:0205          db ?
seg_stack:0206          db ?
seg_stack:0207          db ?
seg_stack:0208          db ?
seg_stack:0209          db ?
seg_stack:020A          db ?
seg_stack:020B          db ?
seg_stack:020C          db ?
seg_stack:020D          db ?
seg_stack:020E          db ?
seg_stack:020F          db ?
seg_stack:0210          db ?
seg_stack:0211          db ?
seg_stack:0212          db ?
seg_stack:0213          db ?
seg_stack:0214          db ?
seg_stack:0215          db ?
seg_stack:0216          db ?
seg_stack:0217          db ?
seg_stack:0218          db ?
seg_stack:0219          db ?
seg_stack:021A          db ?
seg_stack:021B          db ?
seg_stack:021C          db ?
seg_stack:021D          db ?
seg_stack:021E          db ?
seg_stack:021F          db ?
seg_stack:0220          db ?
seg_stack:0221          db ?
seg_stack:0222          db ?
seg_stack:0223          db ?
seg_stack:0224          db ?
seg_stack:0225          db ?
seg_stack:0226          db ?
seg_stack:0227          db ?
seg_stack:0228          db ?
seg_stack:0229          db ?
seg_stack:022A          db ?
seg_stack:022B          db ?
seg_stack:022C          db ?
seg_stack:022D          db ?
seg_stack:022E          db ?
seg_stack:022F          db ?
seg_stack:0230          db ?
seg_stack:0231          db ?
seg_stack:0232          db ?
seg_stack:0233          db ?
seg_stack:0234          db ?
seg_stack:0235          db ?
seg_stack:0236          db ?
seg_stack:0237          db ?
seg_stack:0238          db ?
seg_stack:0239          db ?
seg_stack:023A          db ?
seg_stack:023B          db ?
seg_stack:023C          db ?
seg_stack:023D          db ?
seg_stack:023E          db ?
seg_stack:023F          db ?
seg_stack:0240          db ?
seg_stack:0241          db ?
seg_stack:0242          db ?
seg_stack:0243          db ?
seg_stack:0244          db ?
seg_stack:0245          db ?
seg_stack:0246          db ?
seg_stack:0247          db ?
seg_stack:0248          db ?
seg_stack:0249          db ?
seg_stack:024A          db ?
seg_stack:024B          db ?
seg_stack:024C          db ?
seg_stack:024D          db ?
seg_stack:024E          db ?
seg_stack:024F          db ?
seg_stack:0250          db ?
seg_stack:0251          db ?
seg_stack:0252          db ?
seg_stack:0253          db ?
seg_stack:0254          db ?
seg_stack:0255          db ?
seg_stack:0256          db ?
seg_stack:0257          db ?
seg_stack:0258          db ?
seg_stack:0259          db ?
seg_stack:025A          db ?
seg_stack:025B          db ?
seg_stack:025C          db ?
seg_stack:025D          db ?
seg_stack:025E          db ?
seg_stack:025F          db ?
seg_stack:0260          db ?
seg_stack:0261          db ?
seg_stack:0262          db ?
seg_stack:0263          db ?
seg_stack:0264          db ?
seg_stack:0265          db ?
seg_stack:0266          db ?
seg_stack:0267          db ?
seg_stack:0268          db ?
seg_stack:0269          db ?
seg_stack:026A          db ?
seg_stack:026B          db ?
seg_stack:026C          db ?
seg_stack:026D          db ?
seg_stack:026E          db ?
seg_stack:026F          db ?
seg_stack:0270          db ?
seg_stack:0271          db ?
seg_stack:0272          db ?
seg_stack:0273          db ?
seg_stack:0274          db ?
seg_stack:0275          db ?
seg_stack:0276          db ?
seg_stack:0277          db ?
seg_stack:0278          db ?
seg_stack:0279          db ?
seg_stack:027A          db ?
seg_stack:027B          db ?
seg_stack:027C          db ?
seg_stack:027D          db ?
seg_stack:027E          db ?
seg_stack:027F          db ?
seg_stack:0280          db ?
seg_stack:0281          db ?
seg_stack:0282          db ?
seg_stack:0283          db ?
seg_stack:0284          db ?
seg_stack:0285          db ?
seg_stack:0286          db ?
seg_stack:0287          db ?
seg_stack:0288          db ?
seg_stack:0289          db ?
seg_stack:028A          db ?
seg_stack:028B          db ?
seg_stack:028C          db ?
seg_stack:028D          db ?
seg_stack:028E          db ?
seg_stack:028F          db ?
seg_stack:0290          db ?
seg_stack:0291          db ?
seg_stack:0292          db ?
seg_stack:0293          db ?
seg_stack:0294          db ?
seg_stack:0295          db ?
seg_stack:0296          db ?
seg_stack:0297          db ?
seg_stack:0298          db ?
seg_stack:0299          db ?
seg_stack:029A          db ?
seg_stack:029B          db ?
seg_stack:029C          db ?
seg_stack:029D          db ?
seg_stack:029E          db ?
seg_stack:029F          db ?
seg_stack:02A0          db ?
seg_stack:02A1          db ?
seg_stack:02A2          db ?
seg_stack:02A3          db ?
seg_stack:02A4          db ?
seg_stack:02A5          db ?
seg_stack:02A6          db ?
seg_stack:02A7          db ?
seg_stack:02A8          db ?
seg_stack:02A9          db ?
seg_stack:02AA          db ?
seg_stack:02AB          db ?
seg_stack:02AC          db ?
seg_stack:02AD          db ?
seg_stack:02AE          db ?
seg_stack:02AF          db ?
seg_stack:02B0          db ?
seg_stack:02B1          db ?
seg_stack:02B2          db ?
seg_stack:02B3          db ?
seg_stack:02B4          db ?
seg_stack:02B5          db ?
seg_stack:02B6          db ?
seg_stack:02B7          db ?
seg_stack:02B8          db ?
seg_stack:02B9          db ?
seg_stack:02BA          db ?
seg_stack:02BB          db ?
seg_stack:02BC          db ?
seg_stack:02BD          db ?
seg_stack:02BE          db ?
seg_stack:02BF          db ?
seg_stack:02C0          db ?
seg_stack:02C1          db ?
seg_stack:02C2          db ?
seg_stack:02C3          db ?
seg_stack:02C4          db ?
seg_stack:02C5          db ?
seg_stack:02C6          db ?
seg_stack:02C7          db ?
seg_stack:02C8          db ?
seg_stack:02C9          db ?
seg_stack:02CA          db ?
seg_stack:02CB          db ?
seg_stack:02CC          db ?
seg_stack:02CD          db ?
seg_stack:02CE          db ?
seg_stack:02CF          db ?
seg_stack:02D0          db ?
seg_stack:02D1          db ?
seg_stack:02D2          db ?
seg_stack:02D3          db ?
seg_stack:02D4          db ?
seg_stack:02D5          db ?
seg_stack:02D6          db ?
seg_stack:02D7          db ?
seg_stack:02D8          db ?
seg_stack:02D9          db ?
seg_stack:02DA          db ?
seg_stack:02DB          db ?
seg_stack:02DC          db ?
seg_stack:02DD          db ?
seg_stack:02DE          db ?
seg_stack:02DF          db ?
seg_stack:02E0          db ?
seg_stack:02E1          db ?
seg_stack:02E2          db ?
seg_stack:02E3          db ?
seg_stack:02E4          db ?
seg_stack:02E5          db ?
seg_stack:02E6          db ?
seg_stack:02E7          db ?
seg_stack:02E8          db ?
seg_stack:02E9          db ?
seg_stack:02EA          db ?
seg_stack:02EB          db ?
seg_stack:02EC          db ?
seg_stack:02ED          db ?
seg_stack:02EE          db ?
seg_stack:02EF          db ?
seg_stack:02F0          db ?
seg_stack:02F1          db ?
seg_stack:02F2          db ?
seg_stack:02F3          db ?
seg_stack:02F4          db ?
seg_stack:02F5          db ?
seg_stack:02F6          db ?
seg_stack:02F7          db ?
seg_stack:02F8          db ?
seg_stack:02F9          db ?
seg_stack:02FA          db ?
seg_stack:02FB          db ?
seg_stack:02FC          db ?
seg_stack:02FD          db ?
seg_stack:02FE          db ?
seg_stack:02FF          db ?
seg_stack:0300          db ?
seg_stack:0301          db ?
seg_stack:0302          db ?
seg_stack:0303          db ?
seg_stack:0304          db ?
seg_stack:0305          db ?
seg_stack:0306          db ?
seg_stack:0307          db ?
seg_stack:0308          db ?
seg_stack:0309          db ?
seg_stack:030A          db ?
seg_stack:030B          db ?
seg_stack:030C          db ?
seg_stack:030D          db ?
seg_stack:030E          db ?
seg_stack:030F          db ?
seg_stack:0310          db ?
seg_stack:0311          db ?
seg_stack:0312          db ?
seg_stack:0313          db ?
seg_stack:0314          db ?
seg_stack:0315          db ?
seg_stack:0316          db ?
seg_stack:0317          db ?
seg_stack:0318          db ?
seg_stack:0319          db ?
seg_stack:031A          db ?
seg_stack:031B          db ?
seg_stack:031C          db ?
seg_stack:031D          db ?
seg_stack:031E          db ?
seg_stack:031F          db ?
seg_stack:0320          db ?
seg_stack:0321          db ?
seg_stack:0322          db ?
seg_stack:0323          db ?
seg_stack:0324          db ?
seg_stack:0325          db ?
seg_stack:0326          db ?
seg_stack:0327          db ?
seg_stack:0328          db ?
seg_stack:0329          db ?
seg_stack:032A          db ?
seg_stack:032B          db ?
seg_stack:032C          db ?
seg_stack:032D          db ?
seg_stack:032E          db ?
seg_stack:032F          db ?
seg_stack:0330          db ?
seg_stack:0331          db ?
seg_stack:0332          db ?
seg_stack:0333          db ?
seg_stack:0334          db ?
seg_stack:0335          db ?
seg_stack:0336          db ?
seg_stack:0337          db ?
seg_stack:0338          db ?
seg_stack:0339          db ?
seg_stack:033A          db ?
seg_stack:033B          db ?
seg_stack:033C          db ?
seg_stack:033D          db ?
seg_stack:033E          db ?
seg_stack:033F          db ?
seg_stack:0340          db ?
seg_stack:0341          db ?
seg_stack:0342          db ?
seg_stack:0343          db ?
seg_stack:0344          db ?
seg_stack:0345          db ?
seg_stack:0346          db ?
seg_stack:0347          db ?
seg_stack:0348          db ?
seg_stack:0349          db ?
seg_stack:034A          db ?
seg_stack:034B          db ?
seg_stack:034C          db ?
seg_stack:034D          db ?
seg_stack:034E          db ?
seg_stack:034F          db ?
seg_stack:0350          db ?
seg_stack:0351          db ?
seg_stack:0352          db ?
seg_stack:0353          db ?
seg_stack:0354          db ?
seg_stack:0355          db ?
seg_stack:0356          db ?
seg_stack:0357          db ?
seg_stack:0358          db ?
seg_stack:0359          db ?
seg_stack:035A          db ?
seg_stack:035B          db ?
seg_stack:035C          db ?
seg_stack:035D          db ?
seg_stack:035E          db ?
seg_stack:035F          db ?
seg_stack:0360          db ?
seg_stack:0361          db ?
seg_stack:0362          db ?
seg_stack:0363          db ?
seg_stack:0364          db ?
seg_stack:0365          db ?
seg_stack:0366          db ?
seg_stack:0367          db ?
seg_stack:0368          db ?
seg_stack:0369          db ?
seg_stack:036A          db ?
seg_stack:036B          db ?
seg_stack:036C          db ?
seg_stack:036D          db ?
seg_stack:036E          db ?
seg_stack:036F          db ?
seg_stack:0370          db ?
seg_stack:0371          db ?
seg_stack:0372          db ?
seg_stack:0373          db ?
seg_stack:0374          db ?
seg_stack:0375          db ?
seg_stack:0376          db ?
seg_stack:0377          db ?
seg_stack:0378          db ?
seg_stack:0379          db ?
seg_stack:037A          db ?
seg_stack:037B          db ?
seg_stack:037C          db ?
seg_stack:037D          db ?
seg_stack:037E          db ?
seg_stack:037F          db ?
seg_stack:0380          db ?
seg_stack:0381          db ?
seg_stack:0382          db ?
seg_stack:0383          db ?
seg_stack:0384          db ?
seg_stack:0385          db ?
seg_stack:0386          db ?
seg_stack:0387          db ?
seg_stack:0388          db ?
seg_stack:0389          db ?
seg_stack:038A          db ?
seg_stack:038B          db ?
seg_stack:038C          db ?
seg_stack:038D          db ?
seg_stack:038E          db ?
seg_stack:038F          db ?
seg_stack:0390          db ?
seg_stack:0391          db ?
seg_stack:0392          db ?
seg_stack:0393          db ?
seg_stack:0394          db ?
seg_stack:0395          db ?
seg_stack:0396          db ?
seg_stack:0397          db ?
seg_stack:0398          db ?
seg_stack:0399          db ?
seg_stack:039A          db ?
seg_stack:039B          db ?
seg_stack:039C          db ?
seg_stack:039D          db ?
seg_stack:039E          db ?
seg_stack:039F          db ?
seg_stack:03A0          db ?
seg_stack:03A1          db ?
seg_stack:03A2          db ?
seg_stack:03A3          db ?
seg_stack:03A4          db ?
seg_stack:03A5          db ?
seg_stack:03A6          db ?
seg_stack:03A7          db ?
seg_stack:03A8          db ?
seg_stack:03A9          db ?
seg_stack:03AA          db ?
seg_stack:03AB          db ?
seg_stack:03AC          db ?
seg_stack:03AD          db ?
seg_stack:03AE          db ?
seg_stack:03AF          db ?
seg_stack:03B0          db ?
seg_stack:03B1          db ?
seg_stack:03B2          db ?
seg_stack:03B3          db ?
seg_stack:03B4          db ?
seg_stack:03B5          db ?
seg_stack:03B6          db ?
seg_stack:03B7          db ?
seg_stack:03B8          db ?
seg_stack:03B9          db ?
seg_stack:03BA          db ?
seg_stack:03BB          db ?
seg_stack:03BC          db ?
seg_stack:03BD          db ?
seg_stack:03BE          db ?
seg_stack:03BF          db ?
seg_stack:03C0          db ?
seg_stack:03C1          db ?
seg_stack:03C2          db ?
seg_stack:03C3          db ?
seg_stack:03C4          db ?
seg_stack:03C5          db ?
seg_stack:03C6          db ?
seg_stack:03C7          db ?
seg_stack:03C8          db ?
seg_stack:03C9          db ?
seg_stack:03CA          db ?
seg_stack:03CB          db ?
seg_stack:03CC          db ?
seg_stack:03CD          db ?
seg_stack:03CE          db ?
seg_stack:03CF          db ?
seg_stack:03D0          db ?
seg_stack:03D1          db ?
seg_stack:03D2          db ?
seg_stack:03D3          db ?
seg_stack:03D4          db ?
seg_stack:03D5          db ?
seg_stack:03D6          db ?
seg_stack:03D7          db ?
seg_stack:03D8          db ?
seg_stack:03D9          db ?
seg_stack:03DA          db ?
seg_stack:03DB          db ?
seg_stack:03DC          db ?
seg_stack:03DD          db ?
seg_stack:03DE          db ?
seg_stack:03DF          db ?
seg_stack:03E0          db ?
seg_stack:03E1          db ?
seg_stack:03E2          db ?
seg_stack:03E3          db ?
seg_stack:03E4          db ?
seg_stack:03E5          db ?
seg_stack:03E6          db ?
seg_stack:03E7          db ?
seg_stack:03E8          db ?
seg_stack:03E9          db ?
seg_stack:03EA          db ?
seg_stack:03EB          db ?
seg_stack:03EC          db ?
seg_stack:03ED          db ?
seg_stack:03EE          db ?
seg_stack:03EF          db ?
seg_stack:03F0          db ?
seg_stack:03F1          db ?
seg_stack:03F2          db ?
seg_stack:03F3          db ?
seg_stack:03F4          db ?
seg_stack:03F5          db ?
seg_stack:03F6          db ?
seg_stack:03F7          db ?
seg_stack:03F8          db ?
seg_stack:03F9          db ?
seg_stack:03FA          db ?
seg_stack:03FB          db ?
seg_stack:03FC          db ?
seg_stack:03FD          db ?
seg_stack:03FE          db ?
seg_stack:03FF          db ?
seg_stack:0400          db ?
seg_stack:0401          db ?
seg_stack:0402          db ?
seg_stack:0403          db ?
seg_stack:0404          db ?
seg_stack:0405          db ?
seg_stack:0406          db ?
seg_stack:0407          db ?
seg_stack:0408          db ?
seg_stack:0409          db ?
seg_stack:040A          db ?
seg_stack:040B          db ?
seg_stack:040C          db ?
seg_stack:040D          db ?
seg_stack:040E          db ?
seg_stack:040F          db ?
seg_stack:0410          db ?
seg_stack:0411          db ?
seg_stack:0412          db ?
seg_stack:0413          db ?
seg_stack:0414          db ?
seg_stack:0415          db ?
seg_stack:0416          db ?
seg_stack:0417          db ?
seg_stack:0418          db ?
seg_stack:0419          db ?
seg_stack:041A          db ?
seg_stack:041B          db ?
seg_stack:041C          db ?
seg_stack:041D          db ?
seg_stack:041E          db ?
seg_stack:041F          db ?
seg_stack:0420          db ?
seg_stack:0421          db ?
seg_stack:0422          db ?
seg_stack:0423          db ?
seg_stack:0424          db ?
seg_stack:0425          db ?
seg_stack:0426          db ?
seg_stack:0427          db ?
seg_stack:0428          db ?
seg_stack:0429          db ?
seg_stack:042A          db ?
seg_stack:042B          db ?
seg_stack:042C          db ?
seg_stack:042D          db ?
seg_stack:042E          db ?
seg_stack:042F          db ?
seg_stack:0430          db ?
seg_stack:0431          db ?
seg_stack:0432          db ?
seg_stack:0433          db ?
seg_stack:0434          db ?
seg_stack:0435          db ?
seg_stack:0436          db ?
seg_stack:0437          db ?
seg_stack:0438          db ?
seg_stack:0439          db ?
seg_stack:043A          db ?
seg_stack:043B          db ?
seg_stack:043C          db ?
seg_stack:043D          db ?
seg_stack:043E          db ?
seg_stack:043F          db ?
seg_stack:0440          db ?
seg_stack:0441          db ?
seg_stack:0442          db ?
seg_stack:0443          db ?
seg_stack:0444          db ?
seg_stack:0445          db ?
seg_stack:0446          db ?
seg_stack:0447          db ?
seg_stack:0448          db ?
seg_stack:0449          db ?
seg_stack:044A          db ?
seg_stack:044B          db ?
seg_stack:044C          db ?
seg_stack:044D          db ?
seg_stack:044E          db ?
seg_stack:044F          db ?
seg_stack:0450          db ?
seg_stack:0451          db ?
seg_stack:0452          db ?
seg_stack:0453          db ?
seg_stack:0454          db ?
seg_stack:0455          db ?
seg_stack:0456          db ?
seg_stack:0457          db ?
seg_stack:0458          db ?
seg_stack:0459          db ?
seg_stack:045A          db ?
seg_stack:045B          db ?
seg_stack:045C          db ?
seg_stack:045D          db ?
seg_stack:045E          db ?
seg_stack:045F          db ?
seg_stack:0460          db ?
seg_stack:0461          db ?
seg_stack:0462          db ?
seg_stack:0463          db ?
seg_stack:0464          db ?
seg_stack:0465          db ?
seg_stack:0466          db ?
seg_stack:0467          db ?
seg_stack:0468          db ?
seg_stack:0469          db ?
seg_stack:046A          db ?
seg_stack:046B          db ?
seg_stack:046C          db ?
seg_stack:046D          db ?
seg_stack:046E          db ?
seg_stack:046F          db ?
seg_stack:0470          db ?
seg_stack:0471          db ?
seg_stack:0472          db ?
seg_stack:0473          db ?
seg_stack:0474          db ?
seg_stack:0475          db ?
seg_stack:0476          db ?
seg_stack:0477          db ?
seg_stack:0478          db ?
seg_stack:0479          db ?
seg_stack:047A          db ?
seg_stack:047B          db ?
seg_stack:047C          db ?
seg_stack:047D          db ?
seg_stack:047E          db ?
seg_stack:047F          db ?
seg_stack:0480          db ?
seg_stack:0481          db ?
seg_stack:0482          db ?
seg_stack:0483          db ?
seg_stack:0484          db ?
seg_stack:0485          db ?
seg_stack:0486          db ?
seg_stack:0487          db ?
seg_stack:0488          db ?
seg_stack:0489          db ?
seg_stack:048A          db ?
seg_stack:048B          db ?
seg_stack:048C          db ?
seg_stack:048D          db ?
seg_stack:048E          db ?
seg_stack:048F          db ?
seg_stack:0490          db ?
seg_stack:0491          db ?
seg_stack:0492          db ?
seg_stack:0493          db ?
seg_stack:0494          db ?
seg_stack:0495          db ?
seg_stack:0496          db ?
seg_stack:0497          db ?
seg_stack:0498          db ?
seg_stack:0499          db ?
seg_stack:049A          db ?
seg_stack:049B          db ?
seg_stack:049C          db ?
seg_stack:049D          db ?
seg_stack:049E          db ?
seg_stack:049F          db ?
seg_stack:04A0          db ?
seg_stack:04A1          db ?
seg_stack:04A2          db ?
seg_stack:04A3          db ?
seg_stack:04A4          db ?
seg_stack:04A5          db ?
seg_stack:04A6          db ?
seg_stack:04A7          db ?
seg_stack:04A8          db ?
seg_stack:04A9          db ?
seg_stack:04AA          db ?
seg_stack:04AB          db ?
seg_stack:04AC          db ?
seg_stack:04AD          db ?
seg_stack:04AE          db ?
seg_stack:04AF          db ?
seg_stack:04B0          db ?
seg_stack:04B1          db ?
seg_stack:04B2          db ?
seg_stack:04B3          db ?
seg_stack:04B4          db ?
seg_stack:04B5          db ?
seg_stack:04B6          db ?
seg_stack:04B7          db ?
seg_stack:04B8          db ?
seg_stack:04B9          db ?
seg_stack:04BA          db ?
seg_stack:04BB          db ?
seg_stack:04BC          db ?
seg_stack:04BD          db ?
seg_stack:04BE          db ?
seg_stack:04BF          db ?
seg_stack:04C0          db ?
seg_stack:04C1          db ?
seg_stack:04C2          db ?
seg_stack:04C3          db ?
seg_stack:04C4          db ?
seg_stack:04C5          db ?
seg_stack:04C6          db ?
seg_stack:04C7          db ?
seg_stack:04C8          db ?
seg_stack:04C9          db ?
seg_stack:04CA          db ?
seg_stack:04CB          db ?
seg_stack:04CC          db ?
seg_stack:04CD          db ?
seg_stack:04CE          db ?
seg_stack:04CF          db ?
seg_stack:04D0          db ?
seg_stack:04D1          db ?
seg_stack:04D2          db ?
seg_stack:04D3          db ?
seg_stack:04D4          db ?
seg_stack:04D5          db ?
seg_stack:04D6          db ?
seg_stack:04D7          db ?
seg_stack:04D8          db ?
seg_stack:04D9          db ?
seg_stack:04DA          db ?
seg_stack:04DB          db ?
seg_stack:04DC          db ?
seg_stack:04DD          db ?
seg_stack:04DE          db ?
seg_stack:04DF          db ?
seg_stack:04E0          db ?
seg_stack:04E1          db ?
seg_stack:04E2          db ?
seg_stack:04E3          db ?
seg_stack:04E4          db ?
seg_stack:04E5          db ?
seg_stack:04E6          db ?
seg_stack:04E7          db ?
seg_stack:04E8          db ?
seg_stack:04E9          db ?
seg_stack:04EA          db ?
seg_stack:04EB          db ?
seg_stack:04EC          db ?
seg_stack:04ED          db ?
seg_stack:04EE          db ?
seg_stack:04EF          db ?
seg_stack:04F0          db ?
seg_stack:04F1          db ?
seg_stack:04F2          db ?
seg_stack:04F3          db ?
seg_stack:04F4          db ?
seg_stack:04F5          db ?
seg_stack:04F6          db ?
seg_stack:04F7          db ?
seg_stack:04F8          db ?
seg_stack:04F9          db ?
seg_stack:04FA          db ?
seg_stack:04FB          db ?
seg_stack:04FC          db ?
seg_stack:04FD          db ?
seg_stack:04FE          db ?
seg_stack:04FF          db ?
seg_stack:0500          db ?
seg_stack:0501          db ?
seg_stack:0502          db ?
seg_stack:0503          db ?
seg_stack:0504          db ?
seg_stack:0505          db ?
seg_stack:0506          db ?
seg_stack:0507          db ?
seg_stack:0508          db ?
seg_stack:0509          db ?
seg_stack:050A          db ?
seg_stack:050B          db ?
seg_stack:050C          db ?
seg_stack:050D          db ?
seg_stack:050E          db ?
seg_stack:050F          db ?
seg_stack:0510          db ?
seg_stack:0511          db ?
seg_stack:0512          db ?
seg_stack:0513          db ?
seg_stack:0514          db ?
seg_stack:0515          db ?
seg_stack:0516          db ?
seg_stack:0517          db ?
seg_stack:0518          db ?
seg_stack:0519          db ?
seg_stack:051A          db ?
seg_stack:051B          db ?
seg_stack:051C          db ?
seg_stack:051D          db ?
seg_stack:051E          db ?
seg_stack:051F          db ?
seg_stack:0520          db ?
seg_stack:0521          db ?
seg_stack:0522          db ?
seg_stack:0523          db ?
seg_stack:0524          db ?
seg_stack:0525          db ?
seg_stack:0526          db ?
seg_stack:0527          db ?
seg_stack:0528          db ?
seg_stack:0529          db ?
seg_stack:052A          db ?
seg_stack:052B          db ?
seg_stack:052C          db ?
seg_stack:052D          db ?
seg_stack:052E          db ?
seg_stack:052F          db ?
seg_stack:0530          db ?
seg_stack:0531          db ?
seg_stack:0532          db ?
seg_stack:0533          db ?
seg_stack:0534          db ?
seg_stack:0535          db ?
seg_stack:0536          db ?
seg_stack:0537          db ?
seg_stack:0538 word_14D18      db ?                    ; DATA XREF: sub_12A81+234↑r
seg_stack:0539          db ?
seg_stack:053A          db ?
seg_stack:053B          db ?
seg_stack:053C          db ?
seg_stack:053D          db ?
seg_stack:053E          db ?
seg_stack:053F          db ?
seg_stack:0540          db ?
seg_stack:0541          db ?
seg_stack:0542          db ?
seg_stack:0543          db ?
seg_stack:0544          db ?
seg_stack:0545          db ?
seg_stack:0546          db ?
seg_stack:0547          db ?
seg_stack:0548          db ?
seg_stack:0549          db ?
seg_stack:054A          db ?
seg_stack:054B          db ?
seg_stack:054C          db ?
seg_stack:054D          db ?
seg_stack:054E          db ?
seg_stack:054F          db ?
seg_stack:0550          db ?
seg_stack:0551          db ?
seg_stack:0552          db ?
seg_stack:0553          db ?
seg_stack:0554          db ?
seg_stack:0555          db ?
seg_stack:0556          db ?
seg_stack:0557          db ?
seg_stack:0558          db ?
seg_stack:0559          db ?
seg_stack:055A          db ?
seg_stack:055B          db ?
seg_stack:055C          db ?
seg_stack:055D          db ?
seg_stack:055E          db ?
seg_stack:055F          db ?
seg_stack:0560          db ?
seg_stack:0561          db ?
seg_stack:0562          db ?
seg_stack:0563          db ?
seg_stack:0564          db ?
seg_stack:0565          db ?
seg_stack:0566          db ?
seg_stack:0567          db ?
seg_stack:0568          db ?
seg_stack:0569          db ?
seg_stack:056A          db ?
seg_stack:056B          db ?
seg_stack:056C          db ?
seg_stack:056D          db ?
seg_stack:056E          db ?
seg_stack:056F          db ?
seg_stack:0570          db ?
seg_stack:0571          db ?
seg_stack:0572          db ?
seg_stack:0573          db ?
seg_stack:0574          db ?
seg_stack:0575          db ?
seg_stack:0576          db ?
seg_stack:0577          db ?
seg_stack:0578          db ?
seg_stack:0579          db ?
seg_stack:057A          db ?
seg_stack:057B          db ?
seg_stack:057C          db ?
seg_stack:057D          db ?
seg_stack:057E          db ?
seg_stack:057F          db ?
seg_stack:0580          db ?
seg_stack:0581          db ?
seg_stack:0582          db ?
seg_stack:0583          db ?
seg_stack:0584          db ?
seg_stack:0585          db ?
seg_stack:0586          db ?
seg_stack:0587          db ?
seg_stack:0588          db ?
seg_stack:0589          db ?
seg_stack:058A          db ?
seg_stack:058B          db ?
seg_stack:058C          db ?
seg_stack:058D          db ?
seg_stack:058E          db ?
seg_stack:058F          db ?
seg_stack:0590          db ?
seg_stack:0591          db ?
seg_stack:0592          db ?
seg_stack:0593          db ?
seg_stack:0594          db ?
seg_stack:0595          db ?
seg_stack:0596          db ?
seg_stack:0597          db ?
seg_stack:0598          db ?
seg_stack:0599          db ?
seg_stack:059A          db ?
seg_stack:059B          db ?
seg_stack:059C          db ?
seg_stack:059D          db ?
seg_stack:059E          db ?
seg_stack:059F          db ?
seg_stack:05A0          db ?
seg_stack:05A1          db ?
seg_stack:05A2          db ?
seg_stack:05A3          db ?
seg_stack:05A4          db ?
seg_stack:05A5          db ?
seg_stack:05A6          db ?
seg_stack:05A7          db ?
seg_stack:05A8          db ?
seg_stack:05A9          db ?
seg_stack:05AA          db ?
seg_stack:05AB          db ?
seg_stack:05AC          db ?
seg_stack:05AD          db ?
seg_stack:05AE          db ?
seg_stack:05AF          db ?
seg_stack:05B0          db ?
seg_stack:05B1          db ?
seg_stack:05B2          db ?
seg_stack:05B3          db ?
seg_stack:05B4          db ?
seg_stack:05B5          db ?
seg_stack:05B6          db ?
seg_stack:05B7          db ?
seg_stack:05B8          db ?
seg_stack:05B9          db ?
seg_stack:05BA          db ?
seg_stack:05BB          db ?
seg_stack:05BC          db ?
seg_stack:05BD          db ?
seg_stack:05BE          db ?
seg_stack:05BF          db ?
seg_stack:05C0          db ?
seg_stack:05C1          db ?
seg_stack:05C2          db ?
seg_stack:05C3          db ?
seg_stack:05C4          db ?
seg_stack:05C5          db ?
seg_stack:05C6          db ?
seg_stack:05C7          db ?
seg_stack:05C8          db ?
seg_stack:05C9          db ?
seg_stack:05CA          db ?
seg_stack:05CB          db ?
seg_stack:05CC          db ?
seg_stack:05CD          db ?
seg_stack:05CE          db ?
seg_stack:05CF          db ?
seg_stack:05D0          db ?
seg_stack:05D1          db ?
seg_stack:05D2          db ?
seg_stack:05D3          db ?
seg_stack:05D4          db ?
seg_stack:05D5          db ?
seg_stack:05D6          db ?
seg_stack:05D7          db ?
seg_stack:05D8          db ?
seg_stack:05D9          db ?
seg_stack:05DA          db ?
seg_stack:05DB          db ?
seg_stack:05DC          db ?
seg_stack:05DD          db ?
seg_stack:05DE          db ?
seg_stack:05DF          db ?
seg_stack:05E0          db ?
seg_stack:05E1          db ?
seg_stack:05E2          db ?
seg_stack:05E3          db ?
seg_stack:05E4          db ?
seg_stack:05E5          db ?
seg_stack:05E6          db ?
seg_stack:05E7          db ?
seg_stack:05E8          db ?
seg_stack:05E9          db ?
seg_stack:05EA          db ?
seg_stack:05EB          db ?
seg_stack:05EC          db ?
seg_stack:05ED          db ?
seg_stack:05EE          db ?
seg_stack:05EF          db ?
seg_stack:05F0          db ?
seg_stack:05F1          db ?
seg_stack:05F2          db ?
seg_stack:05F3          db ?
seg_stack:05F4          db ?
seg_stack:05F5          db ?
seg_stack:05F6          db ?
seg_stack:05F7          db ?
seg_stack:05F8          db ?
seg_stack:05F9          db ?
seg_stack:05FA          db ?
seg_stack:05FB          db ?
seg_stack:05FC          db ?
seg_stack:05FD          db ?
seg_stack:05FE          db ?
seg_stack:05FF          db ?
seg_stack:0600          db ?
seg_stack:0601          db ?
seg_stack:0602          db ?
seg_stack:0603          db ?
seg_stack:0604          db ?
seg_stack:0605          db ?
seg_stack:0606          db ?
seg_stack:0607          db ?
seg_stack:0608          db ?
seg_stack:0609          db ?
seg_stack:060A          db ?
seg_stack:060B          db ?
seg_stack:060C          db ?
seg_stack:060D          db ?
seg_stack:060E          db ?
seg_stack:060F          db ?
seg_stack:0610          db ?
seg_stack:0611          db ?
seg_stack:0612          db ?
seg_stack:0613          db ?
seg_stack:0614          db ?
seg_stack:0615          db ?
seg_stack:0616          db ?
seg_stack:0617          db ?
seg_stack:0618          db ?
seg_stack:0619          db ?
seg_stack:061A          db ?
seg_stack:061B          db ?
seg_stack:061C          db ?
seg_stack:061D          db ?
seg_stack:061E          db ?
seg_stack:061F          db ?
seg_stack:0620          db ?
seg_stack:0621          db ?
seg_stack:0622          db ?
seg_stack:0623          db ?
seg_stack:0624          db ?
seg_stack:0625          db ?
seg_stack:0626          db ?
seg_stack:0627          db ?
seg_stack:0628          db ?
seg_stack:0629          db ?
seg_stack:062A          db ?
seg_stack:062B          db ?
seg_stack:062C          db ?
seg_stack:062D          db ?
seg_stack:062E          db ?
seg_stack:062F          db ?
seg_stack:0630          db ?
seg_stack:0631          db ?
seg_stack:0632          db ?
seg_stack:0633          db ?
seg_stack:0634          db ?
seg_stack:0635          db ?
seg_stack:0636          db ?
seg_stack:0637          db ?
seg_stack:0638          db ?
seg_stack:0639          db ?
seg_stack:063A          db ?
seg_stack:063B          db ?
seg_stack:063C          db ?
seg_stack:063D          db ?
seg_stack:063E          db ?
seg_stack:063F          db ?
seg_stack:0640          db ?
seg_stack:0641          db ?
seg_stack:0642          db ?
seg_stack:0643          db ?
seg_stack:0644          db ?
seg_stack:0645          db ?
seg_stack:0646          db ?
seg_stack:0647          db ?
seg_stack:0648          db ?
seg_stack:0649          db ?
seg_stack:064A          db ?
seg_stack:064B          db ?
seg_stack:064C          db ?
seg_stack:064D          db ?
seg_stack:064E          db ?
seg_stack:064F          db ?
seg_stack:0650          db ?
seg_stack:0651          db ?
seg_stack:0652          db ?
seg_stack:0653          db ?
seg_stack:0654          db ?
seg_stack:0655          db ?
seg_stack:0656          db ?
seg_stack:0657          db ?
seg_stack:0658          db ?
seg_stack:0659          db ?
seg_stack:065A          db ?
seg_stack:065B          db ?
seg_stack:065C          db ?
seg_stack:065D          db ?
seg_stack:065E          db ?
seg_stack:065F          db ?
seg_stack:0660          db ?
seg_stack:0661          db ?
seg_stack:0662          db ?
seg_stack:0663          db ?
seg_stack:0664          db ?
seg_stack:0665          db ?
seg_stack:0666          db ?
seg_stack:0667          db ?
seg_stack:0668          db ?
seg_stack:0669          db ?
seg_stack:066A          db ?
seg_stack:066B          db ?
seg_stack:066C          db ?
seg_stack:066D          db ?
seg_stack:066E          db ?
seg_stack:066F          db ?
seg_stack:0670          db ?
seg_stack:0671          db ?
seg_stack:0672          db ?
seg_stack:0673          db ?
seg_stack:0674          db ?
seg_stack:0675          db ?
seg_stack:0676          db ?
seg_stack:0677          db ?
seg_stack:0678          db ?
seg_stack:0679          db ?
seg_stack:067A          db ?
seg_stack:067B          db ?
seg_stack:067C          db ?
seg_stack:067D          db ?
seg_stack:067E          db ?
seg_stack:067F          db ?
seg_stack:0680          db ?
seg_stack:0681          db ?
seg_stack:0682          db ?
seg_stack:0683          db ?
seg_stack:0684          db ?
seg_stack:0685          db ?
seg_stack:0686          db ?
seg_stack:0687          db ?
seg_stack:0688          db ?
seg_stack:0689          db ?
seg_stack:068A          db ?
seg_stack:068B          db ?
seg_stack:068C          db ?
seg_stack:068D          db ?
seg_stack:068E          db ?
seg_stack:068F          db ?
seg_stack:0690          db ?
seg_stack:0691          db ?
seg_stack:0692          db ?
seg_stack:0693          db ?
seg_stack:0694          db ?
seg_stack:0695          db ?
seg_stack:0696          db ?
seg_stack:0697          db ?
seg_stack:0698          db ?
seg_stack:0699          db ?
seg_stack:069A          db ?
seg_stack:069B          db ?
seg_stack:069C          db ?
seg_stack:069D          db ?
seg_stack:069E          db ?
seg_stack:069F          db ?
seg_stack:06A0          db ?
seg_stack:06A1          db ?
seg_stack:06A2          db ?
seg_stack:06A3          db ?
seg_stack:06A4          db ?
seg_stack:06A5          db ?
seg_stack:06A6          db ?
seg_stack:06A7          db ?
seg_stack:06A8          db ?
seg_stack:06A9          db ?
seg_stack:06AA          db ?
seg_stack:06AB          db ?
seg_stack:06AC          db ?
seg_stack:06AD          db ?
seg_stack:06AE          db ?
seg_stack:06AF          db ?
seg_stack:06B0          db ?
seg_stack:06B1          db ?
seg_stack:06B2          db ?
seg_stack:06B3          db ?
seg_stack:06B4          db ?
seg_stack:06B5          db ?
seg_stack:06B6          db ?
seg_stack:06B7          db ?
seg_stack:06B8          db ?
seg_stack:06B9          db ?
seg_stack:06BA          db ?
seg_stack:06BB          db ?
seg_stack:06BC          db ?
seg_stack:06BD          db ?
seg_stack:06BE          db ?
seg_stack:06BF          db ?
seg_stack:06C0          db ?
seg_stack:06C1          db ?
seg_stack:06C2          db ?
seg_stack:06C3          db ?
seg_stack:06C4          db ?
seg_stack:06C5          db ?
seg_stack:06C6          db ?
seg_stack:06C7          db ?
seg_stack:06C8          db ?
seg_stack:06C9          db ?
seg_stack:06CA          db ?
seg_stack:06CB          db ?
seg_stack:06CC          db ?
seg_stack:06CD          db ?
seg_stack:06CE          db ?
seg_stack:06CF          db ?
seg_stack:06D0          db ?
seg_stack:06D1          db ?
seg_stack:06D2          db ?
seg_stack:06D3          db ?
seg_stack:06D4          db ?
seg_stack:06D5          db ?
seg_stack:06D6          db ?
seg_stack:06D7          db ?
seg_stack:06D8          db ?
seg_stack:06D9          db ?
seg_stack:06DA          db ?
seg_stack:06DB          db ?
seg_stack:06DC          db ?
seg_stack:06DD          db ?
seg_stack:06DE          db ?
seg_stack:06DF          db ?
seg_stack:06E0          db ?
seg_stack:06E1          db ?
seg_stack:06E2          db ?
seg_stack:06E3          db ?
seg_stack:06E4          db ?
seg_stack:06E5          db ?
seg_stack:06E6          db ?
seg_stack:06E7          db ?
seg_stack:06E8          db ?
seg_stack:06E9          db ?
seg_stack:06EA          db ?
seg_stack:06EB          db ?
seg_stack:06EC          db ?
seg_stack:06ED          db ?
seg_stack:06EE          db ?
seg_stack:06EF          db ?
seg_stack:06F0          db ?
seg_stack:06F1          db ?
seg_stack:06F2          db ?
seg_stack:06F3          db ?
seg_stack:06F4          db ?
seg_stack:06F5          db ?
seg_stack:06F6          db ?
seg_stack:06F7          db ?
seg_stack:06F8          db ?
seg_stack:06F9          db ?
seg_stack:06FA          db ?
seg_stack:06FB          db ?
seg_stack:06FC          db ?
seg_stack:06FD          db ?
seg_stack:06FE          db ?
seg_stack:06FF          db ?
seg_stack:0700          db ?
seg_stack:0701          db ?
seg_stack:0702          db ?
seg_stack:0703          db ?
seg_stack:0704          db ?
seg_stack:0705          db ?
seg_stack:0706          db ?
seg_stack:0707          db ?
seg_stack:0708          db ?
seg_stack:0709          db ?
seg_stack:070A          db ?
seg_stack:070B          db ?
seg_stack:070C          db ?
seg_stack:070D          db ?
seg_stack:070E          db ?
seg_stack:070F          db ?
seg_stack:0710          db ?
seg_stack:0711          db ?
seg_stack:0712          db ?
seg_stack:0713          db ?
seg_stack:0714          db ?
seg_stack:0715          db ?
seg_stack:0716          db ?
seg_stack:0717          db ?
seg_stack:0718          db ?
seg_stack:0719          db ?
seg_stack:071A          db ?
seg_stack:071B          db ?
seg_stack:071C          db ?
seg_stack:071D          db ?
seg_stack:071E          db ?
seg_stack:071F          db ?
seg_stack:0720          db ?
seg_stack:0721          db ?
seg_stack:0722          db ?
seg_stack:0723          db ?
seg_stack:0724          db ?
seg_stack:0725          db ?
seg_stack:0726          db ?
seg_stack:0727          db ?
seg_stack:0728          db ?
seg_stack:0729          db ?
seg_stack:072A          db ?
seg_stack:072B          db ?
seg_stack:072C          db ?
seg_stack:072D          db ?
seg_stack:072E          db ?
seg_stack:072F          db ?
seg_stack:0730          db ?
seg_stack:0731          db ?
seg_stack:0732          db ?
seg_stack:0733          db ?
seg_stack:0734          db ?
seg_stack:0735          db ?
seg_stack:0736          db ?
seg_stack:0737          db ?
seg_stack:0738          db ?
seg_stack:0739          db ?
seg_stack:073A          db ?
seg_stack:073B          db ?
seg_stack:073C          db ?
seg_stack:073D          db ?
seg_stack:073E          db ?
seg_stack:073F          db ?
seg_stack:0740          db ?
seg_stack:0741          db ?
seg_stack:0742          db ?
seg_stack:0743          db ?
seg_stack:0744          db ?
seg_stack:0745          db ?
seg_stack:0746          db ?
seg_stack:0747          db ?
seg_stack:0748          db ?
seg_stack:0749          db ?
seg_stack:074A          db ?
seg_stack:074B          db ?
seg_stack:074C          db ?
seg_stack:074D          db ?
seg_stack:074E          db ?
seg_stack:074F          db ?
seg_stack:0750          db ?
seg_stack:0751          db ?
seg_stack:0752          db ?
seg_stack:0753          db ?
seg_stack:0754          db ?
seg_stack:0755          db ?
seg_stack:0756          db ?
seg_stack:0757          db ?
seg_stack:0758          db ?
seg_stack:0759          db ?
seg_stack:075A          db ?
seg_stack:075B          db ?
seg_stack:075C          db ?
seg_stack:075D          db ?
seg_stack:075E          db ?
seg_stack:075F          db ?
seg_stack:0760          db ?
seg_stack:0761          db ?
seg_stack:0762          db ?
seg_stack:0763          db ?
seg_stack:0764          db ?
seg_stack:0765          db ?
seg_stack:0766          db ?
seg_stack:0767          db ?
seg_stack:0768          db ?
seg_stack:0769          db ?
seg_stack:076A          db ?
seg_stack:076B          db ?
seg_stack:076C          db ?
seg_stack:076D          db ?
seg_stack:076E          db ?
seg_stack:076F          db ?
seg_stack:0770          db ?
seg_stack:0771          db ?
seg_stack:0772          db ?
seg_stack:0773          db ?
seg_stack:0774          db ?
seg_stack:0775          db ?
seg_stack:0776          db ?
seg_stack:0777          db ?
seg_stack:0778          db ?
seg_stack:0779          db ?
seg_stack:077A          db ?
seg_stack:077B          db ?
seg_stack:077C          db ?
seg_stack:077D          db ?
seg_stack:077E          db ?
seg_stack:077F          db ?
seg_stack:0780          db ?
seg_stack:0781          db ?
seg_stack:0782          db ?
seg_stack:0783          db ?
seg_stack:0784          db ?
seg_stack:0785          db ?
seg_stack:0786          db ?
seg_stack:0787          db ?
seg_stack:0788          db ?
seg_stack:0789          db ?
seg_stack:078A          db ?
seg_stack:078B          db ?
seg_stack:078C          db ?
seg_stack:078D          db ?
seg_stack:078E          db ?
seg_stack:078F          db ?
seg_stack:0790          db ?
seg_stack:0791          db ?
seg_stack:0792          db ?
seg_stack:0793          db ?
seg_stack:0794          db ?
seg_stack:0795          db ?
seg_stack:0796          db ?
seg_stack:0797          db ?
seg_stack:0798          db ?
seg_stack:0799          db ?
seg_stack:079A          db ?
seg_stack:079B          db ?
seg_stack:079C          db ?
seg_stack:079D          db ?
seg_stack:079E          db ?
seg_stack:079F          db ?
seg_stack:07A0          db ?
seg_stack:07A1          db ?
seg_stack:07A2          db ?
seg_stack:07A3          db ?
seg_stack:07A4          db ?
seg_stack:07A5          db ?
seg_stack:07A6          db ?
seg_stack:07A7          db ?
seg_stack:07A8          db ?
seg_stack:07A9          db ?
seg_stack:07AA          db ?
seg_stack:07AB          db ?
seg_stack:07AC          db ?
seg_stack:07AD          db ?
seg_stack:07AE          db ?
seg_stack:07AF          db ?
seg_stack:07B0          db ?
seg_stack:07B1          db ?
seg_stack:07B2          db ?
seg_stack:07B3          db ?
seg_stack:07B4          db ?
seg_stack:07B5          db ?
seg_stack:07B6          db ?
seg_stack:07B7          db ?
seg_stack:07B8          db ?
seg_stack:07B9          db ?
seg_stack:07BA          db ?
seg_stack:07BB          db ?
seg_stack:07BC          db ?
seg_stack:07BD          db ?
seg_stack:07BE          db ?
seg_stack:07BF          db ?
seg_stack:07C0          db ?
seg_stack:07C1          db ?
seg_stack:07C2          db ?
seg_stack:07C3          db ?
seg_stack:07C4          db ?
seg_stack:07C5          db ?
seg_stack:07C6          db ?
seg_stack:07C7          db ?
seg_stack:07C8          db ?
seg_stack:07C9          db ?
seg_stack:07CA          db ?
seg_stack:07CB          db ?
seg_stack:07CC          db ?
seg_stack:07CD          db ?
seg_stack:07CE          db ?
seg_stack:07CF          db ?
seg_stack:07D0          db ?
seg_stack:07D1          db ?
seg_stack:07D2          db ?
seg_stack:07D3          db ?
seg_stack:07D4          db ?
seg_stack:07D5          db ?
seg_stack:07D6          db ?
seg_stack:07D7          db ?
seg_stack:07D8          db ?
seg_stack:07D9          db ?
seg_stack:07DA          db ?
seg_stack:07DB          db ?
seg_stack:07DC          db ?
seg_stack:07DD          db ?
seg_stack:07DE          db ?
seg_stack:07DF          db ?
seg_stack:07E0          db ?
seg_stack:07E1          db ?
seg_stack:07E2          db ?
seg_stack:07E3          db ?
seg_stack:07E4          db ?
seg_stack:07E5          db ?
seg_stack:07E6          db ?
seg_stack:07E7          db ?
seg_stack:07E8          db ?
seg_stack:07E9          db ?
seg_stack:07EA          db ?
seg_stack:07EB          db ?
seg_stack:07EC          db ?
seg_stack:07ED          db ?
seg_stack:07EE          db ?
seg_stack:07EF          db ?
seg_stack:07F0          db ?
seg_stack:07F1          db ?
seg_stack:07F2          db ?
seg_stack:07F3          db ?
seg_stack:07F4          db ?
seg_stack:07F5          db ?
seg_stack:07F6          db ?
seg_stack:07F7          db ?
seg_stack:07F8          db ?
seg_stack:07F9          db ?
seg_stack:07FA          db ?
seg_stack:07FB          db ?
seg_stack:07FC          db ?
seg_stack:07FD          db ?
seg_stack:07FE          db ?
seg_stack:07FF          db ?
seg_stack:07FF seg_stack       ends
seg_stack:07FF
seg_stack:0000          end start
